// T-Deck boot screen: 320x240 RGB565, generated by scripts/umc_make_splash.py.
// Ultimate MeshCore - by Daren Loxley 2E0LXY.
#pragma once

#include <stdint.h>

#define UMC_SPLASH_W 320
#define UMC_SPLASH_H 240

const uint16_t UMC_SPLASH[UMC_SPLASH_W * UMC_SPLASH_H] = {
  0x0000, 0x0000, 0x0000, 0x0000, 0x0000, 0x0000, 0x0000, 0x0000, 0x0000, 0x0000, 0x0000, 0x0000,
  0x0000, 0x0000, 0x0000, 0x0000, 0x0000, 0x0000, 0x0000, 0x0000, 0x0000, 0x0000, 0x0000, 0x0000,
  0x0000, 0x0000, 0x0000, 0x0000, 0x0000, 0x0000, 0x0000, 0x0000, 0x0021, 0x0001, 0x0001, 0x0000,
  0x0000, 0x0000, 0x0000, 0x0000, 0x0000, 0x0000, 0x0000, 0x0000, 0x0000, 0x0000, 0x0000, 0x0001,
  0x0021, 0x0000, 0x0000, 0x0000, 0x0000, 0x0000, 0x0000, 0x0000, 0x0000, 0x0000, 0x0000, 0x0000,
  0x0000, 0x0000, 0x0000, 0x0000, 0x0000, 0x0000, 0x0000, 0x0000, 0x0000, 0x0000, 0x0000, 0x0000,
  0x0000, 0x0000, 0x0000, 0x0000, 0x0000, 0x0000, 0x0001, 0x0001, 0x0001, 0x0001, 0x0021, 0x0021,
  0x0021, 0x0021, 0x0021, 0x0021, 0x0021, 0x0021, 0x0021, 0x0021, 0x0021, 0x0021, 0x0021, 0x0021,
  0x0021, 0x0021, 0x0021, 0x0021, 0x0021, 0x0021, 0x0022, 0x0021, 0x0022, 0x0022, 0x0022, 0x0022,
  0x0022, 0x0022, 0x0022, 0x0022, 0x0022, 0x0022, 0x0022, 0x0042, 0x0022, 0x0022, 0x0042, 0x0042,
  0x0042, 0x0042, 0x0042, 0x0042, 0x0883, 0x0042, 0x0042, 0x0084, 0x0042, 0x0042, 0x0042, 0x0022,
  0x0042, 0x0042, 0x0042, 0x0042, 0x0042, 0x0022, 0x0042, 0x0022, 0x0022, 0x0042, 0x0042, 0x0022,
  0x0042, 0x0042, 0x0022, 0x0022, 0x0022, 0x0042, 0x0042, 0x0022, 0x0022, 0x0022, 0x0022, 0x0042,
  0x0022, 0x0022, 0x0022, 0x0022, 0x0022, 0x0022, 0x0022, 0x0022, 0x0022, 0x0022, 0x0022, 0x0022,
  0x0021, 0x0021, 0x0021, 0x0021, 0x0021, 0x0021, 0x0021, 0x0021, 0x0021, 0x0021, 0x0021, 0x0021,
  0x0021, 0x0021, 0x0021, 0x0021, 0x0021, 0x0021, 0x0021, 0x0021, 0x0021, 0x0021, 0x0021, 0x0021,
  0x0021, 0x0021, 0x0021, 0x0001, 0x0001, 0x0001, 0x0001, 0x0001, 0x0001, 0x0001, 0x0001, 0x0001,
  0x0001, 0x0000, 0x0000, 0x0000, 0x0000, 0x0000, 0x0000, 0x0000, 0x0000, 0x0000, 0x0000, 0x0000,
  0x0000, 0x0000, 0x0000, 0x0065, 0x7D7D, 0x0044, 0x0000, 0x0000, 0x0000, 0x0000, 0x0000, 0x0000,
  0x0000, 0x0000, 0x0000, 0x0000, 0x0020, 0x0883, 0x0000, 0x0000, 0x0000, 0x0000, 0x0000, 0x0000,
  0x0000, 0x0000, 0x0000, 0x0000, 0x0000, 0x0000, 0x0000, 0x0000, 0x0000, 0x0000, 0x0000, 0x0000,
  0x0000, 0x0000, 0x0000, 0x0862, 0x10E4, 0x0000, 0x0000, 0x0000, 0x0000, 0x0000, 0x0000, 0x0000,
  0x0000, 0x0000, 0x0000, 0x0000, 0x0001, 0x0022, 0x0022, 0x0021, 0x0021, 0x0042, 0x0021, 0x0000,
  0x0003, 0x532E, 0xDEDB, 0x5B0C, 0x2145, 0x0021, 0x0000, 0x0000, 0x1966, 0x1148, 0x0023, 0x0064,
  0x0064, 0x0064, 0x0064, 0x0064, 0x0064, 0x0022, 0x0022, 0x0021, 0x0021, 0x0000, 0x0000, 0x0000,
  0x0000, 0x0000, 0x0000, 0x0000, 0x0000, 0x0000, 0x0000, 0x0000, 0x0000, 0x0000, 0x0000, 0x0000,
  0x0000, 0x0000, 0x0000, 0x0000, 0x0000, 0x0000, 0x0000, 0x0000, 0x0000, 0x0000, 0x0000, 0x0000,
  0x0000, 0x0000, 0x0000, 0x0000, 0x0000, 0x0000, 0x0000, 0x0000, 0x0000, 0x0000, 0x0000, 0x0000,
  0x0000, 0x0000, 0x0000, 0x0000, 0x0000, 0x0000, 0x0000, 0x0000, 0x0000, 0x0000, 0x0000, 0x0000,
  0x0000, 0x0000, 0x0000, 0x0000, 0x0000, 0x0000, 0x0000, 0x0000, 0x0000, 0x0000, 0x0000, 0x0000,
  0x0000, 0x0000, 0x0000, 0x0000, 0x0000, 0x0000, 0x0000, 0x0000, 0x0000, 0x0000, 0x0000, 0x0000,
  0x0000, 0x0000, 0x0000, 0x0000, 0x0000, 0x0842, 0x0020, 0x0000, 0x0000, 0x0000, 0x0000, 0x0000,
  0x0000, 0x0000, 0x0000, 0x0000, 0x0000, 0x0000, 0x0000, 0x0000, 0x0001, 0x0000, 0x0000, 0x0000,
  0x0001, 0x0001, 0x0001, 0x0001, 0x0001, 0x0021, 0x0021, 0x0021, 0x0021, 0x0042, 0x0021, 0x0021,
  0x0021, 0x0021, 0x0021, 0x0021, 0x0021, 0x0021, 0x0021, 0x0021, 0x0021, 0x0021, 0x0021, 0x0021,
  0x0022, 0x0021, 0x0021, 0x0022, 0x0022, 0x0022, 0x0022, 0x0022, 0x0022, 0x0022, 0x0022, 0x0022,
  0x0022, 0x0022, 0x0042, 0x0042, 0x0022, 0x0042, 0x0042, 0x0042, 0x0042, 0x0042, 0x0042, 0x0042,
  0x0042, 0x0042, 0x0042, 0x0042, 0x0042, 0x0042, 0x0042, 0x0043, 0x0042, 0x0042, 0x0042, 0x0042,
  0x0042, 0x0042, 0x0042, 0x0042, 0x0042, 0x0042, 0x0063, 0x0043, 0x0042, 0x0042, 0x0042, 0x0042,
  0x0042, 0x0042, 0x0042, 0x0022, 0x0022, 0x0022, 0x0022, 0x0022, 0x0022, 0x0022, 0x0042, 0x0042,
  0x0022, 0x0022, 0x0022, 0x0022, 0x0022, 0x0042, 0x0042, 0x0022, 0x0022, 0x0022, 0x0022, 0x0022,
  0x0022, 0x0022, 0x0022, 0x0022, 0x0021, 0x0021, 0x0021, 0x0021, 0x0021, 0x0021, 0x0021, 0x0021,
  0x0021, 0x0021, 0x0021, 0x0021, 0x0021, 0x0021, 0x0021, 0x0021, 0x0021, 0x0021, 0x0021, 0x0021,
  0x0021, 0x0021, 0x0001, 0x0001, 0x0001, 0x0001, 0x0001, 0x0001, 0x0000, 0x0001, 0x0001, 0x0000,
  0x0000, 0x0000, 0x0000, 0x0000, 0x0000, 0x0000, 0x0000, 0x0000, 0x0000, 0x0000, 0x0000, 0x0001,
  0x0001, 0x0000, 0x0000, 0x0000, 0x0000, 0x0000, 0x0000, 0x0000, 0x0000, 0x0000, 0x0000, 0x0000,
  0x0000, 0x0000, 0x0000, 0x0000, 0x0000, 0x0000, 0x0000, 0x0000, 0x0000, 0x0000, 0x0000, 0x0000,
  0x0000, 0x0000, 0x0000, 0x0000, 0x0000, 0x0000, 0x0000, 0x0000, 0x0000, 0x0000, 0x0000, 0x0000,
  0x0000, 0x0000, 0x0000, 0x0000, 0x0000, 0x0000, 0x0000, 0x0000, 0x0000, 0x0000, 0x0000, 0x0000,
  0x0001, 0x0021, 0x0001, 0x0021, 0x0021, 0x0022, 0x0021, 0x0000, 0x3A4B, 0x528B, 0x7BAE, 0x10A2,
  0x0881, 0x0000, 0x0000, 0x0000, 0x2A0A, 0x0022, 0x0022, 0x0043, 0x0043, 0x0043, 0x0043, 0x0042,
  0x0022, 0x0884, 0x0863, 0x0021, 0x0021, 0x0000, 0x0000, 0x0000, 0x0000, 0x0000, 0x0000, 0x0000,
  0x0000, 0x0000, 0x0000, 0x0000, 0x0000, 0x0000, 0x0000, 0x0000, 0x0000, 0x0000, 0x0000, 0x0000,
  0x0000, 0x0000, 0x0000, 0x0000, 0x0000, 0x0000, 0x0000, 0x0000, 0x0000, 0x0000, 0x0000, 0x08A4,
  0x0000, 0x0000, 0x0000, 0x0000, 0x0000, 0x0000, 0x0000, 0x0000, 0x0000, 0x0000, 0x0000, 0x0000,
  0x0000, 0x0000, 0x0000, 0x0000, 0x0000, 0x0000, 0x0000, 0x0000, 0x0000, 0x0000, 0x0000, 0x0000,
  0x0000, 0x0000, 0x0000, 0x0000, 0x0000, 0x0000, 0x0000, 0x0000, 0x0000, 0x0000, 0x0000, 0x0000,
  0x0000, 0x0000, 0x0000, 0x0000, 0x0000, 0x0000, 0x0000, 0x0000, 0x0000, 0x0000, 0x0000, 0x0000,
  0x0000, 0x0000, 0x0021, 0x0000, 0x0000, 0x0000, 0x0000, 0x0000, 0x0000, 0x0000, 0x0000, 0x0000,
  0x0000, 0x0000, 0x0000, 0x0001, 0x0001, 0x0000, 0x0042, 0x0022, 0x0001, 0x0001, 0x0001, 0x0001,
  0x0001, 0x0021, 0x0021, 0x0021, 0x0021, 0x0001, 0x0021, 0x0022, 0x0021, 0x0001, 0x0021, 0x0021,
  0x0021, 0x0021, 0x0021, 0x0021, 0x0021, 0x0022, 0x0042, 0x0863, 0x0022, 0x0022, 0x0021, 0x0022,
  0x0022, 0x0022, 0x0022, 0x0022, 0x0022, 0x0022, 0x0022, 0x0042, 0x0042, 0x0042, 0x0042, 0x0042,
  0x0042, 0x0042, 0x0042, 0x0042, 0x0042, 0x0042, 0x0042, 0x0042, 0x0042, 0x0042, 0x0042, 0x0042,
  0x0042, 0x0042, 0x0042, 0x0083, 0x0042, 0x0042, 0x0042, 0x0042, 0x0042, 0x0042, 0x0042, 0x0042,
  0x0042, 0x0042, 0x0042, 0x0083, 0x0042, 0x0042, 0x0042, 0x0042, 0x0042, 0x0042, 0x0042, 0x0022,
  0x0022, 0x0022, 0x0022, 0x0022, 0x0022, 0x0022, 0x0042, 0x0042, 0x0042, 0x0042, 0x0042, 0x0042,
  0x0042, 0x0042, 0x0022, 0x0022, 0x0022, 0x0022, 0x0022, 0x0022, 0x0022, 0x0022, 0x0022, 0x0022,
  0x0021, 0x0021, 0x0021, 0x0021, 0x0021, 0x0021, 0x0021, 0x0021, 0x0021, 0x0021, 0x0021, 0x0021,
  0x0021, 0x0021, 0x0001, 0x0021, 0x0021, 0x0021, 0x0021, 0x0021, 0x0021, 0x0021, 0x0001, 0x0001,
  0x0001, 0x0001, 0x0001, 0x0001, 0x0001, 0x0001, 0x0001, 0x0000, 0x0000, 0x0000, 0x0000, 0x0000,
  0x0000, 0x0000, 0x0000, 0x0000, 0x0000, 0x0000, 0x0000, 0x0000, 0x0000, 0x0000, 0x0000, 0x0000,
  0x0000, 0x0000, 0x0000, 0x0000, 0x0000, 0x0000, 0x0000, 0x0000, 0x0000, 0x0000, 0x0000, 0x0000,
  0x0021, 0x10C4, 0x0000, 0x0000, 0x0000, 0x0000, 0x0000, 0x0000, 0x0000, 0x0000, 0x0000, 0x0000,
  0x0000, 0x0000, 0x0000, 0x0000, 0x0000, 0x0000, 0x0000, 0x0000, 0x0000, 0x0000, 0x0000, 0x0000,
  0x0000, 0x0000, 0x0000, 0x0000, 0x0000, 0x0000, 0x0000, 0x0000, 0x0000, 0x0000, 0x0000, 0x0021,
  0x0021, 0x0021, 0x0001, 0x0002, 0x08A3, 0x0000, 0x2104, 0x0000, 0x0000, 0x0000, 0x0000, 0x2168,
  0x1127, 0x0000, 0x0042, 0x0042, 0x0042, 0x0042, 0x0042, 0x0022, 0x0022, 0x0863, 0x0842, 0x0001,
  0x0021, 0x0000, 0x0000, 0x0000, 0x0000, 0x0000, 0x0000, 0x0000, 0x0000, 0x0000, 0x0000, 0x0000,
  0x0000, 0x0000, 0x0000, 0x0000, 0x0000, 0x0000, 0x0000, 0x0000, 0x0000, 0x0000, 0x0000, 0x0000,
  0x0000, 0x0000, 0x0000, 0x0000, 0x0000, 0x0000, 0x0000, 0x0020, 0x0000, 0x0842, 0x0021, 0x0001,
  0x0000, 0x0000, 0x0000, 0x0000, 0x0000, 0x0000, 0x0000, 0x0000, 0x0000, 0x0000, 0x0000, 0x0000,
  0x0000, 0x0000, 0x0000, 0x0000, 0x0000, 0x0000, 0x0000, 0x0000, 0x0000, 0x0000, 0x0000, 0x0000,
  0x0000, 0x0000, 0x0000, 0x0000, 0x0000, 0x0000, 0x0000, 0x0000, 0x0000, 0x0000, 0x0000, 0x0000,
  0x0000, 0x0000, 0x0000, 0x0000, 0x0000, 0x0000, 0x0000, 0x0000, 0x0000, 0x0000, 0x0000, 0x0000,
  0x0000, 0x0000, 0x0000, 0x0000, 0x0000, 0x0000, 0x0000, 0x0000, 0x0000, 0x0001, 0x0000, 0x0000,
  0x0000, 0x0000, 0x1905, 0x08A4, 0x0001, 0x0001, 0x0001, 0x0001, 0x0021, 0x0021, 0x0021, 0x0021,
  0x0021, 0x0021, 0x0021, 0x0021, 0x0022, 0x0863, 0x0021, 0x0021, 0x0001, 0x0001, 0x0021, 0x0021,
  0x0001, 0x0063, 0x0063, 0x0042, 0x0022, 0x0022, 0x0022, 0x0022, 0x0022, 0x0022, 0x0022, 0x0022,
  0x0022, 0x0022, 0x0022, 0x0042, 0x0042, 0x0042, 0x0042, 0x0042, 0x0043, 0x0043, 0x0043, 0x0063,
  0x0063, 0x0043, 0x0043, 0x0043, 0x0042, 0x0042, 0x0042, 0x0043, 0x0043, 0x0043, 0x0042, 0x0042,
  0x0043, 0x0043, 0x0043, 0x0043, 0x0043, 0x0043, 0x0043, 0x0043, 0x0043, 0x0043, 0x0043, 0x0043,
  0x0043, 0x0043, 0x0043, 0x0043, 0x0042, 0x0042, 0x0042, 0x0042, 0x0042, 0x0042, 0x0042, 0x0042,
  0x0042, 0x0042, 0x0042, 0x0042, 0x0022, 0x0022, 0x0022, 0x0022, 0x0022, 0x0042, 0x0042, 0x0022,
  0x0022, 0x0022, 0x0022, 0x0022, 0x0022, 0x0022, 0x0022, 0x0022, 0x0022, 0x0022, 0x0021, 0x0022,
  0x0001, 0x0021, 0x0022, 0x0022, 0x0021, 0x0021, 0x0021, 0x0021, 0x0021, 0x0021, 0x0021, 0x0021,
  0x0021, 0x0021, 0x0021, 0x0021, 0x0021, 0x0021, 0x0021, 0x0021, 0x0021, 0x0001, 0x0001, 0x0001,
  0x0001, 0x0001, 0x0001, 0x0001, 0x0001, 0x0001, 0x0021, 0x0001, 0x0001, 0x0001, 0x0000, 0x0000,
  0x0000, 0x0000, 0x0000, 0x0000, 0x0000, 0x0000, 0x0000, 0x0000, 0x0000, 0x0000, 0x0000, 0x0000,
  0x0000, 0x0000, 0x0000, 0x0000, 0x0000, 0x0000, 0x0000, 0x0000, 0x10C3, 0x4B2F, 0x0000, 0x0000,
  0x0000, 0x0000, 0x0000, 0x0000, 0x0000, 0x0000, 0x0000, 0x0000, 0x0000, 0x0000, 0x0000, 0x0000,
  0x0000, 0x0000, 0x0000, 0x0000, 0x0000, 0x0000, 0x0000, 0x0000, 0x0000, 0x0000, 0x0000, 0x0000,
  0x0000, 0x0000, 0x1083, 0x0001, 0x0000, 0x0000, 0x0000, 0x0001, 0x0021, 0x0021, 0x0000, 0x0001,
  0x0082, 0xB596, 0x8410, 0x0000, 0x0000, 0x0000, 0x0000, 0x21EA, 0x0022, 0x0002, 0x0042, 0x0042,
  0x0042, 0x0042, 0x0022, 0x0021, 0x0021, 0x0021, 0x0001, 0x0021, 0x0021, 0x0000, 0x0000, 0x0000,
  0x0000, 0x0000, 0x0000, 0x0000, 0x0000, 0x0000, 0x0000, 0x0000, 0x0000, 0x0000, 0x0000, 0x0000,
  0x0000, 0x0000, 0x0000, 0x0000, 0x0000, 0x0000, 0x0000, 0x0000, 0x0000, 0x0000, 0x0000, 0x0000,
  0x0000, 0x0000, 0x0000, 0x0000, 0x0000, 0x0000, 0x0000, 0x0041, 0x0000, 0x0000, 0x0000, 0x0000,
  0x0000, 0x0000, 0x0000, 0x0000, 0x0000, 0x0000, 0x0000, 0x0000, 0x0000, 0x0000, 0x0000, 0x0000,
  0x0000, 0x0000, 0x0000, 0x0000, 0x0000, 0x0000, 0x0000, 0x0000, 0x0000, 0x0000, 0x0000, 0x0000,
  0x0000, 0x0000, 0x0000, 0x0000, 0x0000, 0x0000, 0x0000, 0x0000, 0x0000, 0x0000, 0x0000, 0x0000,
  0x0000, 0x0000, 0x0000, 0x0000, 0x0000, 0x0000, 0x0000, 0x0000, 0x0000, 0x0000, 0x0000, 0x0000,
  0x0000, 0x0000, 0x0000, 0x0000, 0x0000, 0x0001, 0x0000, 0x0000, 0x0000, 0x0001, 0x0000, 0x0001,
  0x0021, 0x0001, 0x0001, 0x0001, 0x0021, 0x0021, 0x0021, 0x0021, 0x0021, 0x0021, 0x0021, 0x0021,
  0x0022, 0x0042, 0x0022, 0x0001, 0x10C5, 0x0064, 0x0021, 0x0022, 0x0022, 0x0022, 0x0022, 0x0042,
  0x0022, 0x0022, 0x0022, 0x0022, 0x0042, 0x0042, 0x0022, 0x0042, 0x0042, 0x0042, 0x0042, 0x0042,
  0x0042, 0x0042, 0x0042, 0x0043, 0x0043, 0x0043, 0x0043, 0x0043, 0x0063, 0x0043, 0x0043, 0x0043,
  0x0063, 0x0042, 0x0042, 0x0063, 0x0043, 0x0043, 0x0043, 0x0043, 0x0043, 0x0043, 0x0043, 0x0043,
  0x0043, 0x0043, 0x0043, 0x0063, 0x0043, 0x0043, 0x0043, 0x08A4, 0x0043, 0x0043, 0x0043, 0x0043,
  0x0043, 0x0042, 0x0042, 0x0043, 0x0043, 0x0042, 0x0042, 0x0042, 0x0042, 0x0042, 0x0042, 0x0042,
  0x0042, 0x0042, 0x0042, 0x0042, 0x0022, 0x0042, 0x0042, 0x0042, 0x0022, 0x0022, 0x0022, 0x0022,
  0x0022, 0x0022, 0x0022, 0x0022, 0x0022, 0x0022, 0x0022, 0x0022, 0x21A8, 0x0883, 0x0022, 0x0022,
  0x0021, 0x0021, 0x0021, 0x0022, 0x0021, 0x0021, 0x0021, 0x0021, 0x0021, 0x0021, 0x0021, 0x0021,
  0x0021, 0x0021, 0x0021, 0x0021, 0x0021, 0x0001, 0x0001, 0x0001, 0x0001, 0x0001, 0x0001, 0x0001,
  0x0001, 0x0001, 0x0001, 0x0001, 0x0001, 0x0000, 0x0000, 0x0000, 0x0000, 0x0000, 0x0000, 0x0000,
  0x0000, 0x0000, 0x0041, 0x0000, 0x0000, 0x0000, 0x0000, 0x0000, 0x0000, 0x0000, 0x0000, 0x0000,
  0x0000, 0x0000, 0x0000, 0x0000, 0x0000, 0x0000, 0x0000, 0x0000, 0x0000, 0x0000, 0x0000, 0x0000,
  0x0000, 0x0000, 0x0000, 0x0000, 0x0000, 0x0000, 0x0000, 0x0000, 0x0000, 0x0000, 0x0000, 0x0000,
  0x0000, 0x0000, 0x0000, 0x0000, 0x0000, 0x0000, 0x0000, 0x0000, 0x0841, 0x0000, 0x0000, 0x0000,
  0x0000, 0x0000, 0x0000, 0x0001, 0x0001, 0x0000, 0x0000, 0x0000, 0x63AF, 0xBDD7, 0x0881, 0x0000,
  0x0000, 0x0000, 0x08A4, 0x1106, 0x0001, 0x0042, 0x0022, 0x0022, 0x0022, 0x0022, 0x0021, 0x0021,
  0x0021, 0x0001, 0x0001, 0x0001, 0x0021, 0x0041, 0x0000, 0x0000, 0x0000, 0x0000, 0x0000, 0x0000,
  0x0000, 0x0000, 0x0000, 0x0000, 0x0000, 0x0000, 0x0000, 0x0000, 0x0000, 0x0000, 0x0000, 0x0000,
  0x0000, 0x0000, 0x0000, 0x0000, 0x0000, 0x0000, 0x0000, 0x0000, 0x0000, 0x0000, 0x0000, 0x0000,
  0x0000, 0x0000, 0x0000, 0x0000, 0x0000, 0x0000, 0x0000, 0x0000, 0x0842, 0x0863, 0x0000, 0x0000,
  0x0000, 0x0000, 0x0000, 0x0000, 0x0000, 0x0000, 0x0000, 0x0000, 0x0000, 0x0000, 0x0000, 0x0000,
  0x0000, 0x0000, 0x0000, 0x0000, 0x0000, 0x0000, 0x0000, 0x0000, 0x0000, 0x0000, 0x0000, 0x0000,
  0x0000, 0x0000, 0x0000, 0x0000, 0x0000, 0x0000, 0x0000, 0x0000, 0x0000, 0x0000, 0x0000, 0x0000,
  0x0000, 0x0000, 0x0000, 0x0000, 0x0000, 0x0000, 0x0000, 0x0000, 0x0000, 0x0000, 0x0000, 0x0000,
  0x0000, 0x0001, 0x0001, 0x0000, 0x0000, 0x0001, 0x0001, 0x0001, 0x0001, 0x0001, 0x0001, 0x0001,
  0x0021, 0x0021, 0x0021, 0x0021, 0x0021, 0x0021, 0x0021, 0x0021, 0x0021, 0x0022, 0x0022, 0x0001,
  0x10C4, 0x0083, 0x0001, 0x0022, 0x0042, 0x0022, 0x0042, 0x0042, 0x0042, 0x0022, 0x0022, 0x0022,
  0x0042, 0x0042, 0x0042, 0x0042, 0x0042, 0x0042, 0x0042, 0x0042, 0x0042, 0x0042, 0x0043, 0x0063,
  0x0043, 0x0043, 0x0043, 0x0043, 0x0063, 0x0063, 0x0043, 0x0063, 0x0884, 0x0043, 0x0063, 0x0063,
  0x0063, 0x0063, 0x0063, 0x0063, 0x0023, 0x0062, 0x0063, 0x0063, 0x0063, 0x0043, 0x0063, 0x0063,
  0x0063, 0x0043, 0x0043, 0x0043, 0x0043, 0x0043, 0x0043, 0x0042, 0x0043, 0x0063, 0x0062, 0x0043,
  0x0043, 0x0043, 0x0043, 0x0043, 0x0043, 0x0043, 0x0043, 0x0042, 0x0042, 0x0042, 0x0042, 0x0042,
  0x0042, 0x0042, 0x0042, 0x0042, 0x0042, 0x0042, 0x0042, 0x0042, 0x0042, 0x0042, 0x0022, 0x0022,
  0x0022, 0x0022, 0x0042, 0x08C5, 0x0043, 0x0042, 0x0022, 0x0022, 0x0021, 0x0021, 0x0022, 0x0043,
  0x0021, 0x0021, 0x0021, 0x0021, 0x0021, 0x0021, 0x0021, 0x0021, 0x0021, 0x0021, 0x0021, 0x0021,
  0x0021, 0x0021, 0x0001, 0x0001, 0x0001, 0x0001, 0x0001, 0x0001, 0x0001, 0x0001, 0x0001, 0x0001,
  0x0001, 0x0001, 0x0000, 0x0000, 0x0000, 0x0000, 0x0000, 0x0000, 0x0000, 0x0000, 0x0000, 0x0000,
  0x0000, 0x0000, 0x0000, 0x0000, 0x0000, 0x0000, 0x0000, 0x0000, 0x0000, 0x0000, 0x0000, 0x0000,
  0x0000, 0x0000, 0x0000, 0x0000, 0x0000, 0x0000, 0x0000, 0x0000, 0x0000, 0x0000, 0x0882, 0x0020,
  0x0000, 0x0000, 0x0000, 0x0000, 0x0000, 0x0000, 0x0000, 0x0000, 0x0000, 0x0000, 0x0000, 0x0000,
  0x0000, 0x0000, 0x0000, 0x0000, 0x0000, 0x0000, 0x0000, 0x0000, 0x0000, 0x0000, 0x0000, 0x0000,
  0x0000, 0x0000, 0x0000, 0x0083, 0xA576, 0x7B8E, 0x0000, 0x0000, 0x08C5, 0x21C9, 0x0063, 0x0002,
  0x0022, 0x0021, 0x0021, 0x0021, 0x0021, 0x0021, 0x0021, 0x0021, 0x0021, 0x0001, 0x0001, 0x0000,
  0x0000, 0x0000, 0x0000, 0x0000, 0x0000, 0x0000, 0x0000, 0x0000, 0x0000, 0x0000, 0x0000, 0x0000,
  0x0000, 0x0000, 0x0000, 0x0000, 0x0000, 0x0000, 0x0000, 0x0000, 0x0000, 0x0000, 0x0000, 0x0000,
  0x0000, 0x0000, 0x0000, 0x0000, 0x0000, 0x0000, 0x0000, 0x0000, 0x0000, 0x0000, 0x0000, 0x0000,
  0x0000, 0x0000, 0x0000, 0x0000, 0x0021, 0x0842, 0x0000, 0x0000, 0x0000, 0x0000, 0x0000, 0x0000,
  0x0000, 0x0000, 0x0000, 0x0000, 0x0000, 0x0000, 0x0000, 0x0000, 0x0000, 0x0000, 0x0000, 0x0000,
  0x08A3, 0x1988, 0x0000, 0x0000, 0x0000, 0x0000, 0x0000, 0x0000, 0x0000, 0x0000, 0x0000, 0x0000,
  0x0000, 0x0000, 0x0000, 0x0000, 0x0000, 0x0000, 0x0000, 0x0000, 0x0000, 0x0000, 0x0000, 0x0000,
  0x0000, 0x0000, 0x0000, 0x0000, 0x0000, 0x0000, 0x0000, 0x0000, 0x0000, 0x0001, 0x0001, 0x0001,
  0x0001, 0x0001, 0x0001, 0x0000, 0x0001, 0x0022, 0x0021, 0x0021, 0x0021, 0x0021, 0x0021, 0x0021,
  0x0021, 0x0021, 0x0021, 0x0021, 0x0021, 0x0022, 0x0022, 0x0022, 0x0001, 0x0001, 0x10E5, 0x0042,
  0x0021, 0x0022, 0x0042, 0x0042, 0x0042, 0x0022, 0x0022, 0x0022, 0x0042, 0x0042, 0x0042, 0x0042,
  0x0042, 0x0043, 0x0043, 0x0042, 0x0042, 0x0043, 0x0063, 0x0063, 0x0063, 0x0043, 0x0043, 0x0043,
  0x0063, 0x0063, 0x0063, 0x0063, 0x0063, 0x0063, 0x0063, 0x0063, 0x0063, 0x0063, 0x0063, 0x0043,
  0x00C5, 0x0083, 0x0063, 0x0063, 0x0063, 0x0063, 0x0063, 0x0063, 0x0063, 0x0063, 0x0063, 0x0063,
  0x0063, 0x0063, 0x0063, 0x0063, 0x0063, 0x0023, 0x0023, 0x0063, 0x0063, 0x0043, 0x0043, 0x0063,
  0x0043, 0x0043, 0x0043, 0x0043, 0x0043, 0x0042, 0x0042, 0x0043, 0x0043, 0x0042, 0x0042, 0x0042,
  0x0042, 0x0042, 0x0042, 0x0042, 0x0042, 0x0042, 0x0042, 0x0042, 0x0042, 0x0042, 0x0042, 0x0002,
  0x0001, 0x0021, 0x0022, 0x0022, 0x0021, 0x0021, 0x0022, 0x0022, 0x0022, 0x0021, 0x0021, 0x0021,
  0x0021, 0x0021, 0x0021, 0x0021, 0x0021, 0x0021, 0x0021, 0x0021, 0x0021, 0x0021, 0x0021, 0x0021,
  0x0021, 0x0001, 0x0001, 0x0021, 0x0021, 0x0021, 0x0001, 0x0001, 0x0001, 0x0001, 0x0000, 0x0000,
  0x0000, 0x0000, 0x0000, 0x0020, 0x0000, 0x0842, 0x0001, 0x0000, 0x0000, 0x0000, 0x0000, 0x0000,
  0x0000, 0x0000, 0x0000, 0x0000, 0x0000, 0x0000, 0x0000, 0x0000, 0x0000, 0x0000, 0x0000, 0x0000,
  0x0000, 0x0000, 0x0000, 0x0000, 0x0000, 0x0000, 0x0001, 0x0000, 0x0000, 0x0000, 0x0000, 0x0000,
  0x0000, 0x0000, 0x0000, 0x0000, 0x0000, 0x0000, 0x0000, 0x0000, 0x0000, 0x0000, 0x0000, 0x0000,
  0x0000, 0x0000, 0x0000, 0x0000, 0x0000, 0x0000, 0x0000, 0x0000, 0x0000, 0x0000, 0x0000, 0x3AAB,
  0xB595, 0x20E3, 0x0000, 0x0000, 0x2ACE, 0x1107, 0x0000, 0x0001, 0x0021, 0x0021, 0x0021, 0x0021,
  0x0021, 0x0021, 0x0021, 0x0021, 0x0001, 0x0001, 0x0000, 0x0000, 0x0000, 0x0000, 0x0000, 0x0000,
  0x0000, 0x0000, 0x0000, 0x0000, 0x0000, 0x0000, 0x0000, 0x0000, 0x0000, 0x0000, 0x0000, 0x0000,
  0x0000, 0x0000, 0x0000, 0x0000, 0x0000, 0x0000, 0x0000, 0x0000, 0x0000, 0x0000, 0x0000, 0x0000,
  0x0000, 0x0000, 0x0000, 0x0000, 0x0000, 0x0000, 0x0000, 0x0000, 0x0000, 0x0000, 0x0000, 0x0000,
  0x0000, 0x0000, 0x0000, 0x0000, 0x0000, 0x0000, 0x0000, 0x0000, 0x0000, 0x0000, 0x0000, 0x0000,
  0x0000, 0x0000, 0x0000, 0x0000, 0x0000, 0x0000, 0x0000, 0x0000, 0x0021, 0x08C4, 0x0000, 0x0000,
  0x0000, 0x0001, 0x0000, 0x0000, 0x0000, 0x0000, 0x0000, 0x0000, 0x0000, 0x0000, 0x0000, 0x0000,
  0x0000, 0x0000, 0x0000, 0x0000, 0x0000, 0x0000, 0x0000, 0x0000, 0x0000, 0x0000, 0x0000, 0x0000,
  0x0000, 0x0000, 0x0000, 0x0000, 0x0000, 0x0001, 0x0001, 0x0001, 0x0001, 0x0001, 0x0001, 0x0001,
  0x0021, 0x0022, 0x0021, 0x0021, 0x0021, 0x0021, 0x0021, 0x0021, 0x0021, 0x0022, 0x0022, 0x0022,
  0x0022, 0x0022, 0x0022, 0x0022, 0x0042, 0x0021, 0x10C5, 0x0042, 0x0022, 0x0042, 0x0042, 0x0042,
  0x0042, 0x0042, 0x0042, 0x0042, 0x0063, 0x0043, 0x0043, 0x0043, 0x0043, 0x0043, 0x0043, 0x0043,
  0x0063, 0x0083, 0x0063, 0x0063, 0x0063, 0x0063, 0x0063, 0x0063, 0x0063, 0x0063, 0x0063, 0x0063,
  0x0063, 0x0063, 0x0063, 0x0063, 0x0063, 0x0063, 0x0063, 0x0023, 0x1968, 0x0084, 0x0043, 0x0064,
  0x0063, 0x0063, 0x00A4, 0x0063, 0x0063, 0x0063, 0x0063, 0x0063, 0x0063, 0x0063, 0x0063, 0x0063,
  0x0001, 0x52D2, 0x31EC, 0x0001, 0x0063, 0x0063, 0x0063, 0x0062, 0x0022, 0x0043, 0x0043, 0x0043,
  0x0043, 0x0043, 0x0043, 0x0043, 0x0043, 0x0043, 0x0043, 0x0043, 0x0042, 0x0042, 0x0042, 0x0042,
  0x0042, 0x0042, 0x0042, 0x0042, 0x0042, 0x0021, 0x0043, 0x1906, 0x0002, 0x0022, 0x0022, 0x0022,
  0x0021, 0x0001, 0x0041, 0x0021, 0x0001, 0x0022, 0x0022, 0x0021, 0x0021, 0x0021, 0x0021, 0x0021,
  0x0021, 0x0021, 0x0021, 0x0021, 0x0021, 0x0021, 0x0021, 0x0021, 0x0021, 0x0021, 0x0001, 0x0021,
  0x0021, 0x0021, 0x0001, 0x0001, 0x0001, 0x0001, 0x0000, 0x0000, 0x0001, 0x0000, 0x08A3, 0x08A4,
  0x0000, 0x0021, 0x0001, 0x0000, 0x0000, 0x0000, 0x0000, 0x0000, 0x0000, 0x0000, 0x0021, 0x0000,
  0x0000, 0x0000, 0x0000, 0x0000, 0x0000, 0x0000, 0x0000, 0x0000, 0x0000, 0x0000, 0x0000, 0x0000,
  0x0000, 0x0000, 0x0061, 0x0000, 0x0000, 0x0000, 0x0000, 0x0000, 0x0000, 0x0000, 0x0000, 0x0000,
  0x0000, 0x0021, 0x1106, 0x0882, 0x0000, 0x0000, 0x0000, 0x0000, 0x0000, 0x0000, 0x0000, 0x0000,
  0x0000, 0x0000, 0x0000, 0x0000, 0x0000, 0x0000, 0x0043, 0x9534, 0x7BCD, 0x0000, 0x0000, 0x10C5,
  0x3AEF, 0x0000, 0x0000, 0x0021, 0x0001, 0x0021, 0x0021, 0x0001, 0x0021, 0x0021, 0x0000, 0x0001,
  0x0000, 0x0000, 0x0000, 0x0000, 0x0000, 0x0000, 0x0000, 0x0000, 0x0000, 0x0000, 0x0000, 0x0000,
  0x0000, 0x0000, 0x0000, 0x0000, 0x0000, 0x0000, 0x0000, 0x0000, 0x0000, 0x0000, 0x0000, 0x0000,
  0x0000, 0x0000, 0x0000, 0x0000, 0x0000, 0x0000, 0x0000, 0x0000, 0x0000, 0x0000, 0x0000, 0x0000,
  0x0000, 0x0000, 0x0000, 0x0000, 0x0000, 0x0000, 0x0000, 0x0000, 0x0000, 0x0000, 0x0000, 0x0000,
  0x0000, 0x0000, 0x0000, 0x0000, 0x0000, 0x0000, 0x0000, 0x0000, 0x0000, 0x0000, 0x0000, 0x0000,
  0x0000, 0x0000, 0x0000, 0x0000, 0x0000, 0x0000, 0x0000, 0x0000, 0x0000, 0x0000, 0x0000, 0x0000,
  0x0000, 0x0000, 0x0000, 0x0000, 0x0000, 0x0000, 0x0000, 0x0000, 0x0000, 0x0000, 0x0000, 0x0000,
  0x0000, 0x0000, 0x0000, 0x0000, 0x0000, 0x0000, 0x0000, 0x0000, 0x0001, 0x0001, 0x0001, 0x0001,
  0x0001, 0x0001, 0x0001, 0x0001, 0x0001, 0x0021, 0x0001, 0x0001, 0x0021, 0x0021, 0x0021, 0x0022,
  0x0021, 0x0021, 0x0021, 0x0021, 0x0021, 0x0022, 0x0022, 0x0022, 0x0042, 0x0022, 0x0022, 0x0022,
  0x0022, 0x0042, 0x0021, 0x0042, 0x0042, 0x0042, 0x0042, 0x0042, 0x0042, 0x0042, 0x0043, 0x0043,
  0x0043, 0x0043, 0x0063, 0x0063, 0x0063, 0x0063, 0x0063, 0x0063, 0x0063, 0x0063, 0x0063, 0x0063,
  0x0063, 0x0063, 0x0063, 0x0063, 0x0063, 0x0063, 0x0063, 0x0064, 0x0063, 0x0063, 0x0063, 0x0064,
  0x0064, 0x0064, 0x0064, 0x0064, 0x0043, 0x0064, 0x0064, 0x0064, 0x0084, 0x0084, 0x0084, 0x0084,
  0x0083, 0x0064, 0x0064, 0x0063, 0x0063, 0x0063, 0x0063, 0x0063, 0x0063, 0x08C7, 0x00A5, 0x0042,
  0x0063, 0x0063, 0x0043, 0x08C6, 0x1947, 0x0043, 0x0063, 0x0063, 0x0043, 0x0043, 0x0043, 0x0043,
  0x0043, 0x0043, 0x0043, 0x0043, 0x0043, 0x0042, 0x0042, 0x0042, 0x0042, 0x0042, 0x0042, 0x0022,
  0x0022, 0x0022, 0x0042, 0x0043, 0x0022, 0x0042, 0x0042, 0x0021, 0x0041, 0x0001, 0x0001, 0x0002,
  0x0001, 0x0021, 0x0022, 0x0021, 0x0021, 0x0021, 0x0021, 0x0021, 0x0021, 0x0001, 0x0001, 0x0001,
  0x0001, 0x0001, 0x0021, 0x0021, 0x0021, 0x0021, 0x0021, 0x0021, 0x0021, 0x0021, 0x0021, 0x0001,
  0x0001, 0x0001, 0x0001, 0x0001, 0x0001, 0x0000, 0x0001, 0x0000, 0x0001, 0x0001, 0x0000, 0x0000,
  0x0000, 0x0001, 0x0000, 0x0000, 0x0000, 0x0000, 0x0000, 0x0000, 0x0000, 0x0000, 0x0000, 0x0000,
  0x0000, 0x0000, 0x0000, 0x0000, 0x0000, 0x0041, 0x0041, 0x0000, 0x0000, 0x0000, 0x0000, 0x0000,
  0x0000, 0x0000, 0x0000, 0x0000, 0x0000, 0x0000, 0x0000, 0x0000, 0x0000, 0x0021, 0x2188, 0x0883,
  0x0000, 0x0000, 0x0000, 0x0000, 0x0000, 0x0000, 0x0000, 0x0000, 0x0000, 0x0000, 0x0000, 0x0000,
  0x0000, 0x0000, 0x3AAC, 0xBE17, 0x20E3, 0x0000, 0x0000, 0x3B2F, 0x1106, 0x0000, 0x0001, 0x0001,
  0x0001, 0x0001, 0x0001, 0x0001, 0x0001, 0x0001, 0x0000, 0x0000, 0x0000, 0x0000, 0x0000, 0x0000,
  0x0000, 0x0000, 0x0000, 0x0000, 0x0020, 0x0000, 0x0000, 0x0000, 0x0000, 0x0000, 0x0000, 0x0000,
  0x0000, 0x0000, 0x0000, 0x0000, 0x0000, 0x0000, 0x0000, 0x0000, 0x0000, 0x0000, 0x0000, 0x0000,
  0x0000, 0x0000, 0x0000, 0x0000, 0x0000, 0x0020, 0x0000, 0x0000, 0x0000, 0x0000, 0x0000, 0x0000,
  0x0000, 0x0000, 0x0000, 0x0000, 0x0000, 0x0000, 0x0000, 0x0021, 0x0000, 0x0000, 0x0000, 0x0000,
  0x0000, 0x0000, 0x0000, 0x0000, 0x0000, 0x0000, 0x0000, 0x0000, 0x0000, 0x0000, 0x0000, 0x0000,
  0x0000, 0x0000, 0x0000, 0x0000, 0x10A3, 0x0000, 0x0000, 0x0000, 0x0000, 0x0000, 0x0000, 0x0000,
  0x0000, 0x0000, 0x0000, 0x0000, 0x0000, 0x0000, 0x0000, 0x0000, 0x0000, 0x0000, 0x0000, 0x0000,
  0x0000, 0x0000, 0x0000, 0x0000, 0x0021, 0x0001, 0x0001, 0x0001, 0x0001, 0x0001, 0x0001, 0x0021,
  0x0021, 0x0021, 0x0021, 0x0021, 0x0021, 0x0021, 0x0022, 0x0022, 0x0022, 0x0022, 0x0022, 0x0022,
  0x0022, 0x0022, 0x0022, 0x0022, 0x0042, 0x0042, 0x0022, 0x0022, 0x0042, 0x0042, 0x0042, 0x0042,
  0x0042, 0x0042, 0x0042, 0x0042, 0x0042, 0x0043, 0x0043, 0x0043, 0x0043, 0x0063, 0x0063, 0x0063,
  0x0063, 0x0063, 0x0063, 0x0063, 0x0063, 0x0063, 0x0063, 0x0063, 0x0063, 0x0063, 0x0063, 0x0063,
  0x0064, 0x0064, 0x0084, 0x0084, 0x0084, 0x0084, 0x0084, 0x0084, 0x0084, 0x0084, 0x0064, 0x0064,
  0x0084, 0x0084, 0x0084, 0x0084, 0x0084, 0x0084, 0x0084, 0x0084, 0x0084, 0x0084, 0x0084, 0x0084,
  0x0084, 0x0084, 0x0084, 0x0064, 0x0084, 0x0064, 0x0063, 0x0064, 0x0064, 0x0063, 0x0063, 0x0084,
  0x0084, 0x0064, 0x0064, 0x0064, 0x0063, 0x0063, 0x0063, 0x0063, 0x0063, 0x0063, 0x0043, 0x0043,
  0x0043, 0x0043, 0x0042, 0x0042, 0x0042, 0x0042, 0x0042, 0x0042, 0x0042, 0x0022, 0x0022, 0x0022,
  0x0022, 0x0022, 0x0042, 0x0041, 0x0042, 0x0001, 0x5C99, 0x3AF3, 0x0000, 0x0041, 0x0022, 0x0021,
  0x0021, 0x0021, 0x0021, 0x0021, 0x0021, 0x0021, 0x0001, 0x0001, 0x0001, 0x0001, 0x0001, 0x0021,
  0x0021, 0x0021, 0x0021, 0x0021, 0x0021, 0x0021, 0x0001, 0x0021, 0x0862, 0x0000, 0x0001, 0x0001,
  0x0001, 0x0001, 0x0001, 0x0021, 0x0001, 0x0001, 0x0001, 0x0001, 0x0001, 0x0001, 0x0000, 0x0000,
  0x0000, 0x0000, 0x0000, 0x0000, 0x0000, 0x0000, 0x0000, 0x0000, 0x0000, 0x0000, 0x0000, 0x0000,
  0x0000, 0x0040, 0x0041, 0x0000, 0x0000, 0x0000, 0x0000, 0x0000, 0x0000, 0x0000, 0x0000, 0x0000,
  0x0000, 0x0000, 0x0000, 0x0020, 0x0021, 0x0000, 0x0000, 0x0000, 0x0000, 0x0000, 0x0000, 0x0000,
  0x0000, 0x0000, 0x0000, 0x0000, 0x0000, 0x0000, 0x0000, 0x0000, 0x0000, 0x0042, 0x9555, 0x8C51,
  0x0000, 0x0000, 0x0083, 0x3B51, 0x0000, 0x0000, 0x0001, 0x0001, 0x0000, 0x0000, 0x0000, 0x0000,
  0x0000, 0x0000, 0x0000, 0x0000, 0x0000, 0x0000, 0x0000, 0x0000, 0x0000, 0x0000, 0x0000, 0x0000,
  0x0041, 0x0862, 0x0000, 0x0000, 0x0000, 0x0000, 0x0000, 0x0000, 0x0000, 0x0000, 0x0000, 0x0000,
  0x0000, 0x0000, 0x0000, 0x0000, 0x0000, 0x0000, 0x0000, 0x0000, 0x0000, 0x0000, 0x0000, 0x0000,
  0x0000, 0x0000, 0x0000, 0x0000, 0x0000, 0x0000, 0x0000, 0x0000, 0x0000, 0x0000, 0x0000, 0x0000,
  0x0000, 0x0000, 0x0000, 0x0000, 0x0000, 0x0000, 0x0000, 0x0000, 0x0000, 0x0000, 0x0000, 0x0000,
  0x0000, 0x0000, 0x0000, 0x0000, 0x0000, 0x0000, 0x0000, 0x0000, 0x0000, 0x0000, 0x0000, 0x0000,
  0x0000, 0x0000, 0x0000, 0x0000, 0x0000, 0x0000, 0x0000, 0x0000, 0x0000, 0x0000, 0x0000, 0x0000,
  0x0000, 0x0000, 0x0000, 0x0000, 0x0000, 0x0000, 0x0000, 0x0000, 0x0000, 0x0000, 0x0001, 0x0001,
  0x0021, 0x0021, 0x0001, 0x0001, 0x0001, 0x0001, 0x0021, 0x0001, 0x0021, 0x0021, 0x0021, 0x0021,
  0x0021, 0x0021, 0x0021, 0x0022, 0x0022, 0x0042, 0x0022, 0x0022, 0x0022, 0x0042, 0x0022, 0x0022,
  0x0042, 0x0042, 0x0042, 0x0042, 0x0042, 0x0042, 0x0042, 0x0042, 0x0042, 0x0042, 0x0042, 0x0043,
  0x0043, 0x0043, 0x0043, 0x0063, 0x0063, 0x0063, 0x0063, 0x0063, 0x0063, 0x0063, 0x0063, 0x0063,
  0x0063, 0x0064, 0x0064, 0x0084, 0x0084, 0x0084, 0x0084, 0x0084, 0x0084, 0x0084, 0x0084, 0x0084,
  0x0084, 0x0084, 0x0084, 0x0084, 0x0084, 0x0084, 0x0084, 0x0084, 0x0084, 0x0084, 0x0084, 0x0084,
  0x0084, 0x0084, 0x0084, 0x0084, 0x0084, 0x0084, 0x0084, 0x0084, 0x0084, 0x0084, 0x0084, 0x0084,
  0x0084, 0x0084, 0x0084, 0x0084, 0x0084, 0x0084, 0x0084, 0x0084, 0x0084, 0x0063, 0x0064, 0x0064,
  0x0063, 0x0063, 0x0063, 0x0063, 0x0063, 0x0063, 0x0063, 0x0063, 0x0063, 0x0043, 0x0043, 0x0043,
  0x0043, 0x0043, 0x0043, 0x0042, 0x0042, 0x0042, 0x0042, 0x0042, 0x0042, 0x0022, 0x0022, 0x0022,
  0x0043, 0x0001, 0x43D6, 0x222F, 0x0000, 0x0041, 0x0042, 0x0022, 0x0022, 0x0022, 0x0022, 0x0022,
  0x0022, 0x0022, 0x0001, 0x0021, 0x0021, 0x0021, 0x0021, 0x0021, 0x0021, 0x0021, 0x0021, 0x0021,
  0x0021, 0x0021, 0x0001, 0x0021, 0x0841, 0x0000, 0x0001, 0x0001, 0x0001, 0x0001, 0x0001, 0x0021,
  0x0021, 0x0001, 0x0001, 0x0001, 0x0000, 0x0000, 0x0000, 0x0000, 0x0000, 0x0001, 0x0001, 0x0000,
  0x0000, 0x0000, 0x0000, 0x0000, 0x0000, 0x0000, 0x0000, 0x0000, 0x0000, 0x0000, 0x0000, 0x0000,
  0x0000, 0x0000, 0x0000, 0x0000, 0x0000, 0x0000, 0x0000, 0x0000, 0x0000, 0x0841, 0x08C4, 0x0000,
  0x0000, 0x0000, 0x0000, 0x0000, 0x0000, 0x0000, 0x0000, 0x0000, 0x0000, 0x0000, 0x0000, 0x0000,
  0x0000, 0x0000, 0x0000, 0x0000, 0x0000, 0x3A2A, 0xCE38, 0x2965, 0x0000, 0x0000, 0x226E, 0x1168,
  0x0000, 0x0000, 0x0000, 0x0000, 0x0000, 0x0000, 0x0000, 0x0000, 0x0000, 0x0000, 0x0000, 0x0000,
  0x0000, 0x0000, 0x0000, 0x0000, 0x0000, 0x0000, 0x0000, 0x0000, 0x0000, 0x0000, 0x0000, 0x0000,
  0x0000, 0x0000, 0x0000, 0x0000, 0x0000, 0x0000, 0x0000, 0x0000, 0x0000, 0x0000, 0x0000, 0x0000,
  0x0000, 0x0000, 0x0000, 0x0000, 0x0000, 0x0000, 0x0000, 0x0000, 0x0000, 0x0000, 0x0000, 0x0000,
  0x0000, 0x0000, 0x0000, 0x0000, 0x0000, 0x0000, 0x0000, 0x0000, 0x0000, 0x0000, 0x0000, 0x0000,
  0x0000, 0x0000, 0x0000, 0x0000, 0x0862, 0x0862, 0x0000, 0x0000, 0x0000, 0x0000, 0x0000, 0x0000,
  0x0000, 0x0000, 0x0000, 0x0000, 0x0000, 0x0000, 0x0000, 0x0000, 0x0000, 0x0000, 0x0861, 0x0000,
  0x0000, 0x0000, 0x0000, 0x0000, 0x0000, 0x0000, 0x0000, 0x0000, 0x0000, 0x0000, 0x0000, 0x0000,
  0x0000, 0x0000, 0x0000, 0x0001, 0x0001, 0x0001, 0x0001, 0x0021, 0x0021, 0x0021, 0x0021, 0x0001,
  0x0001, 0x0001, 0x0001, 0x0021, 0x0021, 0x0021, 0x0021, 0x0021, 0x0021, 0x0021, 0x0021, 0x0022,
  0x0022, 0x0042, 0x0042, 0x0042, 0x0042, 0x0042, 0x0042, 0x0022, 0x0042, 0x0042, 0x0042, 0x0042,
  0x0042, 0x0042, 0x0042, 0x0042, 0x0042, 0x0043, 0x0043, 0x0064, 0x0884, 0x0063, 0x0063, 0x0063,
  0x0063, 0x0063, 0x0063, 0x0063, 0x0063, 0x0064, 0x0064, 0x0064, 0x0064, 0x0064, 0x0084, 0x0084,
  0x0084, 0x0084, 0x0084, 0x0084, 0x0084, 0x0084, 0x0084, 0x0084, 0x0084, 0x0085, 0x0085, 0x0085,
  0x0085, 0x0085, 0x0084, 0x0085, 0x0085, 0x0085, 0x0085, 0x0085, 0x0085, 0x0085, 0x0085, 0x0085,
  0x00A5, 0x0085, 0x0085, 0x0085, 0x0085, 0x0084, 0x0084, 0x0084, 0x0084, 0x0084, 0x0084, 0x0084,
  0x0084, 0x0084, 0x0084, 0x0084, 0x0084, 0x0084, 0x0084, 0x0064, 0x0063, 0x0063, 0x0063, 0x0063,
  0x0063, 0x0063, 0x0063, 0x0063, 0x0063, 0x0063, 0x0063, 0x0063, 0x0063, 0x0043, 0x0043, 0x0043,
  0x0043, 0x0042, 0x0042, 0x0042, 0x0042, 0x0042, 0x0042, 0x0042, 0x0042, 0x0021, 0x0000, 0x0001,
  0x0021, 0x0022, 0x0042, 0x0022, 0x0022, 0x0022, 0x0022, 0x0022, 0x0063, 0x0022, 0x0021, 0x0021,
  0x0021, 0x0022, 0x0022, 0x0021, 0x0021, 0x0021, 0x0021, 0x0021, 0x0021, 0x0021, 0x0021, 0x0001,
  0x0001, 0x0001, 0x0001, 0x0001, 0x0001, 0x0001, 0x0001, 0x0001, 0x0021, 0x0021, 0x0021, 0x0001,
  0x0000, 0x0000, 0x0000, 0x0000, 0x0000, 0x0001, 0x0001, 0x0000, 0x0000, 0x0000, 0x0000, 0x0000,
  0x0000, 0x0000, 0x0000, 0x0000, 0x0000, 0x0000, 0x0000, 0x0000, 0x0000, 0x0000, 0x0000, 0x0000,
  0x0000, 0x0000, 0x0000, 0x0000, 0x0000, 0x0001, 0x0041, 0x0000, 0x0000, 0x0000, 0x0000, 0x0000,
  0x0020, 0x0862, 0x0020, 0x0020, 0x0000, 0x0000, 0x0000, 0x0000, 0x0000, 0x0000, 0x0000, 0x0000,
  0x0001, 0x8493, 0x8C72, 0x0000, 0x0000, 0x0042, 0x3B52, 0x0000, 0x0000, 0x0000, 0x0000, 0x0000,
  0x0000, 0x0000, 0x0000, 0x0000, 0x0000, 0x0000, 0x0000, 0x0000, 0x0000, 0x0000, 0x0000, 0x0000,
  0x0000, 0x0000, 0x0000, 0x0000, 0x0000, 0x0000, 0x0000, 0x0000, 0x0000, 0x0000, 0x0000, 0x0000,
  0x0000, 0x0000, 0x0000, 0x0000, 0x0000, 0x0000, 0x0000, 0x0000, 0x0000, 0x0000, 0x0000, 0x0000,
  0x0000, 0x0000, 0x0000, 0x0000, 0x0000, 0x0000, 0x0000, 0x0000, 0x0000, 0x0000, 0x0000, 0x0000,
  0x0000, 0x0000, 0x0000, 0x0000, 0x0000, 0x0000, 0x0000, 0x0000, 0x0000, 0x0000, 0x0000, 0x0000,
  0x08C4, 0x08A3, 0x0000, 0x0000, 0x0000, 0x0000, 0x0000, 0x0000, 0x0000, 0x0000, 0x0000, 0x0000,
  0x0000, 0x0000, 0x0000, 0x0000, 0x0000, 0x0000, 0x0000, 0x0000, 0x0000, 0x0000, 0x0000, 0x0000,
  0x0000, 0x0000, 0x0000, 0x0000, 0x0000, 0x0000, 0x0000, 0x0000, 0x0000, 0x0000, 0x0000, 0x0001,
  0x0001, 0x0001, 0x0001, 0x0001, 0x0021, 0x0001, 0x0000, 0x0000, 0x0001, 0x0001, 0x0001, 0x0021,
  0x0001, 0x0021, 0x0021, 0x0021, 0x0022, 0x0022, 0x0022, 0x0022, 0x0022, 0x0022, 0x0022, 0x0042,
  0x0042, 0x0042, 0x0042, 0x0042, 0x0042, 0x0042, 0x0043, 0x0043, 0x0043, 0x0043, 0x0043, 0x0043,
  0x0043, 0x0043, 0x0043, 0x0063, 0x0063, 0x0063, 0x0063, 0x0063, 0x0064, 0x0064, 0x0064, 0x0063,
  0x1107, 0x0084, 0x0084, 0x0084, 0x0084, 0x0084, 0x0084, 0x0084, 0x0084, 0x00A4, 0x0084, 0x0084,
  0x0085, 0x0085, 0x0085, 0x00A5, 0x0085, 0x00A5, 0x00A5, 0x00A5, 0x00A5, 0x00A5, 0x00A5, 0x00A5,
  0x00A5, 0x00A5, 0x00A5, 0x00A5, 0x00A5, 0x00A5, 0x08C5, 0x00A5, 0x00A5, 0x00A5, 0x00A5, 0x00A5,
  0x00A5, 0x00A5, 0x0085, 0x0085, 0x0085, 0x0085, 0x0085, 0x0084, 0x0084, 0x0084, 0x0084, 0x0084,
  0x0084, 0x0084, 0x0084, 0x0084, 0x0084, 0x0084, 0x0084, 0x0064, 0x0064, 0x0064, 0x0064, 0x0063,
  0x0063, 0x0063, 0x0063, 0x0063, 0x0063, 0x0063, 0x0063, 0x0043, 0x0063, 0x0043, 0x0043, 0x0043,
  0x0043, 0x0043, 0x0043, 0x0042, 0x0041, 0x0041, 0x0042, 0x0042, 0x0042, 0x0042, 0x0042, 0x0022,
  0x0022, 0x0042, 0x0042, 0x0022, 0x0042, 0x0042, 0x0022, 0x0022, 0x0022, 0x0022, 0x0022, 0x0022,
  0x0022, 0x0021, 0x0021, 0x0021, 0x0021, 0x0021, 0x0021, 0x0021, 0x0021, 0x0021, 0x0021, 0x0001,
  0x0001, 0x0001, 0x0001, 0x0001, 0x0001, 0x0001, 0x0001, 0x0001, 0x0000, 0x0000, 0x0001, 0x0001,
  0x0001, 0x0001, 0x0001, 0x0000, 0x0000, 0x0000, 0x0000, 0x0000, 0x0000, 0x0000, 0x0000, 0x0000,
  0x0000, 0x0000, 0x0000, 0x0000, 0x0000, 0x0000, 0x0000, 0x0000, 0x0000, 0x0000, 0x0000, 0x0000,
  0x0000, 0x0000, 0x0000, 0x0000, 0x0020, 0x0000, 0x0021, 0x0021, 0x0021, 0x0062, 0x0021, 0x0041,
  0x0021, 0x0021, 0x0021, 0x0000, 0x0000, 0x0000, 0x0000, 0x0000, 0x2209, 0xB5D7, 0x2145, 0x0000,
  0x0000, 0x2A6D, 0x21C9, 0x0000, 0x0000, 0x0000, 0x0000, 0x0000, 0x0000, 0x0000, 0x0000, 0x0000,
  0x0000, 0x0000, 0x0000, 0x0000, 0x0000, 0x0000, 0x0000, 0x0000, 0x0000, 0x0000, 0x0000, 0x0000,
  0x0000, 0x0000, 0x0000, 0x0000, 0x0000, 0x0000, 0x0000, 0x0000, 0x0000, 0x0000, 0x0000, 0x0000,
  0x0000, 0x0000, 0x0000, 0x0000, 0x0000, 0x0000, 0x0000, 0x0000, 0x0000, 0x0000, 0x0000, 0x0000,
  0x0000, 0x0000, 0x0000, 0x0000, 0x0000, 0x0000, 0x0000, 0x0000, 0x0000, 0x0000, 0x0000, 0x0000,
  0x0000, 0x0000, 0x0000, 0x0000, 0x0000, 0x0000, 0x0000, 0x0000, 0x0000, 0x0000, 0x0000, 0x0000,
  0x0000, 0x0000, 0x0000, 0x0000, 0x0000, 0x0000, 0x0000, 0x0000, 0x0000, 0x0000, 0x0000, 0x0000,
  0x0000, 0x0000, 0x0000, 0x0000, 0x0000, 0x0000, 0x0000, 0x0000, 0x0000, 0x0000, 0x0000, 0x0000,
  0x0000, 0x0000, 0x0000, 0x0000, 0x0000, 0x0001, 0x0001, 0x0001, 0x0001, 0x0001, 0x0001, 0x0021,
  0x0000, 0x08A4, 0x320A, 0x0000, 0x0001, 0x0001, 0x0001, 0x0001, 0x0001, 0x0021, 0x0021, 0x0022,
  0x0022, 0x0022, 0x0022, 0x0022, 0x0022, 0x0022, 0x0022, 0x0042, 0x0042, 0x0042, 0x0042, 0x0042,
  0x0043, 0x0084, 0x0043, 0x0043, 0x0063, 0x0063, 0x0063, 0x0063, 0x0084, 0x0043, 0x0063, 0x0063,
  0x0084, 0x0064, 0x0064, 0x0064, 0x0084, 0x0084, 0x0064, 0x0084, 0x08C6, 0x0084, 0x0084, 0x0084,
  0x0084, 0x0084, 0x0084, 0x0084, 0x0085, 0x00A5, 0x00A5, 0x00A5, 0x00A5, 0x00A5, 0x00A5, 0x00A5,
  0x00A5, 0x00A5, 0x00A5, 0x00A5, 0x00A5, 0x00A5, 0x00A5, 0x00A5, 0x00A5, 0x00A5, 0x00A5, 0x00A5,
  0x00A5, 0x00C5, 0x00C6, 0x00C6, 0x00C6, 0x00A5, 0x00A5, 0x00A5, 0x00A5, 0x00A5, 0x00A5, 0x00A5,
  0x00A5, 0x00A5, 0x00A5, 0x0085, 0x0084, 0x0084, 0x0084, 0x0084, 0x0084, 0x0084, 0x0084, 0x0084,
  0x0084, 0x0084, 0x0084, 0x0084, 0x0064, 0x0064, 0x0064, 0x0064, 0x0063, 0x0063, 0x0063, 0x0063,
  0x0063, 0x0063, 0x0063, 0x0063, 0x0063, 0x0063, 0x0063, 0x0043, 0x0043, 0x0043, 0x0043, 0x0043,
  0x0042, 0x0042, 0x0043, 0x0043, 0x0042, 0x0042, 0x0042, 0x0063, 0x0042, 0x0042, 0x0042, 0x0022,
  0x0022, 0x0022, 0x0022, 0x0042, 0x0042, 0x0042, 0x0042, 0x0022, 0x0022, 0x0021, 0x0021, 0x0021,
  0x0021, 0x0021, 0x0021, 0x0021, 0x0021, 0x0021, 0x0021, 0x0021, 0x0021, 0x0021, 0x0021, 0x0001,
  0x0001, 0x0001, 0x0001, 0x0001, 0x0001, 0x0001, 0x0001, 0x0021, 0x0001, 0x0001, 0x0001, 0x0001,
  0x0001, 0x0000, 0x0000, 0x0000, 0x0000, 0x0000, 0x0000, 0x0000, 0x0000, 0x0000, 0x0000, 0x0000,
  0x0000, 0x0000, 0x0000, 0x0000, 0x0000, 0x0000, 0x0000, 0x0000, 0x0000, 0x0000, 0x0020, 0x0020,
  0x0021, 0x0021, 0x0021, 0x0041, 0x0841, 0x0042, 0x0841, 0x0841, 0x0020, 0x0020, 0x0021, 0x0021,
  0x0020, 0x0000, 0x0000, 0x0022, 0x7C72, 0x8C2F, 0x0000, 0x0000, 0x0000, 0x3B10, 0x0000, 0x0000,
  0x0000, 0x0000, 0x0000, 0x0000, 0x0000, 0x0000, 0x0000, 0x0000, 0x0000, 0x0000, 0x0000, 0x0000,
  0x0000, 0x0000, 0x0000, 0x0000, 0x0000, 0x0000, 0x0000, 0x0000, 0x0000, 0x0000, 0x0000, 0x0000,
  0x0000, 0x0000, 0x0000, 0x0000, 0x0000, 0x0000, 0x0000, 0x0000, 0x0000, 0x0000, 0x0000, 0x0000,
  0x0000, 0x0000, 0x0000, 0x0000, 0x0000, 0x0000, 0x0000, 0x0000, 0x0000, 0x0000, 0x0000, 0x0000,
  0x0000, 0x10C4, 0x21A9, 0x0000, 0x0000, 0x0000, 0x0000, 0x0000, 0x0000, 0x0000, 0x0000, 0x0000,
  0x0000, 0x0000, 0x0000, 0x0000, 0x0021, 0x0040, 0x0000, 0x0000, 0x0000, 0x0000, 0x0000, 0x0000,
  0x0000, 0x0000, 0x0000, 0x0000, 0x0000, 0x0000, 0x0000, 0x0000, 0x0000, 0x0000, 0x0000, 0x0000,
  0x0000, 0x0000, 0x0000, 0x0000, 0x0000, 0x0000, 0x0000, 0x0000, 0x0000, 0x0000, 0x0000, 0x0000,
  0x0000, 0x0001, 0x0001, 0x0001, 0x0001, 0x0001, 0x0001, 0x0001, 0x0021, 0x0021, 0x08A4, 0x0001,
  0x0021, 0x0021, 0x0021, 0x0021, 0x0021, 0x0021, 0x0021, 0x0022, 0x0022, 0x0022, 0x0022, 0x0022,
  0x0042, 0x0022, 0x0042, 0x0042, 0x0043, 0x0043, 0x0042, 0x0042, 0x0063, 0x0084, 0x0043, 0x0043,
  0x0063, 0x0063, 0x0063, 0x0063, 0x0063, 0x0063, 0x0064, 0x0064, 0x0084, 0x0084, 0x0084, 0x0084,
  0x0084, 0x0084, 0x0084, 0x0084, 0x0085, 0x0085, 0x0084, 0x00A5, 0x00A4, 0x00A5, 0x00A5, 0x00A5,
  0x00A5, 0x00A5, 0x00A5, 0x00A5, 0x00A5, 0x00A5, 0x00C5, 0x00C5, 0x00C5, 0x00C5, 0x00C5, 0x00C5,
  0x00C6, 0x00C6, 0x00C6, 0x00C6, 0x00C6, 0x00C6, 0x00C6, 0x00C6, 0x00C6, 0x00C6, 0x00C6, 0x00C6,
  0x00C6, 0x00C6, 0x00C6, 0x00C6, 0x00C5, 0x00C5, 0x00A5, 0x00A5, 0x00A5, 0x00A5, 0x00A5, 0x00A5,
  0x00A5, 0x00A5, 0x00A5, 0x00A5, 0x00A5, 0x00A5, 0x0084, 0x0084, 0x0084, 0x0084, 0x0084, 0x0084,
  0x0084, 0x0084, 0x0084, 0x0084, 0x0084, 0x0084, 0x0084, 0x0084, 0x0064, 0x0064, 0x0064, 0x0063,
  0x0063, 0x0063, 0x0063, 0x0063, 0x0063, 0x0063, 0x0063, 0x0063, 0x0043, 0x0043, 0x0043, 0x0043,
  0x0043, 0x0042, 0x0042, 0x0063, 0x0063, 0x0022, 0x0022, 0x0022, 0x0022, 0x0042, 0x0042, 0x0042,
  0x0042, 0x0042, 0x0022, 0x0022, 0x0022, 0x0021, 0x0021, 0x0021, 0x0021, 0x0021, 0x0021, 0x0021,
  0x0021, 0x0021, 0x0021, 0x0021, 0x0021, 0x0021, 0x0021, 0x0001, 0x0001, 0x0001, 0x0001, 0x0001,
  0x0001, 0x0001, 0x0001, 0x0001, 0x0001, 0x0001, 0x0001, 0x0001, 0x0001, 0x0000, 0x0000, 0x0000,
  0x0000, 0x0000, 0x0000, 0x0000, 0x0000, 0x0000, 0x0000, 0x0000, 0x0000, 0x0000, 0x0000, 0x0000,
  0x0000, 0x0000, 0x0000, 0x0020, 0x0021, 0x0021, 0x0021, 0x0041, 0x0841, 0x0842, 0x0862, 0x0882,
  0x0882, 0x0862, 0x0883, 0x0908, 0x096B, 0x0908, 0x0041, 0x0041, 0x0021, 0x0020, 0x0000, 0x2A0A,
  0xAD75, 0x2965, 0x0000, 0x0000, 0x19EB, 0x1988, 0x0000, 0x0000, 0x0000, 0x0000, 0x0000, 0x0000,
  0x0000, 0x0000, 0x0000, 0x0000, 0x0000, 0x0000, 0x0000, 0x0000, 0x0000, 0x0000, 0x0000, 0x0000,
  0x0000, 0x0000, 0x0000, 0x0000, 0x0000, 0x0000, 0x0000, 0x0000, 0x0000, 0x0000, 0x0000, 0x0000,
  0x1105, 0x0000, 0x0000, 0x0000, 0x0000, 0x0000, 0x0000, 0x0000, 0x0000, 0x0000, 0x0000, 0x0000,
  0x0000, 0x0000, 0x0000, 0x0000, 0x0000, 0x0000, 0x0000, 0x0000, 0x0000, 0x1906, 0x324D, 0x0000,
  0x0000, 0x0000, 0x0000, 0x0000, 0x0000, 0x0000, 0x0000, 0x0000, 0x0000, 0x0000, 0x0000, 0x0000,
  0x0000, 0x0000, 0x0000, 0x0000, 0x0000, 0x0000, 0x0000, 0x0000, 0x0000, 0x0000, 0x0000, 0x0000,
  0x0000, 0x0000, 0x0000, 0x0000, 0x0000, 0x0000, 0x0000, 0x0000, 0x0000, 0x0000, 0x0000, 0x0000,
  0x0000, 0x0000, 0x0000, 0x0000, 0x0001, 0x0001, 0x0001, 0x0001, 0x0001, 0x0001, 0x0001, 0x0001,
  0x0001, 0x0001, 0x0001, 0x0001, 0x0021, 0x0001, 0x0000, 0x0021, 0x0021, 0x0021, 0x0021, 0x0021,
  0x0021, 0x0022, 0x0022, 0x0022, 0x0022, 0x0022, 0x0022, 0x0022, 0x0042, 0x0042, 0x0042, 0x0042,
  0x0042, 0x0043, 0x0043, 0x0043, 0x0063, 0x0043, 0x0063, 0x0063, 0x0063, 0x0063, 0x0063, 0x0063,
  0x0064, 0x0064, 0x0064, 0x0064, 0x0084, 0x0084, 0x0084, 0x0084, 0x0084, 0x0084, 0x0084, 0x0084,
  0x0085, 0x00A5, 0x00A5, 0x00A5, 0x00A5, 0x00A5, 0x00A5, 0x00A5, 0x00A5, 0x00C5, 0x00C5, 0x00C5,
  0x00C6, 0x00C6, 0x00C6, 0x00C6, 0x00C6, 0x00C5, 0x00C5, 0x00C6, 0x00E6, 0x00E6, 0x00E6, 0x00C6,
  0x00C6, 0x00C6, 0x00C6, 0x00C6, 0x00E6, 0x00E6, 0x00E6, 0x00E6, 0x00E6, 0x00C6, 0x00C6, 0x00C6,
  0x00C6, 0x00C6, 0x00C6, 0x00C6, 0x00C6, 0x00C6, 0x00C6, 0x00C5, 0x00C5, 0x00A5, 0x00A5, 0x00A5,
  0x00A5, 0x00A5, 0x00A5, 0x0085, 0x00A5, 0x0085, 0x0085, 0x0085, 0x0084, 0x0084, 0x0084, 0x0084,
  0x0084, 0x0084, 0x08A4, 0x08E5, 0x0044, 0x0064, 0x0064, 0x0064, 0x0064, 0x0064, 0x0064, 0x0063,
  0x0063, 0x0063, 0x0063, 0x0063, 0x0063, 0x0063, 0x0063, 0x0063, 0x0063, 0x0043, 0x0043, 0x0884,
  0x10E6, 0x0042, 0x0063, 0x0042, 0x0042, 0x0042, 0x0042, 0x0042, 0x0042, 0x0042, 0x0022, 0x0022,
  0x0022, 0x0022, 0x0022, 0x0021, 0x0021, 0x0021, 0x0021, 0x0021, 0x0021, 0x0021, 0x0021, 0x0001,
  0x0021, 0x0021, 0x0021, 0x0021, 0x0001, 0x0001, 0x0001, 0x0001, 0x0001, 0x0001, 0x0001, 0x0001,
  0x0001, 0x0001, 0x0001, 0x0001, 0x0001, 0x0001, 0x0001, 0x0000, 0x0000, 0x0000, 0x0000, 0x0000,
  0x0000, 0x0000, 0x0000, 0x0000, 0x0000, 0x0000, 0x0000, 0x0000, 0x0000, 0x0000, 0x0000, 0x0884,
  0x0863, 0x0041, 0x0841, 0x0862, 0x0862, 0x0883, 0x08A3, 0x10A3, 0x10C4, 0x0949, 0x09EF, 0x09F1,
  0x01D0, 0x0A11, 0x0929, 0x0841, 0x0041, 0x0021, 0x0042, 0x63D0, 0x8C31, 0x0000, 0x0000, 0x0000,
  0x32EF, 0x0000, 0x0000, 0x0000, 0x0000, 0x0000, 0x0000, 0x0000, 0x0000, 0x0000, 0x0000, 0x0000,
  0x0000, 0x0000, 0x0000, 0x0000, 0x0000, 0x0000, 0x0000, 0x0000, 0x0000, 0x0000, 0x0000, 0x0000,
  0x0000, 0x0000, 0x0000, 0x0000, 0x0000, 0x0000, 0x0000, 0x0061, 0x430F, 0x0000, 0x0000, 0x0000,
  0x0000, 0x0000, 0x0000, 0x0000, 0x0000, 0x0000, 0x0000, 0x0000, 0x0000, 0x0000, 0x0000, 0x0000,
  0x0000, 0x0000, 0x0000, 0x0000, 0x0000, 0x0000, 0x0000, 0x0000, 0x0000, 0x0000, 0x0000, 0x0000,
  0x0000, 0x0000, 0x0000, 0x0000, 0x0000, 0x0000, 0x0000, 0x0000, 0x0000, 0x0001, 0x0041, 0x0000,
  0x0000, 0x0000, 0x0000, 0x0000, 0x0000, 0x0000, 0x0000, 0x0000, 0x0040, 0x0000, 0x0000, 0x0000,
  0x0000, 0x0000, 0x0000, 0x0000, 0x0000, 0x0000, 0x0000, 0x0000, 0x0000, 0x0000, 0x0000, 0x0862,
  0x0021, 0x0000, 0x0001, 0x0021, 0x0021, 0x0001, 0x0001, 0x0021, 0x0021, 0x0021, 0x0021, 0x0021,
  0x0021, 0x0021, 0x0021, 0x0021, 0x0021, 0x0021, 0x0021, 0x0021, 0x0022, 0x0022, 0x0022, 0x0022,
  0x0042, 0x0042, 0x0042, 0x0042, 0x0042, 0x0042, 0x0043, 0x0043, 0x0043, 0x0043, 0x0043, 0x0063,
  0x0063, 0x0063, 0x0063, 0x0063, 0x0063, 0x0063, 0x0063, 0x0083, 0x0084, 0x0064, 0x0084, 0x0084,
  0x0084, 0x0084, 0x0084, 0x00A4, 0x08E5, 0x00A5, 0x0085, 0x0085, 0x00A5, 0x00A5, 0x00A5, 0x00A5,
  0x00A5, 0x00A5, 0x00A5, 0x00A5, 0x00C5, 0x00C6, 0x00C6, 0x00C6, 0x00C6, 0x00E7, 0x00E7, 0x00E7,
  0x0107, 0x0107, 0x0107, 0x0107, 0x0107, 0x00E7, 0x00E7, 0x08E7, 0x00E6, 0x08E7, 0x00E6, 0x00E6,
  0x00E7, 0x00E7, 0x00E7, 0x00E7, 0x00E7, 0x00E7, 0x00E7, 0x00E7, 0x00E6, 0x00C6, 0x00C6, 0x00C6,
  0x00C6, 0x00C6, 0x00C6, 0x00C6, 0x00C6, 0x00A6, 0x00A6, 0x00A5, 0x00A5, 0x00A5, 0x00A5, 0x00A5,
  0x00C5, 0x00A5, 0x00A5, 0x00A5, 0x00A5, 0x00A5, 0x0085, 0x0085, 0x0085, 0x0084, 0x0084, 0x0084,
  0x0084, 0x0084, 0x0084, 0x0084, 0x0084, 0x0064, 0x0064, 0x0064, 0x0064, 0x0064, 0x0064, 0x0064,
  0x0063, 0x0063, 0x0063, 0x0063, 0x0063, 0x0063, 0x0063, 0x0043, 0x0022, 0x0043, 0x0043, 0x0043,
  0x0043, 0x0043, 0x0042, 0x0042, 0x0042, 0x0042, 0x0042, 0x0022, 0x0022, 0x0022, 0x0021, 0x0021,
  0x0021, 0x0021, 0x0021, 0x0021, 0x0021, 0x0021, 0x0021, 0x0001, 0x0021, 0x0021, 0x0021, 0x0021,
  0x0021, 0x0001, 0x0001, 0x0001, 0x0001, 0x0001, 0x0001, 0x0001, 0x0001, 0x0001, 0x0001, 0x0001,
  0x0001, 0x0001, 0x0001, 0x0000, 0x0000, 0x0000, 0x0000, 0x0000, 0x0000, 0x0000, 0x0000, 0x0000,
  0x0000, 0x0000, 0x0000, 0x0000, 0x0020, 0x0020, 0x0020, 0x0041, 0x0842, 0x0862, 0x0882, 0x0883,
  0x10A3, 0x10C3, 0x18E5, 0x1149, 0x09EF, 0x0A11, 0x016F, 0x09CF, 0x2AB1, 0x01D0, 0x09F0, 0x08A4,
  0x0841, 0x0041, 0x21C7, 0x94B2, 0x39C7, 0x0000, 0x0000, 0x19C9, 0x220A, 0x0000, 0x0000, 0x0000,
  0x0000, 0x0000, 0x0000, 0x0000, 0x0000, 0x0000, 0x0000, 0x0000, 0x0000, 0x0000, 0x0000, 0x0000,
  0x0000, 0x0000, 0x0000, 0x0000, 0x0000, 0x0000, 0x0000, 0x0000, 0x0000, 0x0000, 0x0000, 0x0000,
  0x0000, 0x0000, 0x0000, 0x0000, 0x0000, 0x0000, 0x0000, 0x0000, 0x0000, 0x0000, 0x0000, 0x0000,
  0x0000, 0x0000, 0x0000, 0x0000, 0x0000, 0x0000, 0x0000, 0x0000, 0x0000, 0x0000, 0x0000, 0x0000,
  0x0000, 0x0000, 0x0000, 0x0000, 0x0000, 0x0000, 0x0000, 0x0000, 0x0000, 0x0000, 0x0000, 0x0000,
  0x0000, 0x0000, 0x0883, 0x0000, 0x0000, 0x0000, 0x0000, 0x0000, 0x0000, 0x0000, 0x0000, 0x0000,
  0x0000, 0x0000, 0x0000, 0x0000, 0x0841, 0x0000, 0x0000, 0x0000, 0x0000, 0x0000, 0x0000, 0x0000,
  0x0000, 0x0000, 0x0000, 0x0000, 0x0000, 0x0000, 0x0000, 0x0001, 0x0001, 0x0001, 0x0001, 0x0001,
  0x0021, 0x0021, 0x0021, 0x0021, 0x0021, 0x0021, 0x0021, 0x0021, 0x0021, 0x0021, 0x0021, 0x0021,
  0x0021, 0x0021, 0x0863, 0x0042, 0x0022, 0x0022, 0x0022, 0x0042, 0x0042, 0x0042, 0x0042, 0x0042,
  0x0042, 0x0042, 0x0043, 0x0043, 0x0043, 0x0043, 0x0063, 0x0063, 0x0063, 0x0063, 0x0064, 0x0064,
  0x0064, 0x0064, 0x0084, 0x0084, 0x0084, 0x0084, 0x0084, 0x0084, 0x0084, 0x0085, 0x00A5, 0x00A5,
  0x00A5, 0x00A5, 0x00C5, 0x00A5, 0x00A5, 0x00A5, 0x00A5, 0x00C5, 0x00C5, 0x00C6, 0x00C6, 0x00C6,
  0x00C6, 0x08C6, 0x08C6, 0x08E6, 0x00E7, 0x0107, 0x08E8, 0x08E8, 0x0108, 0x0928, 0x0928, 0x0129,
  0x0128, 0x0908, 0x0907, 0x08E7, 0x08E7, 0x08E7, 0x0907, 0x08E7, 0x08E7, 0x0107, 0x00E7, 0x08E7,
  0x08E7, 0x08E7, 0x08E7, 0x00E7, 0x00E7, 0x00E7, 0x00E6, 0x00E6, 0x00E6, 0x00E6, 0x00E6, 0x00C6,
  0x00C6, 0x00C6, 0x00C6, 0x00C6, 0x00C6, 0x00A6, 0x00A5, 0x00A5, 0x00A5, 0x00A6, 0x00A5, 0x00A5,
  0x00A5, 0x00A5, 0x00A5, 0x00A5, 0x00A5, 0x00A5, 0x0085, 0x0084, 0x0084, 0x0084, 0x0084, 0x0084,
  0x0084, 0x0084, 0x0084, 0x0084, 0x0084, 0x0084, 0x0084, 0x0084, 0x0064, 0x0064, 0x0063, 0x0063,
  0x0063, 0x0063, 0x0063, 0x0063, 0x0063, 0x0063, 0x0042, 0x0043, 0x0043, 0x0043, 0x0043, 0x0043,
  0x0042, 0x0042, 0x0042, 0x0042, 0x0022, 0x0022, 0x0022, 0x0022, 0x0022, 0x0022, 0x0022, 0x0021,
  0x0021, 0x0021, 0x0021, 0x0021, 0x0001, 0x0021, 0x0021, 0x0021, 0x0021, 0x0021, 0x0021, 0x0001,
  0x0001, 0x0001, 0x0001, 0x0001, 0x0001, 0x0001, 0x0001, 0x0001, 0x0001, 0x0001, 0x0001, 0x0001,
  0x0001, 0x0001, 0x0000, 0x0000, 0x0000, 0x0000, 0x0000, 0x0000, 0x0000, 0x0000, 0x0021, 0x0021,
  0x0020, 0x0021, 0x0041, 0x0861, 0x0862, 0x0883, 0x10A3, 0x18C3, 0x1905, 0x116A, 0x11EF, 0x0A11,
  0x018F, 0x018F, 0x5394, 0xC6BC, 0xDF3E, 0x1210, 0x01F0, 0x096B, 0x0861, 0x0863, 0x63AF, 0x8C10,
  0x0000, 0x0000, 0x0000, 0x4350, 0x0000, 0x0000, 0x0000, 0x0000, 0x0000, 0x0000, 0x0000, 0x0000,
  0x0000, 0x0000, 0x0000, 0x0000, 0x0000, 0x0000, 0x0000, 0x0000, 0x0000, 0x0000, 0x0000, 0x0000,
  0x0000, 0x0000, 0x0000, 0x0000, 0x0000, 0x0000, 0x0000, 0x0000, 0x0040, 0x0000, 0x0000, 0x0000,
  0x0000, 0x0000, 0x0000, 0x0000, 0x0000, 0x0000, 0x0000, 0x0000, 0x0000, 0x0000, 0x0000, 0x0000,
  0x0000, 0x0000, 0x0000, 0x0000, 0x0000, 0x0000, 0x0000, 0x0000, 0x0000, 0x0000, 0x0000, 0x0000,
  0x0000, 0x0000, 0x0000, 0x0000, 0x0000, 0x0000, 0x0000, 0x0000, 0x0000, 0x1967, 0x0063, 0x0000,
  0x0000, 0x0000, 0x0000, 0x0000, 0x0000, 0x0000, 0x0000, 0x0000, 0x0000, 0x0000, 0x0041, 0x1083,
  0x0000, 0x0000, 0x0000, 0x0000, 0x0000, 0x0000, 0x0000, 0x0000, 0x0000, 0x0000, 0x0000, 0x0000,
  0x0000, 0x0000, 0x0000, 0x0000, 0x0001, 0x0001, 0x0001, 0x0001, 0x0001, 0x0021, 0x0021, 0x0021,
  0x0021, 0x0021, 0x0021, 0x0021, 0x0021, 0x0021, 0x0021, 0x0021, 0x0021, 0x0021, 0x0042, 0x0042,
  0x0042, 0x0042, 0x0022, 0x0042, 0x0042, 0x0042, 0x0042, 0x0042, 0x0042, 0x0043, 0x0063, 0x0063,
  0x0063, 0x0063, 0x0063, 0x0063, 0x0063, 0x0064, 0x0064, 0x0084, 0x0084, 0x0084, 0x0084, 0x0084,
  0x0084, 0x0084, 0x0084, 0x0084, 0x0084, 0x00A5, 0x00A5, 0x00A5, 0x0084, 0x08E6, 0x0907, 0x00A5,
  0x00C6, 0x00C6, 0x00C6, 0x00C6, 0x00E6, 0x00C6, 0x00C6, 0x00E6, 0x00E6, 0x08E6, 0x08E6, 0x08E7,
  0x0107, 0x0127, 0x0907, 0x0128, 0x014A, 0x096B, 0x016C, 0x014A, 0x0949, 0x0908, 0x0907, 0x0107,
  0x0908, 0x0907, 0x0907, 0x0907, 0x0907, 0x0907, 0x0907, 0x0907, 0x0907, 0x0107, 0x0107, 0x0107,
  0x0107, 0x00E7, 0x00E7, 0x00E7, 0x00E7, 0x00E7, 0x00E7, 0x00C7, 0x00C6, 0x00C6, 0x00C6, 0x00C6,
  0x00C6, 0x00C6, 0x00C6, 0x00C6, 0x00C6, 0x00A6, 0x00A6, 0x00A5, 0x00A5, 0x00A5, 0x00A5, 0x00A5,
  0x00A5, 0x00A5, 0x0085, 0x0085, 0x0085, 0x0085, 0x08C6, 0x0085, 0x0084, 0x0084, 0x0084, 0x0084,
  0x0084, 0x0084, 0x0084, 0x0084, 0x0084, 0x0064, 0x0084, 0x0084, 0x0064, 0x0063, 0x0063, 0x0063,
  0x0063, 0x0043, 0x0043, 0x0043, 0x0043, 0x0063, 0x0083, 0x0043, 0x0042, 0x0042, 0x0042, 0x0042,
  0x0042, 0x0042, 0x0022, 0x0022, 0x0022, 0x0022, 0x0022, 0x0021, 0x0021, 0x0021, 0x0021, 0x0021,
  0x0021, 0x0021, 0x0021, 0x0021, 0x0021, 0x0021, 0x0021, 0x0001, 0x0001, 0x0001, 0x0001, 0x0001,
  0x0001, 0x0001, 0x0001, 0x0001, 0x0001, 0x0001, 0x0001, 0x0001, 0x0001, 0x0001, 0x0000, 0x0000,
  0x0000, 0x0000, 0x0000, 0x0000, 0x0021, 0x0021, 0x0021, 0x0021, 0x10C4, 0x10C4, 0x0862, 0x08A3,
  0x10A3, 0x18C3, 0x1905, 0x116A, 0x11EF, 0x0A11, 0x018F, 0x018F, 0x4B74, 0xBE7C, 0xFFFF, 0xF7DF,
  0xFFFF, 0x7497, 0x016F, 0x09F0, 0x08C5, 0x21A8, 0x9D14, 0x4208, 0x0000, 0x0000, 0x19C8, 0x2A6B,
  0x0000, 0x0000, 0x0000, 0x0000, 0x0000, 0x0000, 0x0000, 0x0000, 0x0000, 0x0000, 0x0000, 0x0000,
  0x0000, 0x0000, 0x0000, 0x0000, 0x0000, 0x0000, 0x0000, 0x0000, 0x0000, 0x0000, 0x0000, 0x0000,
  0x0000, 0x0000, 0x0000, 0x0000, 0x0020, 0x0000, 0x0000, 0x0000, 0x0000, 0x0000, 0x0000, 0x0000,
  0x0000, 0x0000, 0x0000, 0x0000, 0x0000, 0x0000, 0x0000, 0x0000, 0x0000, 0x0000, 0x0000, 0x0000,
  0x0000, 0x0000, 0x0000, 0x0000, 0x0000, 0x0000, 0x0000, 0x0000, 0x0000, 0x0000, 0x0000, 0x0000,
  0x0000, 0x0000, 0x0000, 0x0000, 0x0000, 0x0020, 0x0000, 0x0000, 0x0000, 0x0000, 0x0000, 0x0000,
  0x0000, 0x0000, 0x0000, 0x0000, 0x0000, 0x0000, 0x0001, 0x0841, 0x0000, 0x0000, 0x0000, 0x0000,
  0x0000, 0x0000, 0x0000, 0x0000, 0x0000, 0x0000, 0x0000, 0x0020, 0x0000, 0x0000, 0x0000, 0x0000,
  0x0001, 0x0001, 0x0001, 0x0001, 0x0021, 0x0021, 0x0021, 0x0021, 0x0021, 0x0021, 0x0021, 0x0021,
  0x0021, 0x0021, 0x0022, 0x0022, 0x0022, 0x0022, 0x0022, 0x0022, 0x0042, 0x0042, 0x0042, 0x0042,
  0x0042, 0x0042, 0x0042, 0x0042, 0x0043, 0x0063, 0x0063, 0x0063, 0x0063, 0x0063, 0x0063, 0x0063,
  0x0084, 0x0084, 0x0084, 0x0084, 0x0084, 0x0084, 0x0084, 0x0084, 0x0084, 0x0084, 0x0085, 0x00A5,
  0x00A5, 0x00A5, 0x00A5, 0x00A5, 0x00A5, 0x00A5, 0x00C6, 0x00C6, 0x00C6, 0x00C6, 0x00C6, 0x00E6,
  0x0907, 0x00E7, 0x08E7, 0x08E7, 0x08E7, 0x0907, 0x0907, 0x0928, 0x0928, 0x0927, 0x0128, 0x018A,
  0x01CD, 0x0211, 0x0210, 0x018C, 0x096A, 0x0949, 0x0928, 0x0928, 0x0928, 0x0928, 0x0928, 0x0908,
  0x0907, 0x0908, 0x0908, 0x0908, 0x0907, 0x0107, 0x0907, 0x0908, 0x0908, 0x0908, 0x0907, 0x08E7,
  0x00E7, 0x00E7, 0x00E7, 0x00E7, 0x00E7, 0x00E7, 0x00C7, 0x00C6, 0x00C6, 0x00C6, 0x00C6, 0x00C6,
  0x0927, 0x00C6, 0x00C6, 0x00C6, 0x00C6, 0x00A6, 0x00A5, 0x00A5, 0x00A5, 0x00A5, 0x00A5, 0x00A5,
  0x00A5, 0x00A5, 0x00A5, 0x00A5, 0x0085, 0x0085, 0x0085, 0x0085, 0x0085, 0x0084, 0x0084, 0x0084,
  0x0084, 0x0084, 0x0084, 0x0084, 0x0064, 0x0064, 0x0064, 0x0063, 0x0063, 0x0063, 0x0063, 0x0043,
  0x0043, 0x0063, 0x0043, 0x0043, 0x0043, 0x0043, 0x0042, 0x0042, 0x0042, 0x0042, 0x0022, 0x0022,
  0x0022, 0x0022, 0x0022, 0x0042, 0x0022, 0x0021, 0x0021, 0x0021, 0x0021, 0x0021, 0x0021, 0x0021,
  0x0021, 0x0021, 0x0021, 0x0021, 0x0021, 0x0021, 0x0021, 0x0021, 0x0001, 0x0001, 0x0001, 0x0001,
  0x0001, 0x0001, 0x0001, 0x0001, 0x0001, 0x0001, 0x0000, 0x0000, 0x0000, 0x0000, 0x0021, 0x0021,
  0x0021, 0x0041, 0x0842, 0x0862, 0x1946, 0x2166, 0x10A3, 0x18E4, 0x1905, 0x1969, 0x11EF, 0x0A11,
  0x018F, 0x018F, 0x4B53, 0xBE5B, 0xFFFF, 0xF7FF, 0xEFBF, 0xEF9F, 0xEFDF, 0xDF5E, 0x1A10, 0x01F0,
  0x096B, 0x638F, 0x8C51, 0x0041, 0x0020, 0x0000, 0x330F, 0x0041, 0x0000, 0x0000, 0x0000, 0x0000,
  0x0000, 0x0000, 0x0000, 0x0000, 0x0000, 0x0000, 0x0000, 0x0000, 0x0000, 0x0000, 0x0000, 0x0000,
  0x0000, 0x0000, 0x0000, 0x0000, 0x0000, 0x0000, 0x0000, 0x0000, 0x0000, 0x0000, 0x0000, 0x0000,
  0x0000, 0x0000, 0x0000, 0x0000, 0x0000, 0x0000, 0x0000, 0x0000, 0x0000, 0x0000, 0x0000, 0x0000,
  0x0000, 0x0000, 0x0000, 0x0000, 0x0000, 0x0000, 0x0000, 0x0000, 0x0000, 0x0000, 0x0000, 0x0000,
  0x0000, 0x0000, 0x0000, 0x0000, 0x0000, 0x0000, 0x0000, 0x0000, 0x0000, 0x0000, 0x0000, 0x0000,
  0x0000, 0x0000, 0x0000, 0x0000, 0x0000, 0x0000, 0x0000, 0x0000, 0x0000, 0x0000, 0x0000, 0x0000,
  0x0000, 0x0000, 0x0000, 0x0000, 0x0000, 0x0000, 0x0000, 0x0000, 0x0000, 0x0000, 0x0000, 0x0000,
  0x0000, 0x0000, 0x0841, 0x10A4, 0x0000, 0x0000, 0x0001, 0x0001, 0x0001, 0x0001, 0x0001, 0x0001,
  0x0021, 0x0021, 0x0021, 0x0021, 0x0021, 0x0021, 0x0021, 0x0022, 0x0021, 0x0022, 0x0022, 0x0022,
  0x0022, 0x0042, 0x0042, 0x0042, 0x0042, 0x0022, 0x0043, 0x0042, 0x0042, 0x0042, 0x0042, 0x0043,
  0x0043, 0x0063, 0x0063, 0x0063, 0x0063, 0x0063, 0x0063, 0x0064, 0x0084, 0x0084, 0x0084, 0x0084,
  0x0084, 0x0085, 0x00A5, 0x00A5, 0x00A5, 0x00A5, 0x00A5, 0x00A5, 0x00A5, 0x00A5, 0x00A5, 0x00A5,
  0x00C5, 0x00C5, 0x00C6, 0x08C6, 0x00C6, 0x00E6, 0x00E6, 0x00E6, 0x00E7, 0x08E7, 0x0907, 0x0906,
  0x0907, 0x0928, 0x0948, 0x0968, 0x0969, 0x0949, 0x096A, 0x018D, 0x0336, 0x7EBF, 0x1C19, 0x01AD,
  0x0129, 0x00E7, 0x00E8, 0x08E8, 0x0928, 0x0908, 0x0928, 0x0927, 0x0928, 0x0928, 0x0928, 0x0908,
  0x0908, 0x0928, 0x0908, 0x0928, 0x0908, 0x0908, 0x0108, 0x0907, 0x0107, 0x0107, 0x0107, 0x00E7,
  0x00E7, 0x00E7, 0x00E7, 0x00E7, 0x00E7, 0x00E6, 0x00E7, 0x00C6, 0x00C6, 0x00C6, 0x00C6, 0x00C6,
  0x00C6, 0x00C6, 0x00C6, 0x00A6, 0x00A6, 0x00A6, 0x00A5, 0x00A5, 0x00A5, 0x00A5, 0x00A5, 0x00A5,
  0x00A5, 0x00A5, 0x00A5, 0x00A5, 0x00A5, 0x00A5, 0x0085, 0x0085, 0x0085, 0x0084, 0x0084, 0x0084,
  0x0084, 0x0084, 0x0064, 0x0064, 0x0064, 0x0063, 0x0063, 0x08A5, 0x0063, 0x0043, 0x0043, 0x0043,
  0x0043, 0x0043, 0x0043, 0x0042, 0x0042, 0x0042, 0x0042, 0x0042, 0x0042, 0x0042, 0x0042, 0x0042,
  0x0042, 0x0062, 0x0022, 0x0022, 0x0021, 0x0021, 0x0021, 0x0021, 0x0021, 0x0021, 0x0021, 0x0021,
  0x0021, 0x0021, 0x0021, 0x0021, 0x0001, 0x0001, 0x0001, 0x0001, 0x0001, 0x0001, 0x0001, 0x0001,
  0x0001, 0x0001, 0x0000, 0x0000, 0x0000, 0x0021, 0x0041, 0x0041, 0x0883, 0x0862, 0x0862, 0x10A3,
  0x10A3, 0x18C3, 0x1905, 0x1969, 0x11EF, 0x0A11, 0x018F, 0x018F, 0x4B53, 0xB63B, 0xFFFF, 0xF7FF,
  0xEFBF, 0xEFBF, 0xEFBF, 0xEFBF, 0xE79F, 0xFFFF, 0x7CB7, 0x014E, 0x0A10, 0x7412, 0x4A28, 0x0041,
  0x0021, 0x1147, 0x2A2C, 0x0000, 0x0000, 0x0000, 0x0000, 0x0000, 0x0000, 0x0000, 0x0000, 0x0000,
  0x0000, 0x0000, 0x0000, 0x0000, 0x0000, 0x0000, 0x0000, 0x0000, 0x0000, 0x0000, 0x0000, 0x0000,
  0x0000, 0x0000, 0x0000, 0x0000, 0x0000, 0x0000, 0x0000, 0x0000, 0x0000, 0x0000, 0x0000, 0x0000,
  0x0000, 0x0000, 0x0000, 0x0000, 0x0000, 0x0000, 0x0000, 0x0000, 0x0000, 0x0000, 0x0000, 0x0000,
  0x0000, 0x0000, 0x0000, 0x0000, 0x0000, 0x0000, 0x0000, 0x0000, 0x0000, 0x0000, 0x0000, 0x0000,
  0x0000, 0x0000, 0x0000, 0x0000, 0x0000, 0x0000, 0x0000, 0x0000, 0x0000, 0x0000, 0x0000, 0x0000,
  0x0000, 0x0000, 0x0000, 0x0000, 0x0000, 0x0000, 0x0862, 0x0000, 0x0000, 0x0000, 0x0000, 0x0000,
  0x0000, 0x0000, 0x0000, 0x0000, 0x0000, 0x0000, 0x0000, 0x0000, 0x0021, 0x0021, 0x0000, 0x0000,
  0x0000, 0x0001, 0x0001, 0x0001, 0x0001, 0x0001, 0x0021, 0x0021, 0x0021, 0x0021, 0x0021, 0x0021,
  0x0021, 0x0021, 0x0021, 0x0022, 0x0022, 0x0022, 0x0022, 0x0022, 0x0022, 0x0042, 0x0042, 0x0042,
  0x0042, 0x0022, 0x0042, 0x0042, 0x0042, 0x0043, 0x0042, 0x0063, 0x0063, 0x0063, 0x0063, 0x0063,
  0x0063, 0x0064, 0x0084, 0x0084, 0x0084, 0x0084, 0x0084, 0x0084, 0x00A5, 0x00A5, 0x00A5, 0x00A5,
  0x00A5, 0x00A5, 0x00A5, 0x00A5, 0x00A5, 0x00C6, 0x08C6, 0x00C6, 0x00C6, 0x00C6, 0x00C6, 0x00E6,
  0x08E7, 0x08E7, 0x00E7, 0x0107, 0x0907, 0x08E7, 0x08E8, 0x0927, 0x0107, 0x00E6, 0x00C6, 0x00E6,
  0x0107, 0x11AB, 0x1A70, 0x1B77, 0x667F, 0xFFFF, 0xB7FF, 0x0B14, 0x1A2E, 0x11CC, 0x096A, 0x0908,
  0x00E7, 0x00C7, 0x00E7, 0x0107, 0x0107, 0x0948, 0x0948, 0x0928, 0x0949, 0x0149, 0x0169, 0x0949,
  0x0128, 0x0948, 0x0928, 0x00E7, 0x00C7, 0x00E7, 0x0107, 0x0907, 0x0908, 0x00E7, 0x0107, 0x0107,
  0x08E7, 0x08E7, 0x00E7, 0x00E7, 0x00E7, 0x00E7, 0x00E7, 0x00E7, 0x00C6, 0x00C6, 0x00C6, 0x00C6,
  0x00A6, 0x00A6, 0x00C6, 0x00C6, 0x00A6, 0x00A6, 0x00A6, 0x00A6, 0x00A6, 0x00A5, 0x00A5, 0x00A5,
  0x00A5, 0x00C6, 0x00A6, 0x00A5, 0x00A5, 0x00A5, 0x0085, 0x0085, 0x0084, 0x0084, 0x0084, 0x0064,
  0x0064, 0x0064, 0x0064, 0x0064, 0x0063, 0x0063, 0x0043, 0x0043, 0x0043, 0x0043, 0x0043, 0x0042,
  0x0042, 0x0042, 0x0042, 0x0042, 0x0042, 0x0042, 0x0042, 0x0022, 0x0022, 0x0022, 0x0022, 0x0022,
  0x0022, 0x0022, 0x0022, 0x0022, 0x0021, 0x0021, 0x0021, 0x0021, 0x0021, 0x0021, 0x0021, 0x0021,
  0x0021, 0x0021, 0x0001, 0x0001, 0x0001, 0x0001, 0x0001, 0x0001, 0x0001, 0x0001, 0x0021, 0x0021,
  0x0021, 0x0021, 0x0041, 0x0861, 0x1105, 0x08C4, 0x10A4, 0x18C4, 0x1905, 0x1969, 0x11EE, 0x0A11,
  0x018F, 0x018F, 0x4333, 0xB61B, 0xFFFF, 0xF7FF, 0xEFBF, 0xEFBF, 0xEFBF, 0xEFBF, 0xEFBF, 0xEFBF,
  0xEFBF, 0xEFBF, 0xDF5E, 0x2271, 0x01D0, 0x32B0, 0x0882, 0x0062, 0x0021, 0x3ACE, 0x0043, 0x0000,
  0x0000, 0x0000, 0x0000, 0x0000, 0x0000, 0x0000, 0x0000, 0x0000, 0x0000, 0x0000, 0x0000, 0x0000,
  0x0000, 0x0000, 0x0000, 0x0000, 0x0000, 0x0000, 0x0000, 0x0000, 0x0000, 0x0000, 0x0000, 0x0841,
  0x0841, 0x0000, 0x0000, 0x0000, 0x0000, 0x0000, 0x0000, 0x0000, 0x0000, 0x0000, 0x0000, 0x0000,
  0x0000, 0x0000, 0x0000, 0x0000, 0x0000, 0x0000, 0x0000, 0x0000, 0x0000, 0x0000, 0x0000, 0x0000,
  0x0000, 0x0000, 0x0000, 0x0000, 0x0000, 0x0000, 0x0000, 0x0000, 0x0000, 0x0000, 0x0000, 0x0000,
  0x0000, 0x0000, 0x0000, 0x0000, 0x0000, 0x0000, 0x0000, 0x0000, 0x0000, 0x0000, 0x0000, 0x0000,
  0x0000, 0x0000, 0x0861, 0x0000, 0x0000, 0x0000, 0x0000, 0x0000, 0x0000, 0x0000, 0x0000, 0x0000,
  0x0000, 0x0000, 0x0000, 0x0000, 0x0000, 0x0001, 0x0000, 0x0000, 0x0001, 0x0001, 0x0001, 0x0001,
  0x0001, 0x0001, 0x0021, 0x0021, 0x0021, 0x0021, 0x0021, 0x0021, 0x0021, 0x0021, 0x0021, 0x0022,
  0x0022, 0x0063, 0x0042, 0x0042, 0x0022, 0x0042, 0x0042, 0x0042, 0x0042, 0x0042, 0x0042, 0x0043,
  0x0063, 0x0063, 0x0043, 0x0063, 0x0063, 0x0063, 0x0063, 0x0084, 0x0084, 0x0084, 0x0084, 0x0084,
  0x0085, 0x0085, 0x0084, 0x0085, 0x00A5, 0x00A5, 0x00A5, 0x00A5, 0x00A5, 0x00C5, 0x00C5, 0x00C6,
  0x00C5, 0x00C6, 0x00C6, 0x08C6, 0x08C6, 0x00C6, 0x00A6, 0x00E7, 0x08E7, 0x0907, 0x0907, 0x08E7,
  0x00E7, 0x00A6, 0x00A6, 0x00E7, 0x0128, 0x118B, 0x19EC, 0x2AAF, 0x2AB0, 0x2AD0, 0x1A8F, 0x0A2F,
  0x0B77, 0x6EDF, 0x24BC, 0x1AF4, 0x1A4F, 0x124F, 0x1AD0, 0x2AF1, 0x2AAF, 0x226E, 0x19EC, 0x11AB,
  0x094A, 0x0929, 0x0128, 0x00C8, 0x012A, 0x01AE, 0x01AE, 0x096C, 0x0929, 0x0948, 0x0928, 0x1169,
  0x0949, 0x08E7, 0x0928, 0x0908, 0x0908, 0x0928, 0x08E7, 0x08E7, 0x08E8, 0x08E8, 0x0907, 0x0907,
  0x0907, 0x08E7, 0x00E7, 0x00E7, 0x00E7, 0x00E7, 0x00E7, 0x00C6, 0x00C6, 0x00C6, 0x00C6, 0x00C6,
  0x00C6, 0x00C6, 0x00C6, 0x00C6, 0x00C6, 0x00A5, 0x00A6, 0x00C6, 0x00C7, 0x00C6, 0x00C6, 0x00C6,
  0x00A5, 0x00A6, 0x00A5, 0x00A5, 0x00A5, 0x0084, 0x0084, 0x0084, 0x0084, 0x0084, 0x0064, 0x0084,
  0x0064, 0x0064, 0x0063, 0x0063, 0x0063, 0x0063, 0x0043, 0x0043, 0x0043, 0x0043, 0x0043, 0x0043,
  0x0042, 0x0042, 0x0042, 0x0042, 0x0042, 0x0042, 0x0042, 0x0022, 0x0022, 0x0022, 0x0022, 0x0022,
  0x0022, 0x0022, 0x0021, 0x0021, 0x0021, 0x0021, 0x0021, 0x0021, 0x0001, 0x0021, 0x0021, 0x0001,
  0x0001, 0x0021, 0x0021, 0x0021, 0x0021, 0x0021, 0x0021, 0x0021, 0x0041, 0x0842, 0x0862, 0x0883,
  0x10A3, 0x10C4, 0x1905, 0x1969, 0x11EE, 0x0A11, 0x01AF, 0x016F, 0x4313, 0xB61A, 0xF7FF, 0xFFFF,
  0xEFBF, 0xEFBF, 0xEFBF, 0xEFBF, 0xEFBF, 0xEFBF, 0xEFBF, 0xE79F, 0xEFBF, 0xFFFF, 0xF7DF, 0x53B4,
  0x018F, 0x120F, 0x08A3, 0x0862, 0x1106, 0x2A2C, 0x0000, 0x0000, 0x0000, 0x0000, 0x0000, 0x0000,
  0x0000, 0x0000, 0x0000, 0x0000, 0x0000, 0x0000, 0x0000, 0x0000, 0x0000, 0x0000, 0x0000, 0x0000,
  0x0000, 0x0000, 0x0000, 0x0000, 0x0000, 0x0000, 0x0000, 0x0000, 0x0000, 0x0000, 0x0000, 0x0000,
  0x0000, 0x0000, 0x0000, 0x0000, 0x0000, 0x0000, 0x0000, 0x0000, 0x0000, 0x0000, 0x0000, 0x0000,
  0x0000, 0x0000, 0x0000, 0x0000, 0x0000, 0x0000, 0x0000, 0x0000, 0x0000, 0x0000, 0x0000, 0x0000,
  0x0000, 0x0000, 0x0000, 0x0000, 0x0000, 0x0000, 0x0000, 0x0000, 0x0000, 0x0000, 0x0000, 0x0000,
  0x0000, 0x0000, 0x0000, 0x0000, 0x0000, 0x0000, 0x0000, 0x0000, 0x0000, 0x0000, 0x0000, 0x0000,
  0x0000, 0x0000, 0x0000, 0x0000, 0x0000, 0x0000, 0x0000, 0x0000, 0x0000, 0x0000, 0x0000, 0x0000,
  0x0000, 0x0001, 0x0001, 0x0001, 0x0001, 0x0001, 0x0001, 0x0001, 0x0001, 0x0001, 0x0021, 0x0021,
  0x0021, 0x0021, 0x0021, 0x0021, 0x0021, 0x0021, 0x0021, 0x0022, 0x0022, 0x0042, 0x0042, 0x0042,
  0x0042, 0x0042, 0x0042, 0x0042, 0x0042, 0x0042, 0x0042, 0x0043, 0x0043, 0x0043, 0x0063, 0x0063,
  0x0063, 0x0063, 0x0084, 0x0084, 0x0084, 0x0084, 0x0084, 0x0084, 0x0085, 0x0085, 0x00A5, 0x00A5,
  0x00A5, 0x00A5, 0x00C5, 0x00C5, 0x00C5, 0x00C5, 0x00C6, 0x00C6, 0x00C6, 0x00C6, 0x00E6, 0x00E6,
  0x00E6, 0x00E6, 0x00C6, 0x08E6, 0x00C6, 0x00C6, 0x00A6, 0x00E6, 0x1168, 0x116A, 0x222D, 0x32CF,
  0x32D0, 0x22B0, 0x1A4D, 0x11AA, 0x0148, 0x0149, 0x00E8, 0x096B, 0x01AE, 0x0213, 0x01F0, 0x0129,
  0x11CB, 0x122E, 0x01AC, 0x010A, 0x016A, 0x098B, 0x11CC, 0x1A2E, 0x226F, 0x2270, 0x1A6F, 0x122F,
  0x020E, 0x1314, 0x44FC, 0x01EF, 0x0129, 0x00E8, 0x00C6, 0x00E7, 0x00E7, 0x00E8, 0x00C7, 0x00C7,
  0x00C6, 0x0066, 0x00C7, 0x00C7, 0x00E7, 0x00C7, 0x00E7, 0x0107, 0x0107, 0x0107, 0x0907, 0x08E7,
  0x00C7, 0x00E7, 0x00E7, 0x00E7, 0x00E6, 0x00E7, 0x00E7, 0x00E7, 0x00C6, 0x00C6, 0x00C6, 0x00C6,
  0x00E7, 0x00E6, 0x00E7, 0x00E7, 0x00E7, 0x00E7, 0x00E7, 0x00C7, 0x00A6, 0x00C7, 0x00A5, 0x00A5,
  0x00A5, 0x00A5, 0x0085, 0x0084, 0x0084, 0x0084, 0x0084, 0x0085, 0x0064, 0x0064, 0x0063, 0x0063,
  0x0063, 0x0063, 0x0063, 0x0063, 0x0063, 0x0043, 0x0043, 0x0043, 0x0042, 0x0042, 0x0042, 0x0042,
  0x0022, 0x0022, 0x0022, 0x0042, 0x0042, 0x0022, 0x0022, 0x0022, 0x0022, 0x0022, 0x0021, 0x0021,
  0x0021, 0x0021, 0x0021, 0x0021, 0x0021, 0x0021, 0x0021, 0x0001, 0x0001, 0x0021, 0x0021, 0x0021,
  0x0021, 0x0021, 0x0041, 0x1907, 0x08A3, 0x0883, 0x08A3, 0x10C3, 0x1905, 0x1969, 0x11CE, 0x0A11,
  0x01B0, 0x016F, 0x3B12, 0xADFA, 0xF7FF, 0xFFFF, 0xEFBF, 0xEFBF, 0xEFBF, 0xEFBF, 0xEFBF, 0xEFBF,
  0xEFBF, 0xEF9F, 0xEFBF, 0xFFFF, 0xEFBF, 0x9D99, 0x2AB2, 0x01AF, 0x09F1, 0x098C, 0x10A3, 0x0883,
  0x2A4D, 0x08A4, 0x0020, 0x0000, 0x0000, 0x0000, 0x0000, 0x0000, 0x0000, 0x0000, 0x0000, 0x0000,
  0x0000, 0x0000, 0x0000, 0x0000, 0x0021, 0x0000, 0x0000, 0x0000, 0x0000, 0x0000, 0x0000, 0x0000,
  0x0000, 0x0000, 0x0000, 0x0000, 0x0000, 0x0000, 0x0000, 0x0000, 0x0000, 0x0000, 0x0000, 0x0000,
  0x0000, 0x0000, 0x0000, 0x0000, 0x0000, 0x0000, 0x0000, 0x0000, 0x0000, 0x0000, 0x0000, 0x0000,
  0x0000, 0x0000, 0x0000, 0x0000, 0x0000, 0x0000, 0x0000, 0x0000, 0x0000, 0x0000, 0x0000, 0x0000,
  0x0000, 0x0000, 0x0000, 0x0000, 0x0000, 0x0000, 0x0000, 0x0000, 0x0000, 0x0000, 0x0000, 0x0000,
  0x0000, 0x0000, 0x0000, 0x0000, 0x0000, 0x0000, 0x0000, 0x0000, 0x0000, 0x0000, 0x0042, 0x0000,
  0x0000, 0x0000, 0x0000, 0x0000, 0x0000, 0x0000, 0x0000, 0x0001, 0x0000, 0x0000, 0x0000, 0x0001,
  0x0001, 0x0001, 0x0001, 0x0001, 0x0001, 0x0001, 0x0022, 0x0042, 0x0001, 0x0021, 0x0021, 0x0021,
  0x0001, 0x0022, 0x0022, 0x0022, 0x0022, 0x0022, 0x0042, 0x0042, 0x0042, 0x0042, 0x0042, 0x0042,
  0x0043, 0x0043, 0x0043, 0x0063, 0x0063, 0x0063, 0x0063, 0x0063, 0x0064, 0x0064, 0x0084, 0x0084,
  0x0084, 0x0084, 0x0084, 0x0085, 0x00A5, 0x00A5, 0x00A5, 0x00C6, 0x00C6, 0x00E6, 0x00E6, 0x08C6,
  0x00E6, 0x00E6, 0x00C6, 0x00E6, 0x00C6, 0x00E6, 0x00E6, 0x00E6, 0x00E6, 0x00A5, 0x0065, 0x0085,
  0x0927, 0x11CA, 0x1A6E, 0x3311, 0x3B52, 0x1A2D, 0x11CB, 0x098A, 0x0108, 0x00C7, 0x0108, 0x0909,
  0x0949, 0x0949, 0x11CC, 0x09ED, 0x016B, 0x09AC, 0x09AC, 0x014A, 0x0129, 0x018B, 0x1A4F, 0x226E,
  0x094A, 0x00C7, 0x00E8, 0x0108, 0x0108, 0x0129, 0x098A, 0x11CC, 0x0AB2, 0x9FDF, 0xFFFF, 0x4E7F,
  0x1B54, 0x2270, 0x2A4E, 0x226E, 0x226E, 0x224E, 0x11EC, 0x11AB, 0x1A0D, 0x64F8, 0x09CC, 0x0149,
  0x0949, 0x0949, 0x08E7, 0x00E6, 0x00C7, 0x00C7, 0x00C6, 0x0086, 0x0086, 0x00A6, 0x0085, 0x0085,
  0x00A5, 0x00A6, 0x00C6, 0x00C6, 0x00C6, 0x00E7, 0x00E7, 0x00E7, 0x0107, 0x00E7, 0x00E8, 0x00E8,
  0x0109, 0x012A, 0x014B, 0x0108, 0x00E7, 0x00C7, 0x00C6, 0x00C6, 0x00A5, 0x00A5, 0x00A5, 0x0085,
  0x0085, 0x0084, 0x0084, 0x0064, 0x0064, 0x0085, 0x00A4, 0x0063, 0x0063, 0x0064, 0x0063, 0x0063,
  0x0063, 0x0063, 0x0063, 0x0063, 0x0063, 0x0043, 0x0043, 0x0043, 0x0042, 0x0042, 0x0042, 0x0042,
  0x0042, 0x0042, 0x0022, 0x0042, 0x0042, 0x0022, 0x0022, 0x0022, 0x0021, 0x0021, 0x0021, 0x0021,
  0x0021, 0x0021, 0x0021, 0x0021, 0x0021, 0x0021, 0x0021, 0x0041, 0x0041, 0x0042, 0x0862, 0x10C5,
  0x08A4, 0x10A3, 0x10E4, 0x1148, 0x11CE, 0x0A11, 0x01B0, 0x016F, 0x3AF2, 0xADDA, 0xF7FF, 0xFFFF,
  0xEFBF, 0xEF9F, 0xEFBF, 0xEFBF, 0xEFBF, 0xEFBF, 0xEFBF, 0xEF9F, 0xEFBF, 0xFFFF, 0xF7DF, 0xA599,
  0x32D2, 0x016F, 0x01AF, 0x0A10, 0x224F, 0x1926, 0x10C4, 0x1105, 0x222C, 0x0041, 0x0020, 0x0020,
  0x0000, 0x0000, 0x0000, 0x0000, 0x0000, 0x0000, 0x0000, 0x0000, 0x0000, 0x0000, 0x0000, 0x3A6C,
  0x5310, 0x0000, 0x0000, 0x0000, 0x0000, 0x0000, 0x0000, 0x0000, 0x0000, 0x0000, 0x0000, 0x0000,
  0x0000, 0x0000, 0x0000, 0x0000, 0x0000, 0x0000, 0x0000, 0x0000, 0x0000, 0x0000, 0x0000, 0x0000,
  0x0000, 0x0000, 0x0000, 0x0000, 0x0000, 0x0000, 0x0000, 0x0000, 0x0000, 0x0000, 0x0000, 0x0000,
  0x0000, 0x0000, 0x0000, 0x0000, 0x0000, 0x0000, 0x0000, 0x0000, 0x0000, 0x0000, 0x0000, 0x0000,
  0x0000, 0x0000, 0x0000, 0x0000, 0x0000, 0x0000, 0x0000, 0x0000, 0x0000, 0x0000, 0x0000, 0x0000,
  0x0000, 0x0000, 0x0000, 0x0000, 0x0000, 0x0000, 0x0884, 0x0000, 0x0000, 0x0000, 0x0000, 0x0000,
  0x0000, 0x0000, 0x0000, 0x0001, 0x0001, 0x0000, 0x0000, 0x0001, 0x0001, 0x0001, 0x0001, 0x0001,
  0x0001, 0x0021, 0x0021, 0x0021, 0x0021, 0x0022, 0x0021, 0x0021, 0x0021, 0x0042, 0x0042, 0x0022,
  0x0042, 0x0042, 0x0042, 0x0042, 0x0042, 0x0042, 0x0042, 0x0042, 0x0042, 0x0043, 0x0063, 0x0063,
  0x0063, 0x0063, 0x0063, 0x0063, 0x0064, 0x0084, 0x0084, 0x0084, 0x0084, 0x0085, 0x00A5, 0x00A5,
  0x00A5, 0x00A5, 0x00C5, 0x00E6, 0x00C6, 0x00E7, 0x08E7, 0x08C7, 0x08E7, 0x00E7, 0x00E7, 0x0107,
  0x00C7, 0x00A6, 0x0065, 0x0065, 0x00A7, 0x0969, 0x224D, 0x32D1, 0x3310, 0x120C, 0x11AD, 0x094A,
  0x0108, 0x00E7, 0x0108, 0x0908, 0x0949, 0x096A, 0x0949, 0x094A, 0x094A, 0x09AB, 0x120D, 0x016A,
  0x096A, 0x098A, 0x118B, 0x096B, 0x016B, 0x016B, 0x0129, 0x016A, 0x11CB, 0x19CC, 0x094A, 0x0109,
  0x0108, 0x00C7, 0x0109, 0x1AD3, 0x1B35, 0x2C39, 0x6EBF, 0x0B97, 0x2BB7, 0x22D2, 0x09CC, 0x018B,
  0x09ED, 0x120E, 0x09EC, 0x11CB, 0x22AF, 0x96FF, 0x1A71, 0x11EC, 0x1A6E, 0x1A4E, 0x224E, 0x2A8F,
  0x226F, 0x2A6F, 0x226F, 0x224D, 0x19EC, 0x19CB, 0x198B, 0x116A, 0x0929, 0x0928, 0x00C7, 0x00A6,
  0x0085, 0x0085, 0x0065, 0x0065, 0x0065, 0x0065, 0x00A7, 0x0129, 0x01AD, 0x01D1, 0x0192, 0x016D,
  0x010A, 0x00C8, 0x00C6, 0x00C6, 0x00C5, 0x00A6, 0x00A5, 0x00A5, 0x0085, 0x0085, 0x0084, 0x0084,
  0x0084, 0x0084, 0x0084, 0x0084, 0x0064, 0x0064, 0x0064, 0x0063, 0x0063, 0x0063, 0x0063, 0x0063,
  0x0063, 0x0043, 0x0043, 0x0043, 0x0043, 0x0042, 0x0042, 0x0042, 0x0042, 0x0042, 0x0042, 0x0042,
  0x0042, 0x0022, 0x0022, 0x0021, 0x0021, 0x0022, 0x0021, 0x0021, 0x0021, 0x0021, 0x0022, 0x0021,
  0x0022, 0x0042, 0x0042, 0x0042, 0x0062, 0x0883, 0x0883, 0x10A3, 0x10C4, 0x1148, 0x11CE, 0x0A11,
  0x01B0, 0x016E, 0x32D2, 0xA5BA, 0xF7DF, 0xFFFF, 0xEFBF, 0xEF9F, 0xEFBF, 0xEFBF, 0xEFBF, 0xEFBF,
  0xEFBF, 0xEF9F, 0xEFBF, 0xFFFF, 0xF7DF, 0xA5BA, 0x32F2, 0x016F, 0x018F, 0x1210, 0x2291, 0x32D1,
  0x19EE, 0x11AC, 0x1106, 0x2A2B, 0x1127, 0x0041, 0x0021, 0x0021, 0x0000, 0x0000, 0x0000, 0x0000,
  0x0000, 0x0000, 0x0000, 0x0000, 0x0000, 0x0000, 0x0000, 0x0000, 0x0001, 0x0000, 0x0000, 0x0000,
  0x0000, 0x0000, 0x0000, 0x0000, 0x0000, 0x0000, 0x0000, 0x0000, 0x0000, 0x0000, 0x0000, 0x0000,
  0x0000, 0x0000, 0x0000, 0x0000, 0x0000, 0x0000, 0x0000, 0x0000, 0x0000, 0x0000, 0x0000, 0x0000,
  0x0000, 0x0000, 0x0000, 0x0000, 0x0000, 0x0000, 0x0000, 0x0000, 0x0000, 0x0000, 0x0000, 0x0000,
  0x0000, 0x0000, 0x0000, 0x0000, 0x0000, 0x0862, 0x0862, 0x0000, 0x0000, 0x0000, 0x0000, 0x0000,
  0x0000, 0x0000, 0x0000, 0x0000, 0x0000, 0x0000, 0x0000, 0x0000, 0x0000, 0x0000, 0x0000, 0x0000,
  0x0000, 0x0000, 0x0000, 0x0040, 0x0000, 0x0000, 0x0000, 0x0000, 0x0000, 0x0000, 0x0001, 0x0001,
  0x0001, 0x0000, 0x0001, 0x0001, 0x0021, 0x0001, 0x0862, 0x0021, 0x0001, 0x0021, 0x0021, 0x0021,
  0x0022, 0x0863, 0x0022, 0x0022, 0x0022, 0x0042, 0x0042, 0x0042, 0x0042, 0x0042, 0x0042, 0x0042,
  0x0042, 0x0042, 0x0043, 0x0063, 0x0063, 0x0063, 0x0063, 0x0063, 0x0063, 0x0884, 0x0064, 0x0084,
  0x0084, 0x0084, 0x0084, 0x0084, 0x0085, 0x00A5, 0x00A5, 0x00A5, 0x00A5, 0x00C5, 0x00C6, 0x00E7,
  0x08E8, 0x0909, 0x0129, 0x0129, 0x0909, 0x00C8, 0x00A6, 0x0065, 0x0085, 0x08E8, 0x19CB, 0x2A6F,
  0x2A6F, 0x226E, 0x1A0D, 0x094A, 0x00C7, 0x00C7, 0x08E8, 0x0929, 0x0949, 0x0949, 0x0948, 0x0949,
  0x0969, 0x116A, 0x118A, 0x094A, 0x098B, 0x1A0D, 0x096A, 0x0969, 0x0949, 0x0949, 0x096A, 0x096A,
  0x098B, 0x094A, 0x118A, 0x0969, 0x0949, 0x09CB, 0x2AD0, 0x2290, 0x0A0D, 0x1A70, 0x1A6F, 0x122F,
  0x016A, 0x09ED, 0x0230, 0x012B, 0x012A, 0x122E, 0x22F1, 0x22F1, 0x11CD, 0x0109, 0x00E8, 0x00C7,
  0x00A7, 0x00A8, 0x010A, 0x0949, 0x00E7, 0x00E7, 0x00C8, 0x0108, 0x0129, 0x0149, 0x098A, 0x09AA,
  0x098A, 0x11AB, 0x11EC, 0x1A2D, 0x1A6E, 0x1A2E, 0x226F, 0x226F, 0x226F, 0x22AF, 0x126F, 0x1A4F,
  0x19ED, 0x118C, 0x018B, 0x098D, 0x0231, 0x3CFC, 0x663F, 0x0233, 0x010C, 0x00C8, 0x00C7, 0x00C7,
  0x00A6, 0x00C6, 0x00A6, 0x00C6, 0x00A5, 0x0085, 0x0085, 0x0085, 0x0084, 0x0084, 0x0084, 0x0084,
  0x0084, 0x0084, 0x0064, 0x0064, 0x0063, 0x0063, 0x0063, 0x0063, 0x0063, 0x0063, 0x0043, 0x0063,
  0x0083, 0x0043, 0x0042, 0x0042, 0x0042, 0x0042, 0x0042, 0x0022, 0x0022, 0x0022, 0x0022, 0x0022,
  0x0042, 0x0022, 0x0022, 0x0022, 0x0022, 0x0042, 0x0042, 0x0042, 0x0042, 0x0062, 0x0862, 0x0883,
  0x08A3, 0x08A4, 0x10C4, 0x1107, 0x09AD, 0x0A11, 0x01B0, 0x016E, 0x2AB2, 0x9D99, 0xF7DF, 0xFFFF,
  0xEFBF, 0xEF9F, 0xEFBF, 0xEFBF, 0xEFBF, 0xEFBF, 0xEFBF, 0xEFBF, 0xEFBF, 0xFFFF, 0xF7FF, 0xADDA,
  0x3B13, 0x016F, 0x018F, 0x1210, 0x2291, 0x2A91, 0x2291, 0x09F0, 0x01B0, 0x09F1, 0x09CE, 0x324D,
  0x0883, 0x0862, 0x0021, 0x0021, 0x0000, 0x0000, 0x0000, 0x0000, 0x0000, 0x0000, 0x0000, 0x0000,
  0x0000, 0x0000, 0x0000, 0x0000, 0x0000, 0x0000, 0x0000, 0x0000, 0x0000, 0x0000, 0x0000, 0x0000,
  0x0000, 0x0000, 0x0000, 0x0000, 0x0000, 0x0000, 0x0000, 0x0000, 0x0000, 0x0000, 0x0000, 0x0000,
  0x0000, 0x0000, 0x0000, 0x0000, 0x0000, 0x0000, 0x0000, 0x0000, 0x0000, 0x0000, 0x0000, 0x0000,
  0x0000, 0x0000, 0x0000, 0x0000, 0x0000, 0x0000, 0x0000, 0x0000, 0x0000, 0x0000, 0x0000, 0x0000,
  0x0000, 0x1905, 0x2986, 0x0000, 0x0000, 0x0000, 0x0000, 0x0000, 0x0000, 0x0000, 0x0000, 0x0000,
  0x0000, 0x0000, 0x0000, 0x0000, 0x0000, 0x0000, 0x0000, 0x0000, 0x0000, 0x0000, 0x0000, 0x0000,
  0x0000, 0x0000, 0x0000, 0x0000, 0x0000, 0x0000, 0x0001, 0x0001, 0x0001, 0x0001, 0x0021, 0x0021,
  0x0021, 0x0001, 0x0022, 0x0021, 0x0021, 0x0021, 0x0021, 0x0021, 0x0022, 0x0022, 0x0022, 0x0022,
  0x0022, 0x0042, 0x0042, 0x0042, 0x0042, 0x0042, 0x0043, 0x0043, 0x0043, 0x0043, 0x0043, 0x0063,
  0x0063, 0x0063, 0x0063, 0x0063, 0x0063, 0x0084, 0x0084, 0x0084, 0x0084, 0x0084, 0x0085, 0x0085,
  0x00A5, 0x00A5, 0x00A5, 0x00A5, 0x00C6, 0x00C6, 0x00E6, 0x00E7, 0x010A, 0x01CE, 0x0232, 0x0212,
  0x018E, 0x00EA, 0x0949, 0x21EC, 0x2A8F, 0x2AD0, 0x1A2C, 0x0169, 0x00C7, 0x0086, 0x0086, 0x00E7,
  0x0108, 0x0108, 0x00E7, 0x00C7, 0x11AB, 0x124D, 0x0109, 0x00A8, 0x00E9, 0x0129, 0x0109, 0x096A,
  0x1A0C, 0x096A, 0x098B, 0x11AB, 0x19CB, 0x120C, 0x1A2E, 0x1A4F, 0x122E, 0x1A2E, 0x1A2E, 0x122D,
  0x1A2E, 0x098B, 0x00C8, 0x122E, 0x657D, 0x4CB9, 0x124F, 0x092A, 0x0109, 0x11AB, 0x19CC, 0x096B,
  0x014A, 0x012B, 0x014B, 0x11EE, 0x1A70, 0x2AF2, 0x1A6F, 0x01AE, 0x2B55, 0x4C18, 0x3375, 0x3BD6,
  0x1AD3, 0x1AB2, 0x22F2, 0x3395, 0x1290, 0x12B1, 0x1AB1, 0x1250, 0x0A2E, 0x122E, 0x1A4F, 0x1250,
  0x2313, 0x1AB1, 0x1250, 0x1A6F, 0x1A70, 0x1A90, 0x1AB0, 0x2AD1, 0x2AF2, 0x3375, 0x33F6, 0x3C9B,
  0x461F, 0xFFFF, 0xFFFF, 0x457F, 0x0210, 0x0109, 0x0086, 0x0044, 0x0064, 0x00A5, 0x00A6, 0x00C6,
  0x0086, 0x00A5, 0x00A5, 0x00A5, 0x00A5, 0x0085, 0x0084, 0x0084, 0x0084, 0x0084, 0x0064, 0x0064,
  0x0064, 0x0064, 0x0064, 0x0064, 0x0063, 0x0063, 0x0063, 0x0043, 0x0063, 0x08C4, 0x0043, 0x0043,
  0x0043, 0x0042, 0x0042, 0x0042, 0x0022, 0x0022, 0x0042, 0x0022, 0x0042, 0x0042, 0x0022, 0x0022,
  0x0042, 0x0042, 0x0042, 0x0862, 0x0863, 0x0883, 0x08A4, 0x10A4, 0x10C4, 0x1106, 0x1926, 0x09AE,
  0x0A11, 0x018F, 0x2A91, 0x9D79, 0xEFBF, 0xFFFF, 0xEFBF, 0xE79F, 0xEFBF, 0xEFBF, 0xEFBF, 0xEFBF,
  0xEFBF, 0xEFBF, 0xEFBF, 0xFFFF, 0xF7FF, 0xADFA, 0x3B13, 0x016F, 0x016F, 0x0A10, 0x2AB2, 0x32D2,
  0x2271, 0x09F0, 0x016F, 0x01AF, 0x3B13, 0x09F0, 0x09F1, 0x19AB, 0x10A3, 0x0862, 0x0041, 0x0021,
  0x0000, 0x0000, 0x0000, 0x0000, 0x0000, 0x0000, 0x0000, 0x0000, 0x0000, 0x0000, 0x0000, 0x0000,
  0x0000, 0x0000, 0x0000, 0x0000, 0x0000, 0x0000, 0x0000, 0x0000, 0x0000, 0x0000, 0x0000, 0x0000,
  0x0000, 0x0000, 0x0000, 0x0000, 0x0000, 0x0000, 0x0000, 0x0000, 0x0000, 0x0000, 0x0000, 0x0000,
  0x0000, 0x0000, 0x0000, 0x0000, 0x0000, 0x0000, 0x0000, 0x0000, 0x0000, 0x0000, 0x0000, 0x0000,
  0x0000, 0x0000, 0x0000, 0x0000, 0x0000, 0x0000, 0x0000, 0x0000, 0x0000, 0x0000, 0x0000, 0x0000,
  0x0000, 0x0000, 0x0000, 0x0000, 0x0000, 0x0000, 0x0000, 0x0000, 0x0000, 0x0000, 0x0000, 0x0000,
  0x0000, 0x0000, 0x0000, 0x0000, 0x0000, 0x0000, 0x0000, 0x0000, 0x0000, 0x0000, 0x0001, 0x0000,
  0x0001, 0x0001, 0x0001, 0x0001, 0x0001, 0x0001, 0x0021, 0x0021, 0x0001, 0x0001, 0x0022, 0x0021,
  0x0021, 0x0021, 0x0021, 0x0021, 0x0022, 0x0022, 0x0022, 0x0042, 0x0042, 0x0042, 0x0042, 0x0042,
  0x0042, 0x0042, 0x0043, 0x0043, 0x0043, 0x0043, 0x0063, 0x0063, 0x0063, 0x0063, 0x0063, 0x0064,
  0x0064, 0x0084, 0x0084, 0x0084, 0x0084, 0x0085, 0x0085, 0x00A5, 0x00A5, 0x00A5, 0x00A5, 0x00C6,
  0x00A6, 0x00C6, 0x0106, 0x0107, 0x010A, 0x0253, 0x9FDF, 0x9F5F, 0x1C7C, 0x2375, 0x2AB0, 0x222D,
  0x11AC, 0x0169, 0x0148, 0x1169, 0x11AB, 0x11EC, 0x1A0C, 0x1A0C, 0x1A2C, 0x19EC, 0x222D, 0x228F,
  0x3B73, 0x5D1A, 0x43F6, 0x5477, 0x3332, 0x22B0, 0x3332, 0x3B94, 0x22AF, 0x22AF, 0x22B0, 0x2290,
  0x1A6F, 0x1A6F, 0x1A90, 0x2B12, 0x3B93, 0x0A0D, 0x09ED, 0x09EE, 0x09AD, 0x098D, 0x3352, 0x3B52,
  0x01AD, 0x014C, 0x124F, 0x120E, 0x0109, 0x0129, 0x09AC, 0x018C, 0x014B, 0x098B, 0x09CB, 0x098B,
  0x0929, 0x096B, 0x22F2, 0x2354, 0x12D2, 0x018C, 0x00C9, 0x010A, 0x016C, 0x016C, 0x018C, 0x09AC,
  0x09AD, 0x09CD, 0x09AD, 0x11AD, 0x09AC, 0x096B, 0x094B, 0x0129, 0x00E8, 0x00C7, 0x0086, 0x0086,
  0x00C8, 0x116B, 0x19CC, 0x224E, 0x122D, 0x224E, 0x122E, 0x0A2F, 0x0293, 0x461F, 0x8FFF, 0x4DDF,
  0x2354, 0x2AF0, 0x3AD0, 0x2A0E, 0x118A, 0x00A6, 0x0044, 0x0043, 0x0064, 0x0085, 0x0085, 0x00A5,
  0x00A5, 0x0085, 0x0085, 0x0085, 0x0084, 0x0084, 0x0084, 0x0084, 0x0084, 0x0064, 0x0064, 0x0064,
  0x0064, 0x0063, 0x0063, 0x0063, 0x0063, 0x0043, 0x0063, 0x0043, 0x0043, 0x0042, 0x0042, 0x0042,
  0x0042, 0x0022, 0x0042, 0x0042, 0x0042, 0x0042, 0x0042, 0x0042, 0x0063, 0x0863, 0x0883, 0x0883,
  0x08A4, 0x10C4, 0x10E4, 0x1128, 0x11AD, 0x09CF, 0x11AD, 0x09F0, 0x018F, 0x6C36, 0xF7DF, 0xFFFF,
  0xEFBF, 0xE79F, 0xEFBF, 0xEFBF, 0xEFBF, 0xEFBF, 0xEFBF, 0xEFBF, 0xEFBF, 0xFFFF, 0xF7FF, 0xB61B,
  0x4333, 0x018F, 0x016F, 0x0A10, 0x2AD2, 0x3B13, 0x2292, 0x09F0, 0x016F, 0x018F, 0x4B53, 0xB63B,
  0xFFFF, 0x4353, 0x018F, 0x09CE, 0x10C4, 0x0883, 0x0042, 0x0021, 0x0021, 0x0000, 0x0000, 0x0000,
  0x0000, 0x0000, 0x0000, 0x0000, 0x0000, 0x0000, 0x0000, 0x0000, 0x0000, 0x0000, 0x0000, 0x0000,
  0x0000, 0x0000, 0x0000, 0x0000, 0x0000, 0x0000, 0x0000, 0x0000, 0x0000, 0x0000, 0x0000, 0x0000,
  0x0000, 0x0000, 0x0000, 0x0000, 0x0000, 0x0000, 0x0000, 0x0000, 0x0000, 0x0000, 0x0000, 0x0000,
  0x0000, 0x0000, 0x0000, 0x0000, 0x0000, 0x0000, 0x0000, 0x0000, 0x0000, 0x0000, 0x0000, 0x0000,
  0x0000, 0x0000, 0x0000, 0x0000, 0x0000, 0x0000, 0x0000, 0x0000, 0x0000, 0x0000, 0x0000, 0x0000,
  0x0000, 0x0000, 0x0000, 0x0000, 0x0000, 0x0000, 0x0000, 0x0000, 0x0000, 0x0000, 0x0000, 0x0000,
  0x0000, 0x0000, 0x0000, 0x0000, 0x0000, 0x0000, 0x0021, 0x0000, 0x0001, 0x0001, 0x0001, 0x0001,
  0x0001, 0x0001, 0x0021, 0x0021, 0x0021, 0x0001, 0x0001, 0x0021, 0x0021, 0x0021, 0x0022, 0x0022,
  0x0022, 0x0042, 0x0042, 0x0042, 0x0042, 0x0042, 0x0042, 0x0042, 0x0042, 0x0042, 0x0043, 0x0043,
  0x0063, 0x0063, 0x0063, 0x0063, 0x0063, 0x0064, 0x0084, 0x0084, 0x0084, 0x0084, 0x0084, 0x0085,
  0x00A5, 0x00A5, 0x00A5, 0x00A5, 0x00A5, 0x00A6, 0x00C6, 0x00E5, 0x00C6, 0x0085, 0x0064, 0x00C8,
  0x01AE, 0x2CFB, 0xFFFF, 0xFFFF, 0x56FF, 0x0AF3, 0x11EE, 0x122E, 0x1A6F, 0x228F, 0x228F, 0x22AF,
  0x228F, 0x2AD0, 0x2AD0, 0x2AD0, 0x2AD0, 0x2AB0, 0x2AB0, 0x2AB0, 0x228F, 0x32D1, 0x2AF1, 0x3B72,
  0x22AF, 0x1A6F, 0x3332, 0x1A8F, 0x1A2E, 0x1A6F, 0x2290, 0x2290, 0x228F, 0x1A8F, 0x1AB0, 0x3395,
  0x6DDD, 0x1A91, 0x1270, 0x12B1, 0x3437, 0x765F, 0x6DBD, 0x2332, 0x1290, 0x1A91, 0x2291, 0x1A70,
  0x3BD5, 0x3C16, 0x2B74, 0x1A70, 0x09CD, 0x09CB, 0x018B, 0x014A, 0x0149, 0x00E8, 0x012A, 0x018D,
  0x1250, 0x1A70, 0x122E, 0x094A, 0x016C, 0x0210, 0x0293, 0x0251, 0x01EF, 0x016C, 0x00E8, 0x00E8,
  0x0108, 0x0109, 0x0109, 0x094B, 0x19AC, 0x226E, 0x2AD1, 0x2AD1, 0x2B11, 0x126F, 0x09EE, 0x098B,
  0x0108, 0x00A7, 0x0086, 0x00A9, 0x010B, 0x0275, 0x0234, 0x01AF, 0x3374, 0x09CC, 0x0109, 0x11CD,
  0x2290, 0x2AB1, 0x2A2E, 0x21CB, 0x0908, 0x0065, 0x0023, 0x0044, 0x0065, 0x0084, 0x00A5, 0x0085,
  0x0085, 0x0084, 0x0084, 0x0084, 0x0084, 0x0064, 0x0064, 0x0064, 0x0064, 0x0064, 0x0063, 0x0063,
  0x0063, 0x0063, 0x0063, 0x0063, 0x0043, 0x0043, 0x0043, 0x0043, 0x0043, 0x0042, 0x0042, 0x0042,
  0x0042, 0x0062, 0x0063, 0x0883, 0x0883, 0x08A4, 0x10C4, 0x10C4, 0x18E5, 0x1128, 0x11AD, 0x0A11,
  0x01D0, 0x018F, 0x09F0, 0x09F0, 0x018F, 0x4374, 0xF7DF, 0xE79F, 0xEFBF, 0xEFBF, 0xEFBF, 0xEFBF,
  0xEFBF, 0xEFBF, 0xEFBF, 0xEFBF, 0xEFDF, 0xB61B, 0x4333, 0x018F, 0x016F, 0x09F0, 0x2AD3, 0x4334,
  0x2AD2, 0x0A10, 0x016F, 0x018F, 0x4333, 0xB61B, 0xFFFF, 0xF7FF, 0xF7FF, 0xAE1B, 0x01AF, 0x0A11,
  0x1149, 0x0883, 0x0862, 0x0041, 0x0021, 0x0000, 0x0000, 0x0000, 0x0000, 0x0000, 0x0000, 0x0000,
  0x0000, 0x0000, 0x0000, 0x0000, 0x0000, 0x0000, 0x0000, 0x0000, 0x0000, 0x0000, 0x0000, 0x0000,
  0x0000, 0x0000, 0x0000, 0x0000, 0x0000, 0x0000, 0x0000, 0x0000, 0x0000, 0x0000, 0x0000, 0x0000,
  0x0000, 0x0000, 0x0000, 0x0000, 0x0000, 0x0000, 0x0000, 0x0000, 0x0000, 0x0000, 0x0000, 0x0000,
  0x0000, 0x0000, 0x0000, 0x0000, 0x0000, 0x0000, 0x0000, 0x0000, 0x0000, 0x0000, 0x0000, 0x0000,
  0x0000, 0x0000, 0x0000, 0x0000, 0x0000, 0x0000, 0x0000, 0x322A, 0x0000, 0x0000, 0x0000, 0x0000,
  0x0000, 0x0000, 0x0000, 0x0000, 0x0000, 0x0000, 0x10C3, 0x0000, 0x0000, 0x0000, 0x0000, 0x0000,
  0x0000, 0x0000, 0x0000, 0x0000, 0x0001, 0x0001, 0x0001, 0x0001, 0x0001, 0x0021, 0x0021, 0x0021,
  0x0021, 0x0021, 0x0021, 0x0042, 0x0022, 0x0022, 0x0022, 0x0022, 0x0022, 0x0042, 0x0042, 0x0042,
  0x0042, 0x0042, 0x0042, 0x0042, 0x0042, 0x0043, 0x0043, 0x08A4, 0x0063, 0x0063, 0x0063, 0x0064,
  0x0084, 0x0084, 0x0084, 0x0083, 0x0084, 0x0084, 0x00A4, 0x00A5, 0x00A5, 0x00A5, 0x00A5, 0x00A5,
  0x00C6, 0x00C6, 0x00A5, 0x0084, 0x0084, 0x0928, 0x2A6E, 0x2AB1, 0x22D3, 0x45DF, 0x7FFF, 0x77BF,
  0x35DE, 0x1B34, 0x014B, 0x012A, 0x0129, 0x00C8, 0x00E8, 0x0108, 0x00E8, 0x00E8, 0x00E8, 0x00E8,
  0x00E9, 0x0949, 0x0129, 0x0129, 0x0128, 0x0109, 0x094A, 0x014A, 0x098B, 0x224E, 0x096B, 0x014A,
  0x118A, 0x118B, 0x11AC, 0x11CB, 0x11CC, 0x11CC, 0x09CC, 0x09CD, 0x018C, 0x09AD, 0x11EE, 0x2B33,
  0x3BF6, 0x2B54, 0x016C, 0x016C, 0x09EE, 0x014B, 0x012B, 0x00EA, 0x0A0D, 0x2373, 0x75DD, 0x2B14,
  0x3374, 0x2B53, 0x22D1, 0x22B0, 0x1A4E, 0x122F, 0x1250, 0x126F, 0x09CD, 0x016C, 0x1A50, 0x22F3,
  0x1B55, 0x0BB8, 0x351E, 0x45DF, 0x02F5, 0x0210, 0x09EE, 0x2290, 0x22D1, 0x22F2, 0x2334, 0x22B1,
  0x220D, 0x11AB, 0x096B, 0x0108, 0x00A7, 0x00C8, 0x0108, 0x0129, 0x0909, 0x08E8, 0x0908, 0x00E7,
  0x092A, 0x11EF, 0x014D, 0x010B, 0x012A, 0x4372, 0x11CE, 0x00A7, 0x0065, 0x0066, 0x0909, 0x21EC,
  0x32AE, 0x328E, 0x222D, 0x1149, 0x0885, 0x0063, 0x0023, 0x0064, 0x00A4, 0x00A4, 0x0084, 0x0084,
  0x0084, 0x0084, 0x0084, 0x0084, 0x0084, 0x0064, 0x0064, 0x0063, 0x0063, 0x0063, 0x0063, 0x0063,
  0x0063, 0x0063, 0x0063, 0x0063, 0x0043, 0x0043, 0x0043, 0x0063, 0x0063, 0x0883, 0x0883, 0x08A4,
  0x10C4, 0x10C5, 0x1905, 0x1948, 0x11AD, 0x0A11, 0x01D0, 0x014E, 0x2AB2, 0x4B94, 0x01AF, 0x09F0,
  0x09F0, 0x018F, 0xA5DA, 0xFFFF, 0xEF9F, 0xEFBF, 0xEFBF, 0xEFBF, 0xEFBF, 0xEFBF, 0xEFBF, 0xEFBF,
  0xF7FF, 0x3B13, 0x012E, 0x09F0, 0x2AD2, 0x4374, 0x32F3, 0x0A10, 0x016F, 0x016F, 0x4333, 0xB61B,
  0xF7FF, 0xFFFF, 0xEFBF, 0xEF9F, 0xEFBF, 0xF7DF, 0x4374, 0x018F, 0x09CE, 0x10C4, 0x0883, 0x0042,
  0x0021, 0x0020, 0x0000, 0x0000, 0x0000, 0x0000, 0x0000, 0x0000, 0x0000, 0x0000, 0x0000, 0x0000,
  0x0000, 0x0000, 0x0000, 0x0000, 0x0000, 0x0000, 0x0000, 0x0000, 0x0000, 0x0000, 0x0000, 0x0000,
  0x0000, 0x0000, 0x0000, 0x0000, 0x0000, 0x0000, 0x0000, 0x0000, 0x0000, 0x0000, 0x0000, 0x0000,
  0x0000, 0x0000, 0x0000, 0x0000, 0x0000, 0x0000, 0x0000, 0x0000, 0x0000, 0x0000, 0x0000, 0x0000,
  0x0000, 0x0000, 0x0000, 0x0000, 0x0000, 0x0000, 0x0000, 0x0000, 0x0000, 0x0000, 0x0000, 0x0000,
  0x0000, 0x0000, 0x0000, 0x0021, 0x0000, 0x0000, 0x0000, 0x0000, 0x0000, 0x0000, 0x0000, 0x0000,
  0x0000, 0x0000, 0x0041, 0x0000, 0x0000, 0x0000, 0x0000, 0x0000, 0x0000, 0x0000, 0x0001, 0x0001,
  0x0001, 0x0001, 0x0021, 0x0001, 0x0021, 0x0021, 0x0021, 0x0001, 0x0021, 0x0021, 0x0021, 0x0022,
  0x0022, 0x0022, 0x0022, 0x0022, 0x0022, 0x0042, 0x0022, 0x0042, 0x0042, 0x0042, 0x0042, 0x0042,
  0x0043, 0x0043, 0x0063, 0x0063, 0x0063, 0x0064, 0x0084, 0x0084, 0x0084, 0x0084, 0x0064, 0x0084,
  0x0084, 0x0064, 0x00A5, 0x00A5, 0x00A5, 0x00A5, 0x00C6, 0x00A5, 0x0043, 0x0044, 0x0107, 0x19AB,
  0x32AF, 0x32D0, 0x118B, 0x0109, 0x3374, 0x0272, 0x03DA, 0x145B, 0x0272, 0x2333, 0x4416, 0x2AD1,
  0x096B, 0x092A, 0x116B, 0x096B, 0x116B, 0x116B, 0x116B, 0x118B, 0x11AC, 0x11CC, 0x11EB, 0x19CB,
  0x19CC, 0x19EC, 0x1A0C, 0x1A4E, 0x3312, 0x124E, 0x11ED, 0x1A0D, 0x1A0D, 0x1A0D, 0x1A2D, 0x1A2E,
  0x19ED, 0x11AD, 0x19EE, 0x22D2, 0x3BD5, 0x3B95, 0x2291, 0x122F, 0x0A0E, 0x020E, 0x0A2F, 0x012D,
  0x016C, 0x1AB1, 0x2B74, 0x4458, 0x2374, 0x12B1, 0x1B34, 0x0A0F, 0x09AC, 0x09CD, 0x09CC, 0x09AC,
  0x124F, 0x1271, 0x1A71, 0x2B14, 0x33B5, 0x4457, 0x33F6, 0x2BD7, 0x2C7A, 0x4E7F, 0xFFFF, 0xFFFF,
  0x4E5F, 0x1B97, 0x2B55, 0x1A91, 0x09AD, 0x096B, 0x014B, 0x0109, 0x00C8, 0x00C8, 0x0109, 0x014A,
  0x094A, 0x096A, 0x096A, 0x096A, 0x094A, 0x0929, 0x0929, 0x08C7, 0x118B, 0x096B, 0x012A, 0x092A,
  0x00E9, 0x012B, 0x3314, 0x2291, 0x0109, 0x00A7, 0x0065, 0x0064, 0x0065, 0x00C7, 0x116A, 0x220E,
  0x2A4E, 0x222C, 0x1189, 0x08E8, 0x0064, 0x0043, 0x0063, 0x0064, 0x0084, 0x00A5, 0x0085, 0x0084,
  0x0084, 0x0084, 0x0064, 0x0064, 0x0063, 0x0063, 0x0063, 0x0064, 0x0063, 0x0064, 0x0064, 0x0043,
  0x0063, 0x0063, 0x0063, 0x0883, 0x08A4, 0x08A4, 0x10C5, 0x10E5, 0x1905, 0x1948, 0x11CD, 0x0A11,
  0x01D0, 0x016E, 0x2251, 0x8D18, 0xEF9F, 0xEF9F, 0x1A51, 0x01CF, 0x09F0, 0x01AF, 0x3313, 0xEFBF,
  0xEFBF, 0xEFBF, 0xEFBF, 0xEFBF, 0xEFBF, 0xEFBF, 0xEFBF, 0xEFBF, 0xF7FF, 0xB65C, 0x01AF, 0x09F0,
  0x2AB2, 0x1231, 0x016F, 0x016F, 0x3B13, 0xADFA, 0xF7FF, 0xFFFF, 0xEFBF, 0xEFBF, 0xEFBF, 0xEFBF,
  0xEFBF, 0xFFFF, 0xB63B, 0x018F, 0x0A11, 0x0949, 0x1083, 0x0862, 0x0042, 0x0021, 0x0020, 0x0000,
  0x0000, 0x0000, 0x0000, 0x0861, 0x10A3, 0x0000, 0x0000, 0x0000, 0x0000, 0x0000, 0x0000, 0x0000,
  0x0000, 0x0000, 0x0000, 0x0000, 0x0000, 0x0000, 0x0000, 0x0000, 0x0000, 0x0000, 0x0000, 0x0000,
  0x0000, 0x0000, 0x0000, 0x0000, 0x0000, 0x0000, 0x0000, 0x0000, 0x0000, 0x10E5, 0x0022, 0x0000,
  0x0000, 0x0000, 0x0000, 0x0000, 0x0000, 0x0000, 0x0000, 0x0000, 0x0000, 0x0000, 0x0000, 0x0000,
  0x0000, 0x0000, 0x0000, 0x0000, 0x0000, 0x0000, 0x0000, 0x0000, 0x0000, 0x0000, 0x0000, 0x0000,
  0x0000, 0x0000, 0x0000, 0x0000, 0x0000, 0x0000, 0x0000, 0x0000, 0x0000, 0x0000, 0x0061, 0x0000,
  0x0000, 0x0000, 0x0000, 0x0000, 0x0000, 0x0000, 0x0001, 0x0001, 0x0021, 0x0021, 0x0021, 0x0021,
  0x0021, 0x0021, 0x0021, 0x0001, 0x0021, 0x0021, 0x0021, 0x0022, 0x0022, 0x0022, 0x0022, 0x0042,
  0x0042, 0x0042, 0x0042, 0x0042, 0x0042, 0x0042, 0x0042, 0x0042, 0x0043, 0x0063, 0x0063, 0x0063,
  0x0064, 0x0064, 0x0084, 0x0084, 0x0064, 0x00A4, 0x0065, 0x0085, 0x0084, 0x00A5, 0x00A5, 0x0085,
  0x00A5, 0x0085, 0x0043, 0x0063, 0x1109, 0x21ED, 0x2A6E, 0x19CC, 0x0109, 0x0024, 0x00C7, 0x4C16,
  0x120E, 0x00EA, 0x0AB2, 0x1293, 0x098E, 0x016C, 0x09ED, 0x3353, 0x3B32, 0x11EC, 0x00E9, 0x094A,
  0x11AC, 0x11CC, 0x11CC, 0x11CC, 0x098B, 0x11CC, 0x19EC, 0x1A0D, 0x1A0E, 0x1A0D, 0x1A4E, 0x3311,
  0x1A4E, 0x120E, 0x1A2E, 0x1A2E, 0x1A2E, 0x1A2E, 0x1A0E, 0x120E, 0x1AB0, 0x3354, 0x43B6, 0x3BD5,
  0x2313, 0x1250, 0x1230, 0x1271, 0x12D2, 0x4D1A, 0x5DBE, 0x23F8, 0x4D1A, 0x453C, 0x8F9F, 0xE7FF,
  0x1B57, 0x0A73, 0x0293, 0x0210, 0x01CD, 0x01CE, 0x0A0E, 0x122F, 0x1A91, 0x1AD2, 0x22F3, 0x22B2,
  0x1AD2, 0x12B1, 0x0A51, 0x0A73, 0x1B76, 0x2CBD, 0xA7FF, 0xFFFF, 0x673F, 0x02F4, 0x1271, 0x2B54,
  0x1A92, 0x0A0F, 0x016B, 0x012A, 0x092A, 0x016B, 0x096C, 0x096C, 0x098C, 0x096B, 0x094A, 0x096A,
  0x096A, 0x092A, 0x092A, 0x094A, 0x11EC, 0x0109, 0x014A, 0x0129, 0x096B, 0x010A, 0x09AC, 0x2AD1,
  0x2270, 0x010A, 0x00C8, 0x08E8, 0x00E8, 0x00C7, 0x0086, 0x0086, 0x00A6, 0x0908, 0x19AC, 0x2A4E,
  0x2A2E, 0x21CC, 0x0908, 0x0065, 0x0024, 0x0044, 0x0084, 0x00A4, 0x0084, 0x0084, 0x0064, 0x0084,
  0x0084, 0x0084, 0x0084, 0x0084, 0x0064, 0x0085, 0x0085, 0x0084, 0x0083, 0x08A4, 0x08A4, 0x08C4,
  0x10C5, 0x10E5, 0x1925, 0x1968, 0x11CD, 0x0A10, 0x01D0, 0x016E, 0x1A31, 0x84F8, 0xE77E, 0xFFFF,
  0xEFBF, 0xFFFF, 0x84F8, 0x016F, 0x0A10, 0x09F0, 0x018F, 0x9DBA, 0xFFFF, 0xEF9F, 0xEFBF, 0xEFBF,
  0xEFBF, 0xEFBF, 0xEFBF, 0xEFBF, 0xEFBF, 0xF7FF, 0x4B74, 0x018F, 0x018F, 0x016F, 0x3AF3, 0xADDA,
  0xF7FF, 0xFFFF, 0xEFBF, 0xEFBF, 0xEFBF, 0xEFBF, 0xEFBF, 0xEFBF, 0xEFBF, 0xE79F, 0xFFFF, 0x53D5,
  0x018F, 0x09CE, 0x10C4, 0x0883, 0x0862, 0x0041, 0x0021, 0x0021, 0x0000, 0x0000, 0x0000, 0x0021,
  0x0040, 0x0000, 0x0000, 0x0000, 0x0000, 0x0000, 0x0000, 0x0000, 0x0000, 0x0000, 0x0000, 0x0000,
  0x0000, 0x0000, 0x0000, 0x0000, 0x0000, 0x0000, 0x0000, 0x0000, 0x0000, 0x0000, 0x0000, 0x0000,
  0x0000, 0x0000, 0x0000, 0x0000, 0x0000, 0x322B, 0x08A3, 0x0000, 0x0000, 0x0000, 0x0000, 0x0000,
  0x0000, 0x0000, 0x0000, 0x0000, 0x0000, 0x0000, 0x0000, 0x0000, 0x0000, 0x0000, 0x0000, 0x0000,
  0x0000, 0x0000, 0x0000, 0x0000, 0x0000, 0x0000, 0x0000, 0x0000, 0x0000, 0x0000, 0x0000, 0x0000,
  0x0000, 0x0000, 0x0000, 0x0000, 0x0000, 0x0000, 0x0021, 0x0000, 0x0000, 0x0000, 0x0000, 0x0000,
  0x0000, 0x0000, 0x0001, 0x0001, 0x0001, 0x0021, 0x0021, 0x0021, 0x0021, 0x0021, 0x0021, 0x0021,
  0x0021, 0x0021, 0x0022, 0x0022, 0x0022, 0x0022, 0x0022, 0x0042, 0x0042, 0x0042, 0x0042, 0x0042,
  0x08A4, 0x08A4, 0x0042, 0x0043, 0x0043, 0x0063, 0x0063, 0x0064, 0x0064, 0x0084, 0x0084, 0x0084,
  0x00A5, 0x00E6, 0x00C6, 0x00A6, 0x00A6, 0x00A6, 0x0085, 0x0023, 0x0023, 0x08E7, 0x220C, 0x326E,
  0x2A4D, 0x094A, 0x0086, 0x0085, 0x0064, 0x0989, 0x4BF4, 0x120C, 0x0066, 0x112A, 0x09EE, 0x09EE,
  0x01AC, 0x09AB, 0x098C, 0x012A, 0x11AC, 0x3B51, 0x3331, 0x09CC, 0x014A, 0x11ED, 0x120D, 0x1A2D,
  0x224E, 0x1A0D, 0x1A0D, 0x120D, 0x11EE, 0x224F, 0x2AF2, 0x1A4F, 0x1A4E, 0x226F, 0x226E, 0x1A2D,
  0x120E, 0x1A70, 0x2AF2, 0x3B74, 0x3BF5, 0x2B53, 0x1250, 0x01CE, 0x2AF3, 0x2313, 0x2BB6, 0x3417,
  0x4499, 0x557D, 0x5DFE, 0x2C37, 0x1B13, 0x0AB2, 0x23F6, 0x55BD, 0x241A, 0x1B77, 0x96BF, 0x5CD8,
  0x1210, 0x22F3, 0x2AF4, 0x22F4, 0x22D3, 0x22D3, 0x1A92, 0x0A50, 0x01CF, 0x01CF, 0x1B14, 0x2C19,
  0x2398, 0x0273, 0x0336, 0x14DC, 0x0397, 0x3C59, 0x12D2, 0x0291, 0x1B56, 0x2B97, 0x2B75, 0x2333,
  0x1270, 0x018C, 0x012B, 0x012B, 0x096C, 0x096C, 0x096A, 0x096A, 0x014A, 0x094B, 0x012A, 0x09ED,
  0x11EC, 0x0928, 0x094A, 0x0929, 0x0929, 0x094A, 0x0128, 0x01CB, 0x1A0E, 0x224F, 0x094A, 0x014A,
  0x0149, 0x00E8, 0x00E7, 0x0107, 0x00E7, 0x00A7, 0x0086, 0x0085, 0x00C6, 0x116A, 0x220D, 0x222D,
  0x21EB, 0x0928, 0x0085, 0x0023, 0x0042, 0x0043, 0x0044, 0x0084, 0x00A4, 0x00A5, 0x00A5, 0x00A5,
  0x00A5, 0x00A5, 0x08C6, 0x08A5, 0x08A4, 0x08C5, 0x10E5, 0x1105, 0x1926, 0x1968, 0x11CD, 0x0A10,
  0x01D0, 0x016F, 0x1A30, 0x84D7, 0xE75E, 0xFFFF, 0xEFDF, 0xE79F, 0xEFBF, 0xEFDF, 0xE77F, 0x2271,
  0x01AF, 0x09F0, 0x01AF, 0x32F3, 0xEFBF, 0xEFBF, 0xEFBF, 0xEFBF, 0xEFBF, 0xEFBF, 0xEFBF, 0xEFBF,
  0xEFBF, 0xF7FF, 0xBE7C, 0x016F, 0x32D2, 0xA5BA, 0xF7DF, 0xFFFF, 0xEFBF, 0xEF9F, 0xEFBF, 0xEFBF,
  0xEFBF, 0xEFBF, 0xEFBF, 0xEF9F, 0xF7FF, 0xFFFF, 0xC67C, 0x4333, 0x01AF, 0x09CF, 0x10E5, 0x08A4,
  0x0883, 0x0842, 0x0041, 0x0021, 0x0020, 0x0000, 0x0021, 0x1083, 0x0000, 0x0000, 0x0000, 0x0000,
  0x0000, 0x0000, 0x0000, 0x0000, 0x0000, 0x0000, 0x0000, 0x0000, 0x0000, 0x0000, 0x0000, 0x0000,
  0x0000, 0x0000, 0x0000, 0x0000, 0x0000, 0x0000, 0x0000, 0x0000, 0x0000, 0x0000, 0x0000, 0x0000,
  0x0000, 0x0000, 0x0000, 0x0000, 0x0000, 0x0000, 0x0000, 0x0000, 0x0000, 0x0000, 0x0000, 0x0000,
  0x0000, 0x0000, 0x0000, 0x0000, 0x0000, 0x0000, 0x0000, 0x0000, 0x0000, 0x0000, 0x0000, 0x0000,
  0x0000, 0x0000, 0x0000, 0x0002, 0x0883, 0x0021, 0x0000, 0x0000, 0x0000, 0x0000, 0x0000, 0x0000,
  0x0000, 0x0000, 0x0000, 0x0000, 0x0000, 0x0000, 0x0000, 0x0000, 0x0001, 0x0001, 0x0021, 0x0001,
  0x0001, 0x0001, 0x0021, 0x0021, 0x0021, 0x0021, 0x0021, 0x0021, 0x0021, 0x0022, 0x0022, 0x0022,
  0x0042, 0x0042, 0x0022, 0x0022, 0x0022, 0x0042, 0x0042, 0x0043, 0x0043, 0x0043, 0x0043, 0x0043,
  0x0063, 0x0063, 0x0064, 0x0064, 0x0084, 0x0084, 0x00A4, 0x00A5, 0x0086, 0x00E7, 0x00E7, 0x00C6,
  0x0065, 0x0065, 0x00A6, 0x21EC, 0x2A4E, 0x224D, 0x118A, 0x00C7, 0x0065, 0x0085, 0x00C6, 0x0065,
  0x116A, 0x3B12, 0x096B, 0x00A6, 0x0908, 0x094A, 0x09CC, 0x09CC, 0x09AB, 0x118B, 0x118B, 0x11CB,
  0x096A, 0x0109, 0x120D, 0x3B74, 0x2AD1, 0x098C, 0x11AC, 0x120D, 0x2A8F, 0x2AB0, 0x2AB0, 0x226F,
  0x2270, 0x32F2, 0x1A4F, 0x1A2F, 0x1A4F, 0x1A4F, 0x1A6F, 0x2B11, 0x43D6, 0x43F7, 0x33B6, 0x2B54,
  0x22F3, 0x2313, 0x22F2, 0x5CFA, 0x6D9D, 0x3C58, 0x44B9, 0x33F7, 0x2B35, 0x1AB3, 0x1271, 0x0A0F,
  0x09CF, 0x0A30, 0x12F3, 0x44FB, 0x3CB9, 0x1BB6, 0x763E, 0x4C58, 0x09F0, 0x1A72, 0x1251, 0x1251,
  0x1251, 0x1272, 0x01F0, 0x01F0, 0x12F3, 0x43F7, 0x33B7, 0x0AB3, 0x0231, 0x0231, 0x0211, 0x1B35,
  0x0A53, 0x1293, 0x2B96, 0x2354, 0x0251, 0x018F, 0x0A30, 0x12F3, 0x2375, 0x2B96, 0x2B55, 0x1A6F,
  0x01CC, 0x012A, 0x0109, 0x010A, 0x096B, 0x096C, 0x016B, 0x1A50, 0x016B, 0x096A, 0x094A, 0x0949,
  0x0949, 0x096A, 0x0929, 0x0107, 0x096A, 0x094A, 0x2A6F, 0x096C, 0x0109, 0x0949, 0x0128, 0x0108,
  0x0108, 0x0108, 0x0108, 0x00E7, 0x00C6, 0x0086, 0x0064, 0x0085, 0x0927, 0x19AA, 0x21EC, 0x21CC,
  0x1949, 0x00C6, 0x0043, 0x0044, 0x0084, 0x00A5, 0x00C7, 0x00E7, 0x00E7, 0x0908, 0x08C6, 0x08E6,
  0x1106, 0x1106, 0x1926, 0x1968, 0x11CD, 0x1210, 0x01F0, 0x016F, 0x1A10, 0x7CB7, 0xDF5E, 0xFFFF,
  0xEFDF, 0xE79F, 0xEFBF, 0xEFBF, 0xEFBF, 0xE79F, 0xFFFF, 0x8518, 0x016F, 0x09F0, 0x09F0, 0x018F,
  0x9D9A, 0xFFFF, 0xEF9F, 0xEFBF, 0xEFBF, 0xEFBF, 0xEFBF, 0xEFBF, 0xEFBF, 0xEFBF, 0xEFBF, 0xB63B,
  0xEFBF, 0xFFFF, 0xEFBF, 0xEF9F, 0xEFBF, 0xEFBF, 0xEFBF, 0xEFBF, 0xEFBF, 0xE79F, 0xF7FF, 0xFFFF,
  0xC69C, 0x53B4, 0x01AF, 0x018F, 0x09F1, 0x11AC, 0x1905, 0x10C4, 0x0883, 0x0862, 0x0042, 0x0041,
  0x0021, 0x0841, 0x0000, 0x0021, 0x0001, 0x0000, 0x0000, 0x0000, 0x0000, 0x0000, 0x0000, 0x0000,
  0x0000, 0x0000, 0x0000, 0x0000, 0x0000, 0x0000, 0x0000, 0x0000, 0x0000, 0x0000, 0x0000, 0x0000,
  0x0000, 0x0000, 0x0000, 0x0000, 0x0000, 0x0000, 0x0000, 0x0000, 0x0000, 0x0000, 0x0000, 0x0000,
  0x0000, 0x0000, 0x0000, 0x0000, 0x0000, 0x0000, 0x0000, 0x0000, 0x0000, 0x0000, 0x0000, 0x0000,
  0x0000, 0x0000, 0x0000, 0x0000, 0x0000, 0x0000, 0x0000, 0x0000, 0x0000, 0x0000, 0x0000, 0x0000,
  0x0000, 0x0000, 0x0000, 0x0000, 0x0000, 0x0000, 0x0000, 0x0000, 0x0000, 0x0000, 0x0000, 0x0000,
  0x0000, 0x0000, 0x0000, 0x0000, 0x0001, 0x0001, 0x0001, 0x0001, 0x0001, 0x0001, 0x0021, 0x0021,
  0x0021, 0x0021, 0x0021, 0x0021, 0x0022, 0x0022, 0x0022, 0x0022, 0x0042, 0x0042, 0x0022, 0x0022,
  0x0042, 0x10C4, 0x0042, 0x0043, 0x0043, 0x0043, 0x0063, 0x0063, 0x0063, 0x0063, 0x0064, 0x0084,
  0x0084, 0x0084, 0x00A5, 0x00A6, 0x00A7, 0x014C, 0x01B0, 0x00C9, 0x00C8, 0x19CC, 0x32AF, 0x5352,
  0x00C6, 0x0043, 0x0043, 0x0084, 0x00A5, 0x00C6, 0x0045, 0x19AB, 0x32F1, 0x098B, 0x014A, 0x0108,
  0x0929, 0x096B, 0x09AB, 0x098A, 0x098B, 0x098B, 0x118C, 0x11CB, 0x09AB, 0x11CC, 0x094B, 0x014B,
  0x22B0, 0x4393, 0x2290, 0x09ED, 0x1A4F, 0x2A90, 0x2A91, 0x3353, 0x43D6, 0x2270, 0x224F, 0x22B1,
  0x3353, 0x4C17, 0x5499, 0x54B9, 0x4458, 0x3BB7, 0x3B96, 0x3BB7, 0x3BD7, 0x2B75, 0x549A, 0x3BF6,
  0x1AB2, 0x1AF3, 0x1AD2, 0x1A91, 0x1A72, 0x22B3, 0x2B14, 0x2335, 0x2356, 0x2335, 0x1AD4, 0x1B14,
  0x33B7, 0x0A92, 0x0AD4, 0x2BB7, 0x0A93, 0x12F4, 0x1B14, 0x12D4, 0x0A93, 0x0A92, 0x1B35, 0x2BF7,
  0x2BD7, 0x12B3, 0x0A73, 0x1AD5, 0x12D3, 0x1293, 0x0A31, 0x1AF4, 0x1AF4, 0x1273, 0x0A72, 0x1B14,
  0x33B6, 0x2314, 0x01AE, 0x016C, 0x01CE, 0x0230, 0x12B1, 0x2B14, 0x33F7, 0x33D6, 0x3353, 0x2270,
  0x012B, 0x012B, 0x016C, 0x122F, 0x014B, 0x018B, 0x094B, 0x094A, 0x016A, 0x016B, 0x098A, 0x0129,
  0x0129, 0x016A, 0x00C9, 0x3290, 0x11AB, 0x00A7, 0x014A, 0x014A, 0x00E8, 0x00E8, 0x00E7, 0x00E7,
  0x00E6, 0x00E7, 0x00E7, 0x00C6, 0x0084, 0x0063, 0x0045, 0x08E6, 0x1189, 0x21CB, 0x19AA, 0x1128,
  0x00E7, 0x00A7, 0x00E8, 0x092B, 0x094D, 0x094B, 0x1108, 0x1127, 0x1947, 0x1969, 0x11CD, 0x1210,
  0x01F1, 0x016F, 0x1210, 0x7497, 0xDF3E, 0xFFFF, 0xEFDF, 0xE79F, 0xEFBF, 0xEFBF, 0xEFBF, 0xEFBF,
  0xEFBF, 0xEFBF, 0xEFDF, 0xE77F, 0x2271, 0x01AF, 0x0A10, 0x01AF, 0x32D2, 0xEFBF, 0xEFBF, 0xEFBF,
  0xEFBF, 0xEFBF, 0xEFBF, 0xEFBF, 0xEFBF, 0xEFBF, 0xEFBF, 0xF7FF, 0xEFBF, 0xE79F, 0xEFBF, 0xEFBF,
  0xEFBF, 0xEFBF, 0xEFBF, 0xE79F, 0xF7FF, 0xFFFF, 0xC6BC, 0x5BD5, 0x01AF, 0x016F, 0x01F0, 0x1210,
  0x21ED, 0x29A8, 0x1968, 0x116A, 0x0929, 0x0883, 0x10A3, 0x0062, 0x0021, 0x0020, 0x0000, 0x0000,
  0x0000, 0x0000, 0x0000, 0x0000, 0x0000, 0x0000, 0x0000, 0x0000, 0x0000, 0x0041, 0x0000, 0x0000,
  0x0000, 0x0000, 0x0000, 0x0000, 0x0000, 0x0000, 0x0000, 0x0000, 0x0000, 0x0000, 0x0000, 0x0000,
  0x0000, 0x0000, 0x0000, 0x0000, 0x0000, 0x0000, 0x0000, 0x0000, 0x0000, 0x0000, 0x0000, 0x0000,
  0x0000, 0x0000, 0x0000, 0x0000, 0x0000, 0x0000, 0x0000, 0x0000, 0x0000, 0x0000, 0x0000, 0x0000,
  0x0000, 0x0000, 0x0000, 0x0000, 0x0041, 0x0000, 0x0000, 0x0000, 0x0000, 0x0000, 0x0000, 0x0000,
  0x0000, 0x0000, 0x0021, 0x0862, 0x0000, 0x0000, 0x0000, 0x0001, 0x0021, 0x0001, 0x0001, 0x0001,
  0x0001, 0x0001, 0x0001, 0x0021, 0x0021, 0x0021, 0x0021, 0x0021, 0x0021, 0x0022, 0x0022, 0x0022,
  0x0022, 0x0022, 0x0042, 0x0042, 0x0042, 0x0042, 0x0042, 0x0042, 0x0042, 0x0043, 0x0043, 0x0043,
  0x0043, 0x0063, 0x0063, 0x0063, 0x0064, 0x0064, 0x0064, 0x0084, 0x0085, 0x0084, 0x00A5, 0x00A6,
  0x0088, 0x659D, 0xFFFF, 0x34FE, 0x2355, 0x1A4F, 0x11EC, 0x0086, 0x0928, 0x116A, 0x0929, 0x0929,
  0x096B, 0x0149, 0x19ED, 0x32AF, 0x00C6, 0x098A, 0x0129, 0x0149, 0x0929, 0x098B, 0x11CC, 0x098B,
  0x098B, 0x098C, 0x11AC, 0x11CC, 0x11AC, 0x11AC, 0x1A2E, 0x1A0E, 0x098C, 0x11ED, 0x3B93, 0x33B4,
  0x1AF3, 0x1274, 0x12D5, 0x3416, 0x2354, 0x3B95, 0x4C58, 0x5438, 0x4C38, 0x43D7, 0x43F7, 0x4417,
  0x3BB6, 0x3BB6, 0x3B95, 0x3354, 0x22F3, 0x4417, 0x33B6, 0x1A91, 0x2AF3, 0x2B54, 0x3396, 0x3396,
  0x3396, 0x3396, 0x2BB7, 0x2BB7, 0x2397, 0x2397, 0x33D9, 0x33D9, 0x2B98, 0x33F9, 0x1B56, 0x2BD8,
  0x1B77, 0x1B97, 0x1B57, 0x1356, 0x23B7, 0x3439, 0x3419, 0x2357, 0x12F5, 0x1AF5, 0x2315, 0x1AF5,
  0x2336, 0x2356, 0x12B3, 0x1B14, 0x1B35, 0x12B3, 0x1293, 0x1AF4, 0x1292, 0x2314, 0x33B6, 0x1AD2,
  0x09EE, 0x1230, 0x11EF, 0x09AE, 0x01CF, 0x0A51, 0x3C56, 0x763F, 0x4D1D, 0x23F8, 0x2B95, 0x01CE,
  0x00A9, 0x014B, 0x014A, 0x0129, 0x094A, 0x012A, 0x098B, 0x094B, 0x0129, 0x0109, 0x096B, 0x0109,
  0x22AF, 0x09AC, 0x0088, 0x012A, 0x014B, 0x00A8, 0x00C8, 0x00C7, 0x00A6, 0x00C7, 0x00E7, 0x00A6,
  0x0085, 0x0085, 0x0064, 0x0064, 0x0043, 0x0064, 0x08E8, 0x0949, 0x19CB, 0x224F, 0x0A50, 0x3415,
  0x5D17, 0x1272, 0x196A, 0x1989, 0x11CD, 0x1210, 0x01F1, 0x016F, 0x11F0, 0x7476, 0xDF3E, 0xFFFF,
  0xEFDF, 0xE79F, 0xEFBF, 0xEFBF, 0xEFBF, 0xEFBF, 0xEFBF, 0xEFBF, 0xEFBF, 0xEFBF, 0xE77F, 0xFFFF,
  0x9DBA, 0x018F, 0x09F0, 0x09F0, 0x018F, 0x9579, 0xFFFF, 0xE79F, 0xEFBF, 0xEFBF, 0xEFBF, 0xEFBF,
  0xEFBF, 0xEFBF, 0xEFBF, 0xEFBF, 0xEFBF, 0xEFBF, 0xEFBF, 0xEFBF, 0xEFBF, 0xE79F, 0xF7FF, 0xFFFF,
  0xCEDD, 0x5BF5, 0x09CF, 0x016F, 0x01D0, 0x1231, 0x2A8F, 0x428D, 0x322B, 0x19EE, 0x0A10, 0x01F0,
  0x0A11, 0x098C, 0x10C4, 0x0862, 0x0041, 0x0021, 0x0000, 0x0000, 0x0000, 0x0000, 0x0000, 0x0000,
  0x0000, 0x0000, 0x0000, 0x0000, 0x0000, 0x0000, 0x0000, 0x0000, 0x0000, 0x0000, 0x0000, 0x0000,
  0x0000, 0x0000, 0x0000, 0x0000, 0x0000, 0x0000, 0x0000, 0x0000, 0x0000, 0x0000, 0x0000, 0x0000,
  0x0000, 0x0000, 0x0000, 0x0000, 0x0000, 0x0000, 0x0000, 0x0000, 0x0000, 0x0000, 0x0000, 0x0000,
  0x0000, 0x0000, 0x0000, 0x0000, 0x0000, 0x0000, 0x0000, 0x0000, 0x0000, 0x0000, 0x0000, 0x0000,
  0x0000, 0x0000, 0x0000, 0x0000, 0x0000, 0x0000, 0x0000, 0x0000, 0x0000, 0x0000, 0x0000, 0x0001,
  0x0000, 0x0000, 0x0000, 0x0001, 0x0001, 0x0000, 0x0001, 0x0001, 0x0001, 0x0001, 0x0001, 0x0042,
  0x0021, 0x0021, 0x0021, 0x0021, 0x0021, 0x0022, 0x0022, 0x0022, 0x0042, 0x0042, 0x0042, 0x0042,
  0x0042, 0x0042, 0x0042, 0x0042, 0x0042, 0x0043, 0x0043, 0x0043, 0x0063, 0x0063, 0x0063, 0x0063,
  0x0064, 0x0084, 0x0084, 0x0084, 0x00A4, 0x0064, 0x0044, 0x00C8, 0x01AD, 0x9F9F, 0xFFFF, 0x1D1F,
  0x016E, 0x0108, 0x098A, 0x0908, 0x0949, 0x114A, 0x0909, 0x0929, 0x00E8, 0x19AB, 0x2A6E, 0x0066,
  0x11AA, 0x0969, 0x0128, 0x0949, 0x094A, 0x11AB, 0x09AC, 0x09AB, 0x098B, 0x11CC, 0x11AC, 0x11EC,
  0x1A0C, 0x19ED, 0x1A0F, 0x1A4F, 0x1A4F, 0x11EE, 0x09AD, 0x1A92, 0x3418, 0x96BF, 0x9EFF, 0x555B,
  0x54FA, 0x4C37, 0x3374, 0x3375, 0x3BB6, 0x3BD6, 0x4C58, 0x4437, 0x4C37, 0x4C37, 0x3BB5, 0x3BB5,
  0x5CDA, 0x4C99, 0x33D7, 0x3BF7, 0x3C17, 0x3C59, 0x447B, 0x3C39, 0x33D8, 0x3419, 0x449A, 0x449B,
  0x3C9B, 0x347A, 0x343A, 0x343A, 0x23B9, 0x23D9, 0x2C7B, 0x245B, 0x1C1A, 0x1BF9, 0x2C7B, 0x451D,
  0x349B, 0x23F9, 0x1B98, 0x2398, 0x23B8, 0x2377, 0x2377, 0x2398, 0x2377, 0x1B57, 0x1B57, 0x2397,
  0x23F8, 0x1336, 0x1315, 0x12D4, 0x2B97, 0x1273, 0x0A93, 0x33D7, 0x33F7, 0x12B2, 0x0A30, 0x0A51,
  0x0A30, 0x09CF, 0x014D, 0x01D0, 0x1B15, 0x23B8, 0xBFFF, 0x759C, 0x2334, 0x1250, 0x01AD, 0x018C,
  0x09ED, 0x09CD, 0x11AD, 0x11AD, 0x098C, 0x096C, 0x014B, 0x09ED, 0x014B, 0x226F, 0x11CD, 0x010A,
  0x01CE, 0x3B72, 0x09AC, 0x0129, 0x094A, 0x096A, 0x012A, 0x094A, 0x0929, 0x0949, 0x0969, 0x094A,
  0x116A, 0x096A, 0x1A0D, 0x11CC, 0x11CC, 0x11CD, 0x1355, 0xB5B7, 0xB5D7, 0x2B75, 0x11AD, 0x0A10,
  0x01F1, 0x016F, 0x11F0, 0x6C56, 0xD71D, 0xFFFF, 0xF7DF, 0xE79F, 0xEFBF, 0xEFBF, 0xEFBF, 0xEFBF,
  0xEFBF, 0xEFBF, 0xEFBF, 0xEFBF, 0xE79F, 0xEFDF, 0xFFFF, 0xE75E, 0x7497, 0x09CF, 0x09F0, 0x1210,
  0x01AF, 0x2AD2, 0xEF9F, 0xEFBF, 0xEFBF, 0xEFBF, 0xEFBF, 0xEFBF, 0xEFBF, 0xEFBF, 0xEFBF, 0xEFBF,
  0xEFBF, 0xEFBF, 0xEFBF, 0xE79F, 0xF7FF, 0xFFFF, 0xCEDD, 0x6415, 0x09D0, 0x016F, 0x01D0, 0x1231,
  0x3AF1, 0x5350, 0x4AEF, 0x224F, 0x0A11, 0x01D0, 0x016F, 0x1210, 0x09D0, 0x09F1, 0x0907, 0x0862,
  0x0862, 0x0021, 0x0021, 0x0000, 0x0000, 0x0000, 0x0000, 0x0021, 0x0000, 0x0000, 0x0000, 0x0000,
  0x0000, 0x0000, 0x0000, 0x0000, 0x0000, 0x0862, 0x0000, 0x0000, 0x0000, 0x0000, 0x0000, 0x0000,
  0x0000, 0x0000, 0x0000, 0x0000, 0x0000, 0x0000, 0x0000, 0x0000, 0x0000, 0x0000, 0x0000, 0x0000,
  0x0000, 0x0000, 0x0000, 0x0000, 0x0000, 0x0000, 0x0000, 0x0000, 0x0000, 0x0000, 0x0000, 0x0000,
  0x0000, 0x0000, 0x0000, 0x0000, 0x0000, 0x0000, 0x0000, 0x0000, 0x0000, 0x0000, 0x0000, 0x0000,
  0x0000, 0x0000, 0x0000, 0x0000, 0x0000, 0x0021, 0x0000, 0x0000, 0x0000, 0x0000, 0x0001, 0x0863,
  0x0000, 0x0842, 0x0021, 0x0001, 0x0001, 0x0001, 0x0021, 0x0021, 0x0021, 0x0021, 0x0022, 0x0022,
  0x0022, 0x0022, 0x0042, 0x0042, 0x0042, 0x0042, 0x0042, 0x0042, 0x0042, 0x0042, 0x0042, 0x0043,
  0x0043, 0x0043, 0x0063, 0x0063, 0x0063, 0x0063, 0x0064, 0x0064, 0x0064, 0x0084, 0x0084, 0x0064,
  0x0043, 0x0085, 0x19CC, 0x222D, 0x11AC, 0x0274, 0x0399, 0x0253, 0x016D, 0x0108, 0x00C6, 0x00E7,
  0x00E8, 0x00E8, 0x00E7, 0x0065, 0x0108, 0x224E, 0x0087, 0x0169, 0x098A, 0x0108, 0x0929, 0x0949,
  0x094A, 0x11AC, 0x11AC, 0x11AB, 0x098A, 0x098B, 0x094A, 0x098B, 0x096A, 0x09AC, 0x120E, 0x1290,
  0x22F2, 0x4395, 0x4C37, 0x33B5, 0x4D1B, 0xFFFF, 0xFFFF, 0x44FA, 0x2B74, 0x2B54, 0x3395, 0x4C18,
  0x5C99, 0x5CFA, 0x6D5B, 0x5CD9, 0x64DA, 0x64DA, 0x5CFB, 0x6D9E, 0x5D3C, 0x4CBA, 0x54FB, 0x4CBC,
  0x44BB, 0x44FC, 0x453C, 0x3D3D, 0x451D, 0x3D1D, 0x351D, 0x2CFC, 0x2CFC, 0x24DC, 0x24DC, 0x24DD,
  0x1CBC, 0x0C5B, 0x255F, 0x2D7F, 0x2CFD, 0x45DF, 0x357F, 0x149C, 0x0C7B, 0x0C5B, 0x1C7B, 0x1C5B,
  0x1C3A, 0x1C19, 0x1C1A, 0x2419, 0x243A, 0x1BFA, 0x1BF9, 0x1BB9, 0x2C5B, 0x1BB9, 0x2398, 0x1B16,
  0x1315, 0x33F9, 0x1AD5, 0x0A52, 0x2335, 0x3C19, 0x33B7, 0x0A73, 0x0232, 0x0A92, 0x1293, 0x1293,
  0x09EF, 0x014D, 0x0273, 0x01F0, 0x2313, 0x33D7, 0x33F8, 0x22F3, 0x09EF, 0x01AC, 0x018C, 0x120E,
  0x1AB1, 0x1AB1, 0x1A70, 0x22B1, 0x3354, 0x2A71, 0x43B5, 0x2B74, 0x0A71, 0x8E9F, 0x2B53, 0x018C,
  0x09AC, 0x098B, 0x014A, 0x094A, 0x0129, 0x0148, 0x0128, 0x0108, 0x00C7, 0x00C6, 0x00A5, 0x0864,
  0x1149, 0x222E, 0x1A91, 0x2BB5, 0x3BB3, 0x1231, 0x01F1, 0x016F, 0x11D0, 0x6C36, 0xD6FD, 0xFFFF,
  0xF7DF, 0xE79F, 0xEFBF, 0xEFBF, 0xEFBF, 0xEFBF, 0xEFBF, 0xEFBF, 0xEFBF, 0xEFBF, 0xE79F, 0xEFDF,
  0xFFFF, 0xE75E, 0x84D8, 0x1A30, 0x016F, 0x01D0, 0x1A51, 0x3AAF, 0x0A10, 0x018F, 0x9579, 0xFFFF,
  0xE79F, 0xEFBF, 0xEFBF, 0xEFBF, 0xEFBF, 0xEFBF, 0xEFBF, 0xEFBF, 0xEFBF, 0xEFBF, 0xF7FF, 0xFFFF,
  0xD6FD, 0x6C15, 0x09F0, 0x016F, 0x01B0, 0x1231, 0x4333, 0x6BF3, 0x5B92, 0x2AB1, 0x1210, 0x01D0,
  0x016F, 0x1A10, 0x7CB7, 0xDF3D, 0x3B13, 0x01B0, 0x09AD, 0x10A3, 0x0862, 0x0041, 0x0021, 0x0020,
  0x0000, 0x0000, 0x0000, 0x0862, 0x0000, 0x0000, 0x0000, 0x0000, 0x0000, 0x0000, 0x0000, 0x0000,
  0x0000, 0x0000, 0x0000, 0x0000, 0x0000, 0x0000, 0x0000, 0x0000, 0x0000, 0x0000, 0x0000, 0x0000,
  0x0000, 0x0000, 0x0000, 0x0000, 0x0000, 0x0000, 0x0000, 0x0000, 0x0000, 0x0000, 0x0000, 0x0000,
  0x0000, 0x0000, 0x0000, 0x0000, 0x0000, 0x0000, 0x0000, 0x0000, 0x0000, 0x0000, 0x0000, 0x0000,
  0x0000, 0x0000, 0x0000, 0x0000, 0x0000, 0x0000, 0x0000, 0x0000, 0x0000, 0x0000, 0x0000, 0x0000,
  0x0000, 0x0000, 0x0000, 0x0000, 0x0000, 0x0000, 0x0000, 0x0001, 0x0001, 0x0021, 0x0021, 0x0021,
  0x0001, 0x0001, 0x0021, 0x0021, 0x0022, 0x0021, 0x0022, 0x0022, 0x0022, 0x0042, 0x0042, 0x0042,
  0x0042, 0x0042, 0x0042, 0x0042, 0x0042, 0x0043, 0x0043, 0x0043, 0x0043, 0x0043, 0x0063, 0x0063,
  0x0063, 0x0064, 0x0064, 0x0064, 0x0064, 0x0063, 0x0022, 0x0064, 0x19AB, 0x2A6E, 0x118A, 0x0085,
  0x0129, 0x00A8, 0x012C, 0x00EA, 0x00E9, 0x0128, 0x096A, 0x094A, 0x0949, 0x096A, 0x094A, 0x1A2E,
  0x4394, 0x016C, 0x09AC, 0x11AB, 0x0128, 0x096A, 0x096A, 0x094A, 0x118A, 0x11CC, 0x098B, 0x094A,
  0x012A, 0x11ED, 0x2AF1, 0x1A6F, 0x3B53, 0x43D5, 0x4438, 0x4459, 0x4459, 0x3BD7, 0x33D6, 0x3C99,
  0x5DDE, 0x561F, 0x453C, 0x5D3C, 0x75DD, 0x64BA, 0x545A, 0x5CFB, 0x6D5B, 0x7DDE, 0x865F, 0x7DBC,
  0x7DBD, 0x85FE, 0x7E3F, 0x5D9C, 0x5D5C, 0x659F, 0x5DDE, 0x4DBE, 0x45BF, 0x45DE, 0x35BE, 0x2DBF,
  0x259E, 0x25BF, 0x35DF, 0x3E1F, 0x3E3F, 0x463F, 0x461F, 0x465F, 0x465F, 0x467F, 0x5EBF, 0xBFFF,
  0x8F7F, 0x567F, 0x3DDF, 0x361E, 0x2E1F, 0x2DDF, 0x2DBE, 0x2D7E, 0x1D7F, 0x0D3E, 0x04FE, 0x0CDE,
  0x0CDD, 0x0CBD, 0x047C, 0x043B, 0x24FE, 0x1C7C, 0x1C1A, 0x13DA, 0x0B98, 0x1398, 0x343C, 0x1337,
  0x0AD5, 0x0AF5, 0x2BD9, 0x3C3A, 0x2397, 0x0AB4, 0x0AB5, 0x0A73, 0x0A31, 0x0A31, 0x0A51, 0x012D,
  0x016E, 0x01AE, 0x1292, 0x33B8, 0x3376, 0x2B54, 0x1270, 0x014B, 0x0109, 0x014B, 0x018C, 0x016B,
  0x014B, 0x120E, 0x00EA, 0x120E, 0x09ED, 0x00E9, 0x018B, 0x018C, 0x016A, 0x00E8, 0x00C7, 0x00C7,
  0x00E8, 0x0108, 0x00E7, 0x00E7, 0x00E7, 0x0084, 0x08E6, 0x21EC, 0x2A6D, 0x19AB, 0x11AD, 0x0A11,
  0x09F1, 0x016F, 0x09D0, 0x6C15, 0xD6FD, 0xFFFF, 0xF7FF, 0xE79F, 0xEFBF, 0xEFBF, 0xEFBF, 0xEFBF,
  0xEFBF, 0xEFBF, 0xEFBF, 0xEFBF, 0xE79F, 0xEFBF, 0xFFFF, 0xE77E, 0x84F8, 0x2251, 0x016E, 0x01D0,
  0x0A11, 0x1A0E, 0x324C, 0x426C, 0x1A2F, 0x01B0, 0x2AB2, 0xE79F, 0xEFDF, 0xEFBF, 0xEFBF, 0xEFBF,
  0xEFBF, 0xEFBF, 0xEFBF, 0xEFBF, 0xEFBF, 0xEFDF, 0xD6DD, 0x6C36, 0x11D0, 0x016E, 0x01AF, 0x1231,
  0x4353, 0x7CB6, 0x6C14, 0x32F2, 0x1211, 0x01B0, 0x016F, 0x1210, 0x7497, 0xDF3E, 0xFFFF, 0xFFFF,
  0xA5DA, 0x018F, 0x0A11, 0x0907, 0x0862, 0x0042, 0x0021, 0x0020, 0x0000, 0x0000, 0x0000, 0x0000,
  0x0000, 0x0000, 0x0000, 0x0000, 0x0000, 0x0000, 0x0000, 0x0000, 0x0000, 0x0000, 0x0000, 0x0000,
  0x0000, 0x0000, 0x0000, 0x0000, 0x0000, 0x0000, 0x0000, 0x0000, 0x0000, 0x0000, 0x0000, 0x0020,
  0x0020, 0x0000, 0x0000, 0x0000, 0x0000, 0x0000, 0x0000, 0x0000, 0x0000, 0x0000, 0x0000, 0x0000,
  0x0000, 0x0000, 0x0000, 0x0000, 0x0000, 0x0000, 0x0000, 0x0000, 0x0000, 0x0000, 0x0000, 0x0000,
  0x0000, 0x0000, 0x0000, 0x0000, 0x0000, 0x0000, 0x0000, 0x0000, 0x0000, 0x0000, 0x0000, 0x0000,
  0x0000, 0x0000, 0x0000, 0x0001, 0x0001, 0x0001, 0x0001, 0x0001, 0x0021, 0x0021, 0x0021, 0x0021,
  0x0022, 0x0022, 0x0022, 0x0022, 0x0022, 0x0042, 0x0042, 0x0042, 0x0042, 0x0042, 0x0042, 0x0042,
  0x0043, 0x0043, 0x0043, 0x0043, 0x0043, 0x0063, 0x0063, 0x0064, 0x0064, 0x0064, 0x0084, 0x0063,
  0x0022, 0x0064, 0x1969, 0x220C, 0x118B, 0x0086, 0x0064, 0x0949, 0x00C7, 0x00C7, 0x096B, 0x08E8,
  0x0908, 0x0107, 0x00E7, 0x0929, 0x098B, 0x00A7, 0x118A, 0x43B5, 0x124F, 0x1A4F, 0x4BB5, 0x11CC,
  0x11CB, 0x096B, 0x014A, 0x0129, 0x098B, 0x124E, 0x1AB0, 0x2B33, 0x3B95, 0x4C38, 0x54DA, 0x3334,
  0x3B95, 0x22F2, 0x1AB1, 0x1271, 0x0A10, 0x0210, 0x4C58, 0x5CFA, 0x33D7, 0x3419, 0x2B98, 0x4417,
  0x651A, 0x861E, 0x8E5E, 0x8E3E, 0x865E, 0x9F1F, 0xA75F, 0x9EFF, 0xA73F, 0x869F, 0x6E1E, 0x663E,
  0x6E9F, 0x6EBF, 0x66BF, 0x6EBF, 0x76BF, 0x7EFF, 0x9F5F, 0xB7BF, 0xCFFF, 0xD7FF, 0xE7FF, 0xF7FF,
  0xFFFF, 0xFFFF, 0xFFFF, 0xFFFF, 0xFFFF, 0xFFFF, 0xFFFF, 0xFFFF, 0xFFFF, 0xFFFF, 0xFFFF, 0xFFFF,
  0xFFFF, 0xFFFF, 0xF7FF, 0xEFFF, 0xD7FF, 0xC7FF, 0xAFBF, 0x9F9F, 0x86FF, 0x6E9F, 0x465E, 0x25BD,
  0x25DE, 0x25BF, 0x14FD, 0x049C, 0x047C, 0x047B, 0x0C9C, 0x2CFE, 0x0399, 0x1399, 0x0B58, 0x1BB9,
  0x4D3C, 0x2C5B, 0x2BFB, 0x1B57, 0x0232, 0x0A92, 0x0A11, 0x0A11, 0x1252, 0x0A71, 0x0A30, 0x01D0,
  0x01D1, 0x1AB2, 0x2B54, 0x3354, 0x3B74, 0x1A70, 0x09EE, 0x016B, 0x00C9, 0x01AC, 0x122F, 0x010B,
  0x098C, 0x1A2E, 0x014A, 0x018C, 0x09CD, 0x098C, 0x0129, 0x0909, 0x0929, 0x0929, 0x0109, 0x00A6,
  0x00E6, 0x19C9, 0x2A0B, 0x198A, 0x118B, 0x09F0, 0x09F1, 0x016F, 0x09CF, 0x6415, 0xD6DD, 0xFFFF,
  0xF7FF, 0xE79F, 0xEFBF, 0xEFBF, 0xEFBF, 0xEFBF, 0xEFBF, 0xEFBF, 0xEFBF, 0xEFBF, 0xEFBF, 0xEFBF,
  0xFFFF, 0xEF9F, 0x8D18, 0x2251, 0x014E, 0x01D0, 0x0A11, 0x1A0E, 0x2A0B, 0x31EA, 0x320A, 0x320A,
  0x2A2C, 0x0A10, 0x018F, 0x8D59, 0xFFFF, 0xE79F, 0xEFBF, 0xEFBF, 0xEFBF, 0xEFBF, 0xEFBF, 0xEFBF,
  0xEF9F, 0xFFFF, 0x5BD5, 0x010E, 0x09F0, 0x1A51, 0x4B74, 0x84B6, 0x7CD7, 0x4333, 0x1211, 0x01B0,
  0x016F, 0x11F0, 0x7476, 0xDF1D, 0xFFFF, 0xEFDF, 0xE79F, 0xEFBF, 0xF7DF, 0x3B13, 0x01B0, 0x09AE,
  0x0883, 0x0862, 0x0041, 0x0021, 0x0000, 0x0000, 0x0000, 0x0000, 0x0000, 0x0000, 0x0000, 0x0000,
  0x0000, 0x0000, 0x0000, 0x0000, 0x0000, 0x0000, 0x0000, 0x0000, 0x0000, 0x0000, 0x0000, 0x21C9,
  0x4B51, 0x0000, 0x0000, 0x0000, 0x0000, 0x0000, 0x0000, 0x0000, 0x0000, 0x0000, 0x0000, 0x0000,
  0x0000, 0x0000, 0x0000, 0x0000, 0x0000, 0x0000, 0x0000, 0x0000, 0x0000, 0x0042, 0x29C8, 0x0000,
  0x0000, 0x0000, 0x0000, 0x0000, 0x0000, 0x0000, 0x0000, 0x0000, 0x0000, 0x0000, 0x0000, 0x0000,
  0x0000, 0x0000, 0x0000, 0x0000, 0x0000, 0x0000, 0x0000, 0x0000, 0x0000, 0x0000, 0x0000, 0x0001,
  0x0001, 0x0001, 0x0001, 0x0001, 0x0021, 0x0021, 0x0021, 0x0021, 0x0022, 0x0042, 0x0883, 0x0022,
  0x0042, 0x0042, 0x0042, 0x0042, 0x0042, 0x0043, 0x0043, 0x0043, 0x0063, 0x0043, 0x0063, 0x0063,
  0x0063, 0x0064, 0x0064, 0x0064, 0x0084, 0x0063, 0x0022, 0x0084, 0x1989, 0x21EC, 0x1189, 0x0085,
  0x0044, 0x00A6, 0x096A, 0x0128, 0x0108, 0x0928, 0x0949, 0x08E7, 0x08C7, 0x096A, 0x016A, 0x0108,
  0x00C8, 0x016B, 0x32B0, 0x012A, 0x0066, 0x118B, 0x012A, 0x012A, 0x11ED, 0x228F, 0x1A6F, 0x22B0,
  0x22B1, 0x2B12, 0x1AF1, 0x22F2, 0x1A91, 0x1A30, 0x122F, 0x09CD, 0x09EE, 0x1270, 0x1270, 0x1271,
  0x3395, 0x5CFA, 0x5499, 0x3BD7, 0x4438, 0x5499, 0x3C17, 0x549A, 0x5CDB, 0x655D, 0x96BF, 0xBF9F,
  0xC7DF, 0xD7FF, 0xEFFF, 0xDFFF, 0xB7FF, 0xAF7F, 0xBF9F, 0xD7DF, 0xE7FF, 0xF7FF, 0xFFFF, 0xFFFF,
  0xFFFF, 0xFFFF, 0xFFFF, 0xFFFF, 0xFFFF, 0xFFFF, 0xFFFF, 0xFFFF, 0xFFFF, 0xFFFF, 0xF7FF, 0xEFFF,
  0xEFFF, 0xEFFF, 0xEFFF, 0xF7FF, 0xF7FF, 0xEFFF, 0xEFFF, 0xF7FF, 0xF7FF, 0xF7FF, 0xEFFF, 0xEFFF,
  0xEFFF, 0xF7FF, 0xFFFF, 0xFFFF, 0xFFFF, 0xFFFF, 0xFFFF, 0xFFFF, 0xF7FF, 0xE7FF, 0xC7BF, 0x973F,
  0x5E9F, 0x463F, 0x259E, 0x363F, 0x25BE, 0x049E, 0x0C9E, 0x145C, 0x141A, 0x247C, 0x457F, 0x457F,
  0x34BC, 0x2BF8, 0x0252, 0x0A73, 0x12B4, 0x0A73, 0x1292, 0x1292, 0x0A71, 0x09EF, 0x016D, 0x09AE,
  0x1271, 0x2314, 0x2B35, 0x2B13, 0x1A70, 0x018C, 0x09AE, 0x09CD, 0x00EA, 0x09CD, 0x2291, 0x018D,
  0x016D, 0x09CE, 0x01AD, 0x096B, 0x0149, 0x0109, 0x0109, 0x222E, 0x2A8F, 0x19CA, 0x096B, 0x09F0,
  0x0A11, 0x016F, 0x09AF, 0x63F5, 0xCEDD, 0xFFFF, 0xF7FF, 0xE79F, 0xEFBF, 0xEFBF, 0xEFBF, 0xEFBF,
  0xEFBF, 0xEFBF, 0xEFBF, 0xEFBF, 0xEFBF, 0xEFBF, 0xEFBF, 0xF7DF, 0x9D59, 0x2251, 0x016F, 0x01B0,
  0x0A11, 0x1A2F, 0x2A0C, 0x31E9, 0x29A9, 0x21A9, 0x21A9, 0x29C9, 0x31EA, 0x1A0E, 0x01B0, 0x2291,
  0xE79F, 0xEFDF, 0xEFBF, 0xEFBF, 0xEFBF, 0xEFBF, 0xEFBF, 0xEFBF, 0xEFBF, 0xF7FF, 0xC6DD, 0x11F0,
  0x01AF, 0x4B94, 0x9537, 0x4374, 0x1231, 0x01B0, 0x016F, 0x11F0, 0x6C56, 0xD71D, 0xFFFF, 0xF7DF,
  0xE79F, 0xEFBF, 0xEFBF, 0xEF9F, 0xFFFF, 0xADFA, 0x018F, 0x0A11, 0x0907, 0x0861, 0x0041, 0x0021,
  0x0020, 0x0000, 0x0000, 0x0000, 0x0000, 0x0000, 0x0000, 0x0000, 0x0000, 0x0000, 0x0000, 0x0000,
  0x0000, 0x0000, 0x0000, 0x0000, 0x0000, 0x0000, 0x0000, 0x0082, 0x10C4, 0x0000, 0x0000, 0x0000,
  0x0000, 0x0000, 0x0000, 0x0000, 0x0000, 0x0000, 0x0000, 0x0000, 0x0000, 0x0000, 0x0000, 0x0000,
  0x0000, 0x0000, 0x0000, 0x0000, 0x0000, 0x0082, 0x42AC, 0x0000, 0x0000, 0x0000, 0x0000, 0x0000,
  0x0000, 0x0000, 0x0000, 0x0000, 0x0000, 0x0000, 0x0000, 0x0000, 0x0000, 0x0000, 0x0000, 0x0000,
  0x0000, 0x0000, 0x0000, 0x0000, 0x0000, 0x0000, 0x0000, 0x0001, 0x0001, 0x0001, 0x0001, 0x0001,
  0x0021, 0x0021, 0x0021, 0x0021, 0x0042, 0x0042, 0x0042, 0x0042, 0x0042, 0x0042, 0x0042, 0x0043,
  0x0043, 0x0043, 0x0043, 0x0063, 0x0063, 0x0063, 0x0063, 0x0063, 0x0063, 0x0064, 0x0043, 0x0043,
  0x0002, 0x0063, 0x21A9, 0x222C, 0x1149, 0x0064, 0x0042, 0x0085, 0x0085, 0x1148, 0x0929, 0x0107,
  0x0128, 0x0949, 0x0908, 0x0947, 0x08E7, 0x00C7, 0x01CD, 0x010B, 0x012B, 0x1AB0, 0x010A, 0x00A8,
  0x09CC, 0x1A8F, 0x120E, 0x22D1, 0x22F3, 0x2B13, 0x124F, 0x09ED, 0x09ED, 0x09ED, 0x09CD, 0x120E,
  0x1A70, 0x22B3, 0x22F3, 0x22F3, 0x12F3, 0x1AF4, 0x2313, 0x54B9, 0x4CBA, 0x2BF7, 0x3417, 0x4C79,
  0x5D5C, 0x659D, 0x4CFB, 0x555D, 0x5DDF, 0x765F, 0x8EFF, 0xBF9F, 0xFFFF, 0xFFFF, 0xFFFF, 0xFFFF,
  0xFFFF, 0xFFFF, 0xFFFF, 0xFFFF, 0xFFFF, 0xFFFF, 0xFFFF, 0xFFFF, 0xFFFF, 0xFFFF, 0xFFFF, 0xF7FF,
  0xEFFF, 0xE7FF, 0xE7FF, 0xE7FF, 0xEFFF, 0xEFFF, 0xF7FF, 0xF7FF, 0xF7FF, 0xF7FF, 0xFFFF, 0xFFFF,
  0xEFFF, 0xE7FF, 0xDFFF, 0xDFDF, 0xDFFF, 0xE7FF, 0xDFFF, 0xD7FF, 0xDFFF, 0xDFDF, 0xDFDF, 0xDFDF,
  0xD7FF, 0xD7FF, 0xDFFF, 0xEFFF, 0xFFFF, 0xFFFF, 0xFFFF, 0xFFFF, 0xFFFF, 0xFFFF, 0xFFFF, 0xDFFF,
  0xCFFF, 0x7F5F, 0x569F, 0x2DBF, 0x1D7E, 0x04DD, 0x045C, 0x045C, 0x253F, 0x3DBF, 0x249C, 0x2BF9,
  0x0AF6, 0x0AF7, 0x1316, 0x0AB4, 0x1272, 0x1231, 0x1230, 0x1210, 0x09CF, 0x01AE, 0x09CE, 0x0A0F,
  0x1A90, 0x22F2, 0x3BF6, 0x2B74, 0x122F, 0x010B, 0x01CF, 0x22D3, 0x0211, 0x0231, 0x0230, 0x01AE,
  0x09CE, 0x1A0E, 0x226F, 0x1A0D, 0x0928, 0x09AD, 0x0A12, 0x018F, 0x01AF, 0x5BD5, 0xCEBC, 0xFFFF,
  0xF7FF, 0xE79F, 0xEFBF, 0xEFBF, 0xEFBF, 0xEFBF, 0xEFBF, 0xEFBF, 0xEFBF, 0xEFBF, 0xEFBF, 0xEFBF,
  0xEFBF, 0xEFBF, 0xEF9F, 0xFFFF, 0x6C36, 0x012E, 0x1211, 0x2250, 0x3A8E, 0x3A4B, 0x31EA, 0x21A9,
  0x2168, 0x1968, 0x1947, 0x2168, 0x29A8, 0x21EB, 0x0A10, 0x016F, 0x8D38, 0xFFFF, 0xE79F, 0xEFBF,
  0xEFBF, 0xEFBF, 0xEFBF, 0xEFBF, 0xEFBF, 0xEF9F, 0xFFFF, 0x6416, 0x016F, 0x1A31, 0x1A51, 0x01AF,
  0x016F, 0x11F0, 0x6C36, 0xD6FD, 0xFFFF, 0xF7DF, 0xE79F, 0xEFBF, 0xEFBF, 0xEFBF, 0xEFBF, 0xEFBF,
  0xEFBF, 0xF7DF, 0x3B13, 0x0190, 0x11CE, 0x0862, 0x0041, 0x0021, 0x0000, 0x0000, 0x0000, 0x0000,
  0x0000, 0x0000, 0x0000, 0x0000, 0x0000, 0x0000, 0x0000, 0x0000, 0x0000, 0x0000, 0x0000, 0x0000,
  0x0000, 0x0000, 0x0000, 0x0000, 0x0000, 0x0000, 0x0000, 0x0000, 0x0000, 0x0000, 0x0000, 0x0000,
  0x0000, 0x0000, 0x0000, 0x0000, 0x0000, 0x0000, 0x0000, 0x0000, 0x0000, 0x0000, 0x0000, 0x0000,
  0x0000, 0x0000, 0x0000, 0x0000, 0x0000, 0x0000, 0x0000, 0x0000, 0x0000, 0x0000, 0x0000, 0x0000,
  0x0000, 0x0000, 0x0000, 0x0000, 0x0000, 0x0000, 0x0000, 0x0000, 0x0000, 0x0000, 0x0000, 0x0000,
  0x0000, 0x0001, 0x0001, 0x0021, 0x0021, 0x0021, 0x0001, 0x0021, 0x0021, 0x0021, 0x0022, 0x0022,
  0x0042, 0x0042, 0x0042, 0x0042, 0x0042, 0x0043, 0x0043, 0x0063, 0x0063, 0x0063, 0x0063, 0x0063,
  0x0063, 0x0063, 0x0063, 0x0044, 0x0043, 0x0043, 0x0002, 0x0063, 0x118A, 0x2A6D, 0x1169, 0x0065,
  0x0045, 0x0085, 0x0085, 0x0085, 0x0929, 0x114A, 0x0108, 0x00E8, 0x0108, 0x0928, 0x0948, 0x0928,
  0x00C6, 0x00A6, 0x00AA, 0x5478, 0xB7FF, 0x1353, 0x0250, 0x4438, 0x5C98, 0x120D, 0x122E, 0x122E,
  0x122F, 0x122F, 0x122F, 0x1250, 0x1A70, 0x1A90, 0x1A90, 0x1AB1, 0x1AF3, 0x2335, 0x22F4, 0x2315,
  0x1B35, 0x4479, 0x7E3E, 0x3C7A, 0x2397, 0x3C9A, 0x4CFB, 0x4D5C, 0x5DFE, 0x6E5F, 0x5E5F, 0x6EBF,
  0x973F, 0xC7DF, 0xF7FF, 0xFFFF, 0xFFFF, 0xFFFF, 0xFFFF, 0xFFFF, 0xFFFF, 0xFFFF, 0xF7FF, 0xF7DF,
  0xE7FF, 0xDFDF, 0xD7DF, 0xD7DF, 0xD7FF, 0xCFBF, 0xCFBF, 0xD7BF, 0xDFFF, 0xEFFF, 0xEFFF, 0xF7FF,
  0xF7FF, 0xF7FF, 0xFFFF, 0xFFFF, 0xFFFF, 0xFFFF, 0xEFBF, 0xE7DF, 0xE7DF, 0xD7BF, 0xD7BF, 0xDFFF,
  0xD7DF, 0xD7BF, 0xD7BF, 0xDFDF, 0xFFFF, 0xF7FF, 0xF7BF, 0xF7FF, 0xEFFF, 0xE7DF, 0xCFBE, 0xB7BF,
  0xC79F, 0xD7DF, 0xD7DF, 0xDFFF, 0xE7FF, 0xEFFF, 0xF7FF, 0xFFFF, 0xFFFF, 0xFFFF, 0xFFFF, 0xFFFF,
  0xD7FF, 0x9F7F, 0x5E7F, 0x2D9D, 0x461F, 0x0CDD, 0x049D, 0x3D9E, 0x3CFD, 0x23FB, 0x23DA, 0x0338,
  0x0A96, 0x0A94, 0x0A72, 0x0A31, 0x0A31, 0x0A10, 0x09EF, 0x01AD, 0x018C, 0x01AD, 0x020F, 0x3395,
  0x3374, 0x3313, 0x0A70, 0x0B54, 0x0C19, 0x1CBA, 0x1419, 0x0B35, 0x33D7, 0x1A4F, 0x0109, 0x00C6,
  0x0949, 0x09F0, 0x01AF, 0x5394, 0xC69C, 0xFFFF, 0xF7FF, 0xE79F, 0xEFBF, 0xEFBF, 0xEFBF, 0xEFBF,
  0xEFBF, 0xEFBF, 0xEFBF, 0xEFBF, 0xEFBF, 0xEFBF, 0xEFBF, 0xEFBF, 0xEFBF, 0xEFBF, 0xEFBF, 0xF7DF,
  0xE77E, 0x1A30, 0x01B0, 0x2A70, 0x4AAC, 0x320B, 0x29C9, 0x2168, 0x1947, 0x1926, 0x1926, 0x1926,
  0x1947, 0x29A8, 0x11EE, 0x01B0, 0x2291, 0xE77E, 0xEFDF, 0xEFBF, 0xEFBF, 0xEFBF, 0xEFBF, 0xEFBF,
  0xEFBF, 0xEFBF, 0xF7FF, 0xCEDD, 0x09F0, 0x01D0, 0x016F, 0x09D0, 0x6C15, 0xD6FD, 0xFFFF, 0xF7FF,
  0xE79F, 0xEFBF, 0xEFBF, 0xEFBF, 0xEFBF, 0xEFBF, 0xEFBF, 0xEFBF, 0xE79F, 0xF7FF, 0xBE7C, 0x09CF,
  0x09F1, 0x08E7, 0x0020, 0x0021, 0x0000, 0x0000, 0x0000, 0x0000, 0x0000, 0x0000, 0x0000, 0x0000,
  0x0000, 0x0000, 0x0000, 0x0000, 0x0000, 0x0000, 0x0000, 0x0000, 0x0000, 0x0000, 0x0000, 0x0000,
  0x0000, 0x0000, 0x0000, 0x0000, 0x0000, 0x0000, 0x0000, 0x0000, 0x0000, 0x0000, 0x0000, 0x0000,
  0x0000, 0x0000, 0x0000, 0x0000, 0x0000, 0x0000, 0x0000, 0x0000, 0x0000, 0x0000, 0x0000, 0x0000,
  0x0000, 0x0000, 0x0000, 0x0000, 0x0001, 0x0882, 0x0021, 0x0000, 0x0000, 0x0000, 0x0000, 0x0000,
  0x0000, 0x0000, 0x0000, 0x0000, 0x0000, 0x0000, 0x0000, 0x0000, 0x0001, 0x0000, 0x0001, 0x0021,
  0x0001, 0x0001, 0x0021, 0x0021, 0x0021, 0x0021, 0x0022, 0x0022, 0x0042, 0x0042, 0x0042, 0x0042,
  0x0043, 0x0043, 0x0062, 0x0063, 0x0063, 0x0063, 0x0063, 0x0063, 0x0063, 0x0063, 0x0063, 0x0043,
  0x0001, 0x0022, 0x198A, 0x32AE, 0x1169, 0x0063, 0x0023, 0x0085, 0x00E6, 0x00A5, 0x0064, 0x08E7,
  0x0949, 0x00C6, 0x0086, 0x00A6, 0x00C6, 0x0948, 0x016A, 0x09CC, 0x09AB, 0x120D, 0x1291, 0xB7FF,
  0xFFFF, 0x2C58, 0x01CE, 0x1270, 0x09AC, 0x014A, 0x09AB, 0x11CC, 0x11EE, 0x0A0F, 0x0A0E, 0x120E,
  0x0A30, 0x1230, 0x1250, 0x0A51, 0x0A72, 0x1293, 0x01F1, 0x4458, 0x86FF, 0x4D3D, 0x2C3B, 0x1C3A,
  0x2CFD, 0x355F, 0x4DDF, 0x563F, 0x8F1F, 0xC7DF, 0xEFFF, 0xFFFF, 0xFFFF, 0xFFFF, 0xFFFF, 0xFFFF,
  0xFFFF, 0xFFFF, 0xFFFF, 0xFFFF, 0xFFFF, 0xFFFF, 0xFFFF, 0xFFFF, 0xEFDF, 0xC79F, 0x971F, 0xA73F,
  0x9F3F, 0x8F3F, 0x971F, 0xAF3F, 0xA73F, 0x96FE, 0x86BF, 0x8EBF, 0x8EBF, 0x96FF, 0xAF3F, 0xCF9F,
  0xDFBF, 0xE7FF, 0xE7FF, 0xDFBF, 0xC75F, 0xB73F, 0xAF1F, 0xBF5F, 0xCF9F, 0xCF9F, 0xDFBF, 0xE7BF,
  0xEFFF, 0xE7FF, 0xD77F, 0xDF9F, 0xFFFF, 0xFFFF, 0xF7FF, 0xDFDF, 0xC79F, 0xC7BF, 0xBF9F, 0xAF7F,
  0xB77F, 0xBF9F, 0xC7DF, 0xCFDF, 0xD7FF, 0xD7FF, 0xD7FF, 0xEFFF, 0xFFFF, 0xFFFF, 0xFFFF, 0xFFFF,
  0xFFFF, 0xF7FF, 0xA77F, 0x66BE, 0x4E9F, 0x463F, 0x4E3F, 0x4DDF, 0x3D1D, 0x2C9C, 0x2C5A, 0x343A,
  0x23D8, 0x2BD8, 0x3C18, 0x2355, 0x12F3, 0x1B14, 0x12B2, 0x12B3, 0x2314, 0x0A71, 0x2375, 0x3519,
  0x6EBB, 0xD6BA, 0xD6BA, 0x0C19, 0x01D1, 0x012C, 0x092A, 0x0928, 0x0949, 0x09F0, 0x016F, 0x9D79,
  0xFFFF, 0xE79F, 0xEFBF, 0xEFBF, 0xEFBF, 0xEFBF, 0xEFBF, 0xEFBF, 0xEFBF, 0xEFBF, 0xEF9F, 0xEFBF,
  0xEFBF, 0xEFBF, 0xEFBF, 0xEFBF, 0xEFBF, 0xEFBF, 0xEFBF, 0xE79F, 0xFFFF, 0x7CB7, 0x016E, 0x0A11,
  0x326D, 0x31E9, 0x2188, 0x1947, 0x1926, 0x1106, 0x10E5, 0x10E5, 0x1906, 0x2147, 0x21AA, 0x0A10,
  0x016F, 0x8518, 0xFFFF, 0xE79F, 0xEFBF, 0xEFBF, 0xEFBF, 0xEFBF, 0xEFBF, 0xEFBF, 0xE79F, 0xFFFF,
  0x6416, 0x016E, 0x6415, 0xCEDD, 0xFFFF, 0xF7FF, 0xE79F, 0xEFBF, 0xEFBF, 0xEFBF, 0xEFBF, 0xEFBF,
  0xEFBF, 0xEFBF, 0xEFBF, 0xEFBF, 0xFFFF, 0xF7FF, 0xA5DA, 0x1210, 0x09F1, 0x0929, 0x0020, 0x0021,
  0x0020, 0x0000, 0x0000, 0x0000, 0x0000, 0x0000, 0x0000, 0x0000, 0x0000, 0x0000, 0x0000, 0x0000,
  0x0000, 0x0000, 0x0000, 0x0000, 0x0000, 0x0000, 0x0000, 0x0000, 0x0000, 0x0000, 0x0000, 0x0000,
  0x0000, 0x0000, 0x0000, 0x0000, 0x0000, 0x0000, 0x0000, 0x0000, 0x0000, 0x0000, 0x0000, 0x0000,
  0x0000, 0x0000, 0x0000, 0x0000, 0x0000, 0x0000, 0x0000, 0x0000, 0x0000, 0x0000, 0x0000, 0x0000,
  0x0000, 0x0042, 0x0000, 0x0000, 0x0000, 0x0000, 0x0000, 0x0000, 0x0000, 0x0000, 0x0000, 0x0000,
  0x0000, 0x0000, 0x0000, 0x0000, 0x0001, 0x0001, 0x0001, 0x0021, 0x0001, 0x0001, 0x0021, 0x0021,
  0x0021, 0x0022, 0x0022, 0x0022, 0x0042, 0x0042, 0x0042, 0x0043, 0x0062, 0x0063, 0x0043, 0x0043,
  0x0063, 0x0063, 0x0084, 0x0084, 0x0084, 0x0063, 0x0021, 0x0022, 0x1969, 0x2A2D, 0x1949, 0x0064,
  0x0063, 0x00E6, 0x00C6, 0x0085, 0x0084, 0x0063, 0x0908, 0x0928, 0x0045, 0x00C6, 0x00E7, 0x0949,
  0x1A0D, 0x1A0E, 0x1A0F, 0x2291, 0x09CD, 0x014A, 0x1AD2, 0x0211, 0x0251, 0x0A10, 0x1A92, 0x0A2F,
  0x016C, 0x09AC, 0x09AC, 0x09CC, 0x0A0E, 0x0A0F, 0x122F, 0x1A71, 0x1292, 0x1AD3, 0x1AF4, 0x12D4,
  0x0A74, 0x2B96, 0x555D, 0x4DDF, 0x357E, 0x24DC, 0x251C, 0x35DE, 0x5E7F, 0x973F, 0xDFFF, 0xFFFF,
  0xFFFF, 0xFFFF, 0xFFFF, 0xFFFF, 0xF7FF, 0xF7FF, 0xEFFF, 0xEFFF, 0xEFDF, 0xEFDF, 0xE7DF, 0xE7FF,
  0xCFBE, 0xD7BE, 0xE7DF, 0xEFFF, 0xDFDF, 0xC79F, 0xE7DF, 0xBF7F, 0x971E, 0x9F1E, 0xAF1F, 0xCF7E,
  0xB73E, 0xAF1F, 0xAF3F, 0xAF5F, 0x9EFF, 0x7E7D, 0x6E3E, 0x8EBF, 0x96DF, 0x9EFF, 0xD7BF, 0xEFFF,
  0xD77F, 0xCFBF, 0xCF9F, 0xCF9F, 0xD7BF, 0xE7DF, 0xF7FF, 0xEFFF, 0xF7FF, 0xF7FF, 0xDFDF, 0xCFBE,
  0xD7BF, 0xDFDF, 0xE7FF, 0xD7DF, 0xC79F, 0xBF9F, 0xC79F, 0xBF5F, 0xAF3F, 0x9F1F, 0xA6FF, 0xA73F,
  0xA75F, 0xAF9F, 0xB79F, 0xBF7F, 0xBFBF, 0xC7DF, 0xC7FF, 0xD7FF, 0xFFFF, 0xFFFF, 0xFFFF, 0xF7FF,
  0xB79E, 0x667D, 0x257E, 0x4EBF, 0x35FF, 0x0CBD, 0x1C9B, 0x1C1A, 0x0B78, 0x0B16, 0x0AF4, 0x0AB2,
  0x1292, 0x1292, 0x1B13, 0x1AF3, 0x4C57, 0x3396, 0x2315, 0x23F7, 0x4DD9, 0xCE59, 0xCE59, 0x34D9,
  0x0292, 0x09EE, 0x098C, 0x0929, 0x0928, 0x09CE, 0x01D0, 0x1A51, 0xE77E, 0xEFDF, 0xEFBF, 0xEFBF,
  0xEFBF, 0xEFBF, 0xEFBF, 0xEFBF, 0xEF9F, 0xEFBF, 0xFFFF, 0xF7FF, 0xEFBF, 0xEFBF, 0xEFBF, 0xEFBF,
  0xEFBF, 0xEFBF, 0xEFBF, 0xEFBF, 0xEFDF, 0xE75E, 0x1A31, 0x01D0, 0x1A0E, 0x322A, 0x29CA, 0x1926,
  0x10E5, 0x10C6, 0x2189, 0x10C5, 0x10E5, 0x1926, 0x2167, 0x11CD, 0x01D0, 0x2271, 0xE77E, 0xEFDF,
  0xEFBF, 0xEFBF, 0xEFBF, 0xEFBF, 0xEFBF, 0xEFBF, 0xEFBF, 0xF7DF, 0xD71E, 0xC69C, 0xFFFF, 0xF7FF,
  0xE79F, 0xEFBF, 0xEFBF, 0xEFBF, 0xEFBF, 0xEFBF, 0xEFBF, 0xEFBF, 0xEFBF, 0xEFBF, 0xFFFF, 0xF7FF,
  0xB5FA, 0x3B13, 0x016E, 0x09F0, 0x09F0, 0x08A4, 0x0021, 0x0021, 0x0000, 0x0000, 0x0000, 0x0000,
  0x0000, 0x0000, 0x0000, 0x0000, 0x0000, 0x0000, 0x0000, 0x0000, 0x0000, 0x0000, 0x0000, 0x0000,
  0x0000, 0x0000, 0x0000, 0x0000, 0x0000, 0x0020, 0x0000, 0x10E5, 0x0000, 0x0000, 0x0000, 0x0000,
  0x0000, 0x0000, 0x0000, 0x0000, 0x0000, 0x0000, 0x0000, 0x0000, 0x0000, 0x0000, 0x0000, 0x0000,
  0x0000, 0x0000, 0x0000, 0x0000, 0x0000, 0x0000, 0x0000, 0x0000, 0x0000, 0x0000, 0x0000, 0x0000,
  0x0000, 0x0000, 0x0000, 0x0000, 0x0000, 0x0842, 0x0001, 0x0000, 0x0000, 0x0000, 0x0001, 0x0001,
  0x0001, 0x0001, 0x0001, 0x0021, 0x0021, 0x0001, 0x0001, 0x0021, 0x0021, 0x0022, 0x0022, 0x0042,
  0x0042, 0x0043, 0x0043, 0x0063, 0x0063, 0x0063, 0x0084, 0x00A5, 0x00A5, 0x0084, 0x00A5, 0x0085,
  0x0003, 0x0043, 0x1127, 0x2A2C, 0x2189, 0x0085, 0x0045, 0x00C5, 0x00A5, 0x0064, 0x0044, 0x0043,
  0x0024, 0x098B, 0x11CD, 0x11AB, 0x1A0C, 0x1A2D, 0x224E, 0x11AC, 0x11AA, 0x0129, 0x094A, 0x00E8,
  0x012A, 0x22B1, 0x016C, 0x01AC, 0x016B, 0x0109, 0x018B, 0x1A4F, 0x22F2, 0x09EF, 0x09AE, 0x122F,
  0x1290, 0x1A91, 0x1AB2, 0x1AD4, 0x1B15, 0x1B36, 0x0AD6, 0x1B58, 0x4D5D, 0x665F, 0x35BF, 0x04FD,
  0x2D7D, 0x76BE, 0xA77F, 0xDFFF, 0xFFFF, 0xFFFF, 0xFFFF, 0xF7FF, 0xFFFF, 0xFFFF, 0xFFFF, 0xEFFF,
  0xCF9F, 0xAF5F, 0xAF5F, 0xBF5F, 0xCF7F, 0xD7DF, 0xE7DE, 0xF7DF, 0xF7DF, 0xF7FF, 0xF7FF, 0xF7FF,
  0xFFDF, 0xFFFF, 0xFFFF, 0xFFFF, 0xF7FF, 0xF7FF, 0xFFFF, 0xFFFF, 0xFFDF, 0xFFFF, 0xF7FF, 0xE7BF,
  0xFFFF, 0xF7FF, 0x7E9E, 0x663F, 0x7E7F, 0x6E7F, 0x8EDE, 0xBF7F, 0xDFDF, 0xEFFF, 0xE7DF, 0xDFBF,
  0xD7BE, 0xC73F, 0xAEFF, 0xCF9F, 0xE7DF, 0xD7BF, 0xD7BF, 0xE7FF, 0xD7DF, 0x9EBE, 0x969F, 0x8EBF,
  0x9EFF, 0xA71F, 0xBF5F, 0x9F1F, 0x96FF, 0x96FF, 0x96FF, 0x7EBF, 0x7EBF, 0x86DF, 0x8EFF, 0x9F1F,
  0xA73F, 0x9F5E, 0xA75F, 0xB77F, 0xBFBF, 0xC7DF, 0xCFFF, 0xE7FF, 0xFFFF, 0xFFFF, 0xFFDF, 0xCFDE,
  0x76BE, 0x3DFE, 0x2D3C, 0x251C, 0x2CDC, 0x2CBB, 0x2459, 0x2BF7, 0x33B6, 0x2354, 0x1B13, 0x1292,
  0x1A71, 0x1AB2, 0x0A10, 0x0A31, 0x1BB7, 0x5558, 0x5D78, 0x2BF6, 0x3C16, 0x1AD0, 0x1A2E, 0x1A0D,
  0x11CB, 0x118B, 0x0A10, 0x016E, 0x84F8, 0xFFFF, 0xE79F, 0xEFBF, 0xEFBF, 0xEFBF, 0xEF9F, 0xEFBF,
  0xFFFF, 0xF7FF, 0x9579, 0x7CD8, 0xF7FF, 0xEFBF, 0xEFBF, 0xEFBF, 0xEFBF, 0xEFBF, 0xEFBF, 0xEFBF,
  0xE79F, 0xFFFF, 0x84F8, 0x016E, 0x0A11, 0x322C, 0x3AAE, 0x1906, 0x10E5, 0x1127, 0x324D, 0x08C5,
  0x10C5, 0x10E6, 0x1926, 0x1989, 0x09F0, 0x016F, 0x84F8, 0xFFFF, 0xE79F, 0xEFBF, 0xEFBF, 0xEFBF,
  0xEFBF, 0xEFBF, 0xEFBF, 0xEFBF, 0xEFDF, 0xF7FF, 0xE79F, 0xEFBF, 0xEFBF, 0xEFBF, 0xEFBF, 0xEFBF,
  0xEFBF, 0xEFBF, 0xEFBF, 0xEFBF, 0xF7FF, 0xF7FF, 0xB61B, 0x4333, 0x016E, 0x01B0, 0x0A11, 0x09AE,
  0x08C6, 0x0041, 0x0021, 0x0021, 0x0000, 0x0000, 0x0000, 0x0000, 0x0000, 0x0000, 0x0000, 0x0000,
  0x0000, 0x0000, 0x0000, 0x0000, 0x0000, 0x0000, 0x0000, 0x0000, 0x0000, 0x0000, 0x0000, 0x0000,
  0x0000, 0x0882, 0x0000, 0x2146, 0x0000, 0x0000, 0x0000, 0x0000, 0x0000, 0x0000, 0x0000, 0x0000,
  0x0000, 0x0000, 0x0000, 0x0000, 0x0000, 0x0000, 0x0000, 0x0000, 0x0000, 0x0000, 0x0000, 0x0000,
  0x0000, 0x0000, 0x0000, 0x0000, 0x0000, 0x0000, 0x0000, 0x0840, 0x0000, 0x0000, 0x0000, 0x0000,
  0x0001, 0x1905, 0x0021, 0x0000, 0x0000, 0x0000, 0x0001, 0x0001, 0x0001, 0x0001, 0x0001, 0x0022,
  0x0021, 0x0021, 0x0021, 0x0021, 0x0021, 0x0022, 0x0042, 0x0042, 0x0042, 0x0043, 0x0043, 0x0063,
  0x0063, 0x0064, 0x00A5, 0x0128, 0x00E7, 0x00A5, 0x0064, 0x0065, 0x1149, 0x222C, 0x1169, 0x0064,
  0x0002, 0x0064, 0x0065, 0x00A5, 0x00C6, 0x08C6, 0x0948, 0x120D, 0x8EFF, 0x2B74, 0x11CC, 0x11CB,
  0x098A, 0x0129, 0x00E8, 0x00A6, 0x0108, 0x0149, 0x0108, 0x016A, 0x2B33, 0x0A2F, 0x09CD, 0x09CD,
  0x014A, 0x018B, 0x096A, 0x016A, 0x1250, 0x2B35, 0x1AB2, 0x0A10, 0x0A72, 0x12B3, 0x12B4, 0x12D5,
  0x0B18, 0x0B59, 0x34DD, 0x569F, 0x365F, 0x1DDE, 0x461D, 0x9F3F, 0xF7FF, 0xFFFF, 0xFFFF, 0xFFFF,
  0xFFFF, 0xFFFF, 0xE7FE, 0xE7FF, 0xD7DF, 0xBF9F, 0xAF7F, 0xBF7F, 0xBF7F, 0xDFBF, 0xF7FF, 0xFFFF,
  0xFFFF, 0xFFFF, 0xFFFF, 0xFFFF, 0xFFFF, 0xF7FF, 0xEFDF, 0xEFDF, 0xEFBF, 0xEFBF, 0xEFBF, 0xF7FF,
  0xEFDF, 0xE7DF, 0xEFDF, 0xEFDF, 0xE7BF, 0xDF9F, 0xCF7F, 0xC73D, 0x9E5C, 0x9E7E, 0x8E7E, 0x969E,
  0x865E, 0x55BE, 0x55DE, 0x765F, 0x9EFF, 0xE7FF, 0xF7FF, 0xEFFF, 0xE7FF, 0xC73F, 0xC79F, 0xE7FF,
  0xC77F, 0x9EDE, 0x8E9E, 0x761D, 0x7E9E, 0x9EFF, 0x9EFF, 0x763F, 0x65FF, 0x96DF, 0xC7DF, 0xAF7F,
  0x661F, 0x6E3E, 0x7E9F, 0x86FF, 0x7EBF, 0x6E5F, 0x6E3F, 0x6E5F, 0x86DF, 0x971F, 0x9F3F, 0xCFDF,
  0xEFFF, 0xBFBF, 0xBF9F, 0xC7BF, 0xBF9F, 0xBF9F, 0xD7DE, 0xF7BE, 0xF79E, 0xEF7E, 0xCF5D, 0x86DC,
  0x3D7B, 0x149A, 0x0C19, 0x0B56, 0x0AF4, 0x12D3, 0x12B2, 0x1A92, 0x1A70, 0x1A71, 0x1A72, 0x1231,
  0x0A31, 0x2333, 0x2B94, 0x2333, 0x0A51, 0x3332, 0x226F, 0x09AC, 0x11AC, 0x224D, 0x120F, 0x01D0,
  0x1A51, 0xE77E, 0xEFDF, 0xEFBF, 0xEF9F, 0xEFBF, 0xFFFF, 0xF7FF, 0xADDA, 0x3AF3, 0x016E, 0x01AF,
  0xCEDD, 0xF7FF, 0xEFBF, 0xEFBF, 0xEFBF, 0xEFBF, 0xEFBF, 0xEFBF, 0xEFBF, 0xEFDF, 0xE77E, 0x1A51,
  0x01D0, 0x19EE, 0x2988, 0x1927, 0x1105, 0x10E5, 0x0884, 0x08A5, 0x08C5, 0x10E5, 0x1106, 0x2146,
  0x11CD, 0x01D0, 0x1A51, 0xDF5E, 0xEFDF, 0xEFBF, 0xEFBF, 0xEFBF, 0xEFBF, 0xEFBF, 0xEFBF, 0xEFBF,
  0xEFBF, 0xEFBF, 0xEFBF, 0xEFBF, 0xEFBF, 0xEFBF, 0xEFBF, 0xEFBF, 0xEFBF, 0xEFBF, 0xF7FF, 0xFFFF,
  0xB63B, 0x4333, 0x018F, 0x018F, 0x0A11, 0x09CE, 0x0908, 0x0882, 0x0841, 0x0041, 0x0021, 0x0020,
  0x0000, 0x0000, 0x0000, 0x0000, 0x0000, 0x0000, 0x0000, 0x0000, 0x0000, 0x0000, 0x0000, 0x0000,
  0x0000, 0x0000, 0x0000, 0x0000, 0x0000, 0x0000, 0x0000, 0x0000, 0x0000, 0x0000, 0x0000, 0x0000,
  0x0000, 0x0000, 0x0000, 0x0000, 0x0000, 0x0000, 0x0000, 0x0000, 0x0000, 0x0000, 0x0000, 0x0000,
  0x0000, 0x0000, 0x0000, 0x0000, 0x0000, 0x0000, 0x0000, 0x0000, 0x0000, 0x0000, 0x0000, 0x0000,
  0x0000, 0x0000, 0x0020, 0x0841, 0x0000, 0x0000, 0x0021, 0x0021, 0x0000, 0x0000, 0x0000, 0x0000,
  0x0001, 0x0001, 0x0001, 0x0000, 0x0001, 0x0001, 0x0001, 0x0021, 0x0021, 0x0021, 0x0021, 0x0021,
  0x0022, 0x0022, 0x0042, 0x0042, 0x0043, 0x0043, 0x0063, 0x0063, 0x0084, 0x0066, 0x00EA, 0x018E,
  0x00CC, 0x0066, 0x0129, 0x198B, 0x1108, 0x0044, 0x0045, 0x00E8, 0x118A, 0x0968, 0x21EC, 0x222E,
  0x19AB, 0x00E6, 0x0086, 0x01CE, 0x1291, 0x00A7, 0x0087, 0x00C7, 0x00A7, 0x00E8, 0x00E7, 0x0108,
  0x014A, 0x00A8, 0x010A, 0x2271, 0x018D, 0x016D, 0x22B0, 0x01AC, 0x09CD, 0x09CD, 0x09AC, 0x11ED,
  0x120F, 0x0A51, 0x2BD8, 0x2397, 0x12B5, 0x12F6, 0x02F7, 0x0B9A, 0x2CFE, 0x569F, 0x46DF, 0x4EDF,
  0x875E, 0xD7FF, 0xFFFF, 0xFFFF, 0xFFFF, 0xE7FF, 0xBFBF, 0xBF7F, 0xE7FF, 0xE7FF, 0xB77F, 0x9F1F,
  0x96DF, 0x971F, 0x971F, 0xCF9F, 0xE7BF, 0xFFFF, 0xFFFF, 0xF7FF, 0xF7FF, 0xF7DF, 0xEFDF, 0xEFDF,
  0xEFDF, 0xE7BF, 0xE7BF, 0xE7BF, 0xE7BF, 0xE7BF, 0xE7BF, 0xE79F, 0xDF9F, 0xDF9F, 0xDF7F, 0xDF7F,
  0xE7DF, 0xDF7F, 0xDFBF, 0xFFFF, 0xFFFF, 0xDFBE, 0xC73E, 0xBF1E, 0x865D, 0x3D3D, 0x453E, 0x34FE,
  0x2CDD, 0x559D, 0x865D, 0xEFFF, 0xD7BF, 0xBF5F, 0xA71F, 0x7E3D, 0x863E, 0xCF9F, 0xA6FF, 0x8E9F,
  0x65DE, 0x65FE, 0x765E, 0x7E5E, 0x765E, 0x6E3E, 0x6E3E, 0x6E3F, 0x5DFF, 0x55FE, 0x661E, 0x767F,
  0x7EBF, 0x767F, 0x667F, 0x6E5E, 0x6E5F, 0x8EBF, 0x9F1F, 0xB77F, 0xCFBF, 0xB77F, 0xA71E, 0xAF3E,
  0xA71E, 0x971F, 0x8F1E, 0xA75E, 0xB75E, 0xBF5D, 0xCF3C, 0xDEFB, 0xD6DB, 0x965A, 0x5559, 0x2478,
  0x2417, 0x23D7, 0x2396, 0x1B13, 0x1A92, 0x1231, 0x0A11, 0x01D0, 0x0A11, 0x1231, 0x1250, 0x3BB4,
  0x124F, 0x11AC, 0x228F, 0x2AD0, 0x1A2E, 0x118B, 0x11AC, 0x0A11, 0x016E, 0x84F8, 0xFFFF, 0xE79F,
  0xFFFF, 0xF7FF, 0xADFA, 0x3B13, 0x016F, 0x018F, 0x0A11, 0x018F, 0x5BF5, 0xFFFF, 0xEFBF, 0xEFBF,
  0xEFBF, 0xEFBF, 0xEFBF, 0xEFBF, 0xEFBF, 0xE79F, 0xFFFF, 0x84F8, 0x016E, 0x0A11, 0x21AA, 0x1947,
  0x1106, 0x10C5, 0x08C4, 0x08A4, 0x08A4, 0x08C5, 0x10E5, 0x1906, 0x1989, 0x0A10, 0x016F, 0x7CD8,
  0xFFFF, 0xE79F, 0xEFBF, 0xEFBF, 0xEFBF, 0xEFBF, 0xEFBF, 0xEFBF, 0xEFBF, 0xEFBF, 0xEFBF, 0xEFBF,
  0xEFBF, 0xEFBF, 0xEFBF, 0xEFBF, 0xF7FF, 0xFFFF, 0xBE5B, 0x4B53, 0x018F, 0x018F, 0x0A11, 0x09CF,
  0x1149, 0x10C4, 0x0882, 0x0862, 0x0042, 0x0021, 0x0021, 0x0000, 0x0000, 0x0000, 0x0000, 0x0000,
  0x0000, 0x0000, 0x0000, 0x0000, 0x0000, 0x0000, 0x0000, 0x0000, 0x0000, 0x0000, 0x0000, 0x0000,
  0x0000, 0x0000, 0x0000, 0x0000, 0x0000, 0x0000, 0x0000, 0x0000, 0x0000, 0x0000, 0x0000, 0x0000,
  0x0000, 0x0000, 0x0000, 0x0000, 0x0000, 0x0000, 0x0000, 0x0000, 0x0000, 0x0000, 0x0000, 0x0000,
  0x0000, 0x0000, 0x0000, 0x0000, 0x0000, 0x0000, 0x0000, 0x0000, 0x0000, 0x0000, 0x0000, 0x0000,
  0x10C4, 0x0883, 0x0021, 0x0041, 0x0000, 0x0000, 0x0000, 0x0001, 0x0001, 0x0001, 0x0001, 0x0841,
  0x0001, 0x0001, 0x0001, 0x0021, 0x0021, 0x0021, 0x0021, 0x0021, 0x0022, 0x0022, 0x0042, 0x0042,
  0x0043, 0x0063, 0x0062, 0x0063, 0x00A4, 0x00A7, 0x0170, 0x761E, 0x4D7D, 0x0357, 0x22F3, 0x11CE,
  0x0969, 0x21EC, 0x32B0, 0x19ED, 0x220D, 0x11CC, 0x09AC, 0x096A, 0x0129, 0x00C7, 0x757B, 0x1AD3,
  0x018C, 0x09AB, 0x014B, 0x018B, 0x09AC, 0x19ED, 0x014A, 0x014B, 0x012B, 0x12B1, 0x2C18, 0x01AF,
  0x010A, 0x2291, 0x018C, 0x018C, 0x016B, 0x018C, 0x018C, 0x09AD, 0x1210, 0x1272, 0x12F5, 0x1B99,
  0x0359, 0x13BA, 0x24FD, 0x3E1F, 0x675F, 0x777F, 0xB7BF, 0xFFFF, 0xFFFF, 0xFFFF, 0xEFFF, 0xDFFF,
  0xE7FF, 0xE7FF, 0xD7DF, 0xAF5F, 0x9F1F, 0x9F3F, 0x8F1F, 0x8EDF, 0x8EFF, 0x8EFF, 0x769F, 0x459F,
  0x8E9D, 0xFFFF, 0xEFBF, 0xE7BF, 0xE7BF, 0xE7BF, 0xE7BF, 0xE79F, 0xE79F, 0xE7BF, 0xE7BF, 0xDF9F,
  0xDF9F, 0xDF9F, 0xDF9F, 0xCF5F, 0xCF5F, 0xD75F, 0xD77F, 0xE7BF, 0xF7FF, 0xF7FF, 0xB71F, 0x75DD,
  0x5D3D, 0x349B, 0x1C3B, 0x1C3B, 0x2CDC, 0x34FC, 0x3CDC, 0x249B, 0x4D7D, 0x7E3D, 0x863C, 0xAEFE,
  0xAF1F, 0x3CDB, 0x1C7C, 0x247B, 0x2CDC, 0x34FD, 0x247C, 0x249C, 0x2CFD, 0x451D, 0x555D, 0x557E,
  0x555D, 0x5DBD, 0x65FF, 0x5D9E, 0x4D7E, 0x55BE, 0x65DE, 0x5DDE, 0x5DDE, 0x55BE, 0x5DDE, 0xA6DE,
  0x7E7E, 0x6E3E, 0x765F, 0x663F, 0x6E7F, 0x7E9F, 0x86BE, 0x96FE, 0xA73E, 0xAF5E, 0x9F3D, 0x867C,
  0x765C, 0x765C, 0x867B, 0x9E9A, 0xB69A, 0xBE59, 0xBE18, 0xA5D8, 0x7DB7, 0x3C56, 0x1B34, 0x1252,
  0x0A11, 0x01B0, 0x018F, 0x2AB2, 0x01AF, 0x09F1, 0x0A10, 0x1A70, 0x43D4, 0x1A0E, 0x11ED, 0x226E,
  0x2290, 0x2AAF, 0x32CF, 0x11EE, 0x01D0, 0x1A30, 0xE79F, 0xFFFF, 0xB5FA, 0x4313, 0x016F, 0x018F,
  0x09F1, 0x1A50, 0x2270, 0x01D0, 0x09D0, 0xC6BD, 0xF7FF, 0xEFBF, 0xEFBF, 0xEFBF, 0xEFBF, 0xEFBF,
  0xEFBF, 0xEFBF, 0xEFDF, 0xE77F, 0x2251, 0x01D0, 0x11EE, 0x2167, 0x1126, 0x10E5, 0x08C5, 0x08A4,
  0x08A4, 0x08A4, 0x10C5, 0x1106, 0x1946, 0x11CD, 0x01D0, 0x1A51, 0xDF5E, 0xEFDF, 0xEFBF, 0xEFBF,
  0xEFBF, 0xEFBF, 0xEFBF, 0xEFBF, 0xEFBF, 0xEFBF, 0xEFBF, 0xEFBF, 0xEFBF, 0xEF9F, 0xF7FF, 0xFFFF,
  0xBE5B, 0x4B74, 0x018F, 0x018F, 0x0A11, 0x11EF, 0x1169, 0x18E5, 0x10A3, 0x0883, 0x0862, 0x0842,
  0x0021, 0x0021, 0x0000, 0x0000, 0x0021, 0x0001, 0x0000, 0x0000, 0x0000, 0x0000, 0x0000, 0x0000,
  0x0000, 0x0000, 0x0000, 0x0000, 0x0000, 0x0000, 0x0000, 0x0000, 0x0000, 0x0000, 0x0000, 0x0000,
  0x0000, 0x0000, 0x0000, 0x0000, 0x0000, 0x0000, 0x0000, 0x0000, 0x0000, 0x0000, 0x0000, 0x0000,
  0x0000, 0x0000, 0x0000, 0x0000, 0x0000, 0x0000, 0x0000, 0x0000, 0x0000, 0x0000, 0x0000, 0x0000,
  0x0000, 0x0000, 0x0000, 0x0000, 0x0000, 0x0000, 0x0000, 0x0000, 0x0021, 0x0001, 0x0000, 0x0000,
  0x0000, 0x0000, 0x0000, 0x0001, 0x0001, 0x0001, 0x0021, 0x0021, 0x0021, 0x0021, 0x0001, 0x0021,
  0x0021, 0x0021, 0x0021, 0x0062, 0x0022, 0x0022, 0x0042, 0x0043, 0x0043, 0x0062, 0x0042, 0x0063,
  0x0023, 0x0048, 0x0B97, 0xFFFF, 0xFFFF, 0x255F, 0x23B6, 0x2AF1, 0x224D, 0x19CD, 0x19AC, 0x096A,
  0x096A, 0x11EC, 0x122E, 0x1A2E, 0x2290, 0x1A0F, 0x3B54, 0x1A90, 0x09CD, 0x120E, 0x120D, 0x120F,
  0x2B14, 0x2B54, 0x1A71, 0x1AD3, 0x4D3C, 0x66BF, 0xE7FF, 0x9FBF, 0x3417, 0x3BB5, 0x22D1, 0x2313,
  0x2B95, 0x2314, 0x2AF4, 0x2AF4, 0x1B35, 0x1B98, 0x1BB9, 0x1C5D, 0x465F, 0x56BF, 0x671F, 0xBFFF,
  0xEFFF, 0xF7FF, 0xFFFF, 0xEFFF, 0xC7BF, 0xCFDF, 0xF7FF, 0xFFFF, 0xFFFF, 0xFFFF, 0xAF3F, 0x86BF,
  0x8EDF, 0x96DF, 0x8EDF, 0x7E9F, 0x6E5F, 0x4DDE, 0x55BD, 0xAF3E, 0xF7FF, 0xEFDF, 0xE79F, 0xDF9F,
  0xE79F, 0xE79F, 0xE79F, 0xE79F, 0xDF9F, 0xDF9F, 0xCF7F, 0xCF5E, 0xCF7F, 0xD77F, 0xD79F, 0xD7BE,
  0xD79F, 0xDF9F, 0xEFFF, 0xF7FF, 0xC73E, 0x963E, 0x349B, 0x1C5C, 0x349C, 0x34BC, 0x34DC, 0x34DC,
  0x4D1C, 0x44DB, 0x8E1D, 0xCF9F, 0xEFFF, 0xEFFF, 0xE7DF, 0xE7FF, 0xFFFF, 0xBF3F, 0x1BF9, 0x0359,
  0x13D9, 0x1BF9, 0x451C, 0x245B, 0x13DA, 0x349B, 0x3CDB, 0x451C, 0x3CDC, 0x3CDC, 0x455E, 0x5DBE,
  0x763E, 0x559E, 0x865D, 0xA73D, 0x9EDE, 0xA71F, 0x6DDD, 0xBF3E, 0x7E3F, 0x55DE, 0x55BD, 0x65DE,
  0x65FE, 0x661E, 0x6E1E, 0x6E1E, 0x763F, 0x867D, 0xC75D, 0xDF7D, 0xAEFC, 0x6DFB, 0x557A, 0x5579,
  0x6D99, 0x7598, 0x7D98, 0x9DD7, 0x8495, 0x32F2, 0x0A11, 0x01B0, 0x016F, 0x3AF3, 0xADFA, 0xF7DF,
  0x84F8, 0x018F, 0x09F0, 0x0A10, 0x2AB1, 0x4373, 0x1A4F, 0x224F, 0x226F, 0x1A0D, 0x2A6E, 0x2A6F,
  0x0A11, 0x018F, 0x63F5, 0x5394, 0x016E, 0x018F, 0x0A11, 0x1210, 0x32B0, 0x42CE, 0x42CE, 0x1230,
  0x016F, 0x5BF5, 0xFFFF, 0xEFBF, 0xEFBF, 0xEFBF, 0xEFBF, 0xEFBF, 0xEFBF, 0xEFBF, 0xE79F, 0xFFFF,
  0x8D18, 0x016E, 0x0A11, 0x19AA, 0x1946, 0x1106, 0x08C5, 0x08A5, 0x08A4, 0x08A4, 0x08C5, 0x10E5,
  0x1926, 0x1968, 0x0A10, 0x016F, 0x7CB7, 0xFFFF, 0xE79F, 0xEFBF, 0xEFBF, 0xEFBF, 0xEFBF, 0xEFBF,
  0xEFBF, 0xEFBF, 0xEFBF, 0xE79F, 0xF7FF, 0xFFFF, 0xBE7C, 0x5394, 0x018F, 0x018F, 0x0A11, 0x11EF,
  0x118A, 0x1905, 0x10C4, 0x10A3, 0x0883, 0x0862, 0x0862, 0x0041, 0x0021, 0x0021, 0x0000, 0x0000,
  0x0000, 0x0000, 0x0000, 0x0000, 0x0000, 0x0000, 0x0000, 0x0000, 0x0000, 0x0000, 0x0000, 0x0000,
  0x0000, 0x0000, 0x0000, 0x0000, 0x0000, 0x0000, 0x0000, 0x0000, 0x0000, 0x0000, 0x0000, 0x0000,
  0x0000, 0x0000, 0x0000, 0x0000, 0x0000, 0x0000, 0x0000, 0x0000, 0x0000, 0x0000, 0x0000, 0x0000,
  0x0000, 0x0000, 0x0000, 0x0000, 0x0000, 0x0000, 0x0000, 0x0000, 0x0000, 0x0000, 0x0000, 0x0000,
  0x0000, 0x0000, 0x0000, 0x0000, 0x0000, 0x0000, 0x0000, 0x0000, 0x0000, 0x0000, 0x0000, 0x0000,
  0x0001, 0x0001, 0x0001, 0x0001, 0x0021, 0x0021, 0x0021, 0x0021, 0x0021, 0x0022, 0x0042, 0x2126,
  0x0002, 0x0022, 0x0042, 0x0043, 0x0042, 0x0042, 0x0001, 0x0002, 0x00C8, 0x11EF, 0x2CDD, 0xAFFF,
  0x775F, 0x0213, 0x00EA, 0x0085, 0x0003, 0x0022, 0x0064, 0x00A5, 0x00A6, 0x00A6, 0x0065, 0x00A6,
  0x00C6, 0x0024, 0x0044, 0x00A7, 0x0045, 0x0066, 0x00C5, 0x0109, 0x016C, 0x00EA, 0x014B, 0x1AB1,
  0x1271, 0x0210, 0x44FA, 0x3CD9, 0x0252, 0x1230, 0x1A91, 0x1AF3, 0x2356, 0x2377, 0x1B78, 0x1378,
  0x0B99, 0x0C5C, 0x04FE, 0x261F, 0xA7FF, 0xEFFF, 0xFFFF, 0xFFFF, 0xF7FF, 0xE7FF, 0xD7DF, 0xC79F,
  0xE7BF, 0xEFDF, 0xF7DF, 0xF7FF, 0xCF3E, 0xB71F, 0x663F, 0x7E7F, 0x8EBF, 0x867F, 0x7EBF, 0x5DDF,
  0x3D3D, 0x7E3D, 0xE7DF, 0xFFFF, 0xEFBF, 0xDFBF, 0xDFBF, 0xDFBF, 0xDFBF, 0xDF7F, 0xD75F, 0xD73F,
  0xC73F, 0xCF3F, 0xD75F, 0xD77F, 0xD79F, 0xDF7F, 0xD77F, 0xC6FE, 0xD75F, 0xDFBF, 0xCF3F, 0xC71E,
  0x5D3B, 0x0BD9, 0x241B, 0x2C3B, 0x2C3B, 0x1C1A, 0x0399, 0x2C7B, 0x75DD, 0xC75F, 0xCF5E, 0xE7FF,
  0xE7FF, 0xEFFF, 0xF7FF, 0xF7FF, 0xD79F, 0xCF9E, 0xFFFF, 0x9E1B, 0xD77F, 0xE7DF, 0xBEDC, 0xC75D,
  0xE7FF, 0xCF5F, 0x347B, 0x345B, 0x347A, 0x4D1D, 0x4D5E, 0x44FC, 0x4D3C, 0x553E, 0x65BE, 0x761D,
  0x5D7D, 0x451C, 0x4D5D, 0x5D9D, 0x7E5F, 0x7E7F, 0x5DDD, 0x557D, 0x5D9D, 0x5D9D, 0x65FE, 0x6E5E,
  0x65FE, 0x5DBD, 0x5D9D, 0x7DFC, 0x965B, 0x9E9A, 0xB69A, 0x8DB8, 0x7578, 0x64F7, 0x4415, 0x22D2,
  0x0A11, 0x01B0, 0x016F, 0x3AF2, 0xA5DA, 0xF7FF, 0xFFFF, 0xEFBF, 0xFFFF, 0x9579, 0x01AF, 0x01D0,
  0x0A10, 0x2AB1, 0x4373, 0x222F, 0x222E, 0x2A8F, 0x222E, 0x19AC, 0x11EF, 0x0A11, 0x018F, 0x018F,
  0x0A11, 0x1210, 0x220E, 0x2A4C, 0x326D, 0x328D, 0x3A6C, 0x2A6F, 0x01F0, 0x09CF, 0xC69C, 0xF7FF,
  0xEFBF, 0xEFBF, 0xEFBF, 0xEFBF, 0xEFBF, 0xEFBF, 0xEFBF, 0xEFDF, 0xEF9F, 0x2271, 0x01D0, 0x11EE,
  0x2167, 0x1106, 0x10E5, 0x08C5, 0x08A4, 0x08A5, 0x08C5, 0x08C5, 0x1126, 0x1926, 0x11CD, 0x01D0,
  0x1A51, 0xDF3E, 0xF7DF, 0xEFBF, 0xEFBF, 0xEFBF, 0xEFBF, 0xEFBF, 0xEFBF, 0xE79F, 0xF7FF, 0xFFFF,
  0xC69C, 0x53B4, 0x01AF, 0x018F, 0x0A11, 0x11EF, 0x118A, 0x1926, 0x18E4, 0x10C4, 0x08A3, 0x0883,
  0x0842, 0x0042, 0x0021, 0x0021, 0x0021, 0x0021, 0x0000, 0x0000, 0x0000, 0x0000, 0x0000, 0x0000,
  0x0000, 0x0000, 0x0000, 0x0000, 0x0000, 0x0000, 0x0000, 0x0000, 0x0000, 0x0000, 0x0000, 0x0000,
  0x0000, 0x0000, 0x0000, 0x0000, 0x0000, 0x0000, 0x0000, 0x0000, 0x0000, 0x0000, 0x0000, 0x0000,
  0x0000, 0x0000, 0x0000, 0x0000, 0x0000, 0x0000, 0x0000, 0x0000, 0x0000, 0x0000, 0x0000, 0x0000,
  0x0000, 0x0000, 0x0000, 0x0001, 0x0000, 0x0000, 0x0000, 0x0000, 0x0000, 0x0000, 0x0000, 0x0000,
  0x0000, 0x0000, 0x0000, 0x0000, 0x0000, 0x0000, 0x0001, 0x0001, 0x0001, 0x0001, 0x0001, 0x0021,
  0x0021, 0x0021, 0x0021, 0x0021, 0x0022, 0x0022, 0x0022, 0x0022, 0x0042, 0x0042, 0x0043, 0x0022,
  0x0002, 0x0000, 0x08A5, 0x196A, 0x19AA, 0x224D, 0x00EB, 0x02F6, 0x0254, 0x0A72, 0x00EA, 0x0109,
  0x0128, 0x00E6, 0x00A6, 0x00A6, 0x00A6, 0x0086, 0x00C7, 0x0107, 0x00E7, 0x00E7, 0x1149, 0x00C8,
  0x08E7, 0x08E7, 0x0928, 0x09AB, 0x012B, 0x09EE, 0x1AD0, 0x016B, 0x01ED, 0x1A71, 0x014D, 0x01F0,
  0x01D0, 0x09D0, 0x11F0, 0x1252, 0x0A94, 0x0AF6, 0x0358, 0x03DB, 0x04DE, 0x25FF, 0x771F, 0xD7FF,
  0xFFFF, 0xFFFF, 0xFFFF, 0xE7FF, 0xDFFF, 0xC7DF, 0xB77F, 0xDFBF, 0xF7FF, 0xEFDF, 0xE7FF, 0xBF9F,
  0x7E7E, 0x7E9F, 0x86BF, 0x86DF, 0x7EBF, 0x5DFE, 0x459E, 0x6DFD, 0xCF7F, 0xFFFF, 0xFFFF, 0xE7BF,
  0xDF9F, 0xCF5F, 0xC73F, 0xC71F, 0xC71F, 0xBEFF, 0xBEFF, 0xC71F, 0xC73F, 0xD77F, 0xD77F, 0xD77F,
  0xD79F, 0xCF7F, 0xCF5F, 0xAE7D, 0xDFBF, 0xBEFE, 0x23FA, 0x2C3A, 0x2C3A, 0x241A, 0x2C3A, 0x241A,
  0x13B9, 0x44DB, 0x969D, 0xD7FF, 0xE7FF, 0xD7FF, 0x5D3B, 0x4D1C, 0x75BD, 0x8E1C, 0xCFBF, 0xB75F,
  0x1BF9, 0x3459, 0xFFFF, 0xFFFF, 0xC6DE, 0xFFFF, 0xAEDD, 0x657B, 0x0318, 0x0399, 0x1BDA, 0x2C3B,
  0x2C3B, 0x23F9, 0x345B, 0x3C5B, 0x2C5B, 0x34BC, 0x44DD, 0x4D5D, 0x65DE, 0x763F, 0x867E, 0x8E9E,
  0x7E5E, 0x7E3E, 0x7E1E, 0x8E5D, 0x65BD, 0x5D9D, 0x559C, 0x555C, 0x559C, 0x5D9D, 0x5D9C, 0x5D7B,
  0x4D1B, 0x551A, 0x8DF9, 0x95B8, 0x6CD6, 0x2AF2, 0x0A11, 0x01B0, 0x016F, 0x32D2, 0xA5BA, 0xF7DF,
  0xFFFF, 0xEFBF, 0xEF9F, 0xEFBF, 0xE79F, 0xFFFF, 0xADFA, 0x09D0, 0x01B0, 0x0A11, 0x2AF2, 0x3B53,
  0x226F, 0x226F, 0x2AB0, 0x2A8F, 0x11CC, 0x09CE, 0x09F0, 0x1210, 0x1A4F, 0x21EC, 0x198A, 0x19AA,
  0x21EC, 0x328E, 0x2A0B, 0x324C, 0x1210, 0x018F, 0x53D5, 0xFFFF, 0xEFBF, 0xEFBF, 0xEFBF, 0xEFBF,
  0xEFBF, 0xEFBF, 0xEFBF, 0xE79F, 0xFFFF, 0x9538, 0x016E, 0x0A11, 0x19AA, 0x1926, 0x1106, 0x08C5,
  0x08A5, 0x08A4, 0x08A5, 0x08C5, 0x10E5, 0x1106, 0x1969, 0x0A10, 0x016F, 0x74B7, 0xFFFF, 0xE79F,
  0xEFBF, 0xEFBF, 0xEFBF, 0xE79F, 0xF7FF, 0xFFFF, 0xC6BC, 0x5BD5, 0x01AF, 0x018F, 0x09F1, 0x11EF,
  0x19AB, 0x1926, 0x18E4, 0x10C4, 0x08A4, 0x0883, 0x0862, 0x0862, 0x0042, 0x0021, 0x0021, 0x0021,
  0x0021, 0x0000, 0x0000, 0x0000, 0x0000, 0x0000, 0x0000, 0x0000, 0x0000, 0x0000, 0x0000, 0x0000,
  0x0000, 0x0000, 0x0000, 0x0000, 0x0000, 0x0000, 0x0000, 0x0000, 0x0000, 0x0000, 0x0000, 0x0000,
  0x0000, 0x0000, 0x0000, 0x0000, 0x0000, 0x0000, 0x0000, 0x0000, 0x53D5, 0x0083, 0x0000, 0x0000,
  0x0000, 0x0000, 0x0000, 0x0000, 0x0000, 0x0000, 0x0000, 0x0000, 0x0000, 0x0000, 0x0000, 0x0000,
  0x0000, 0x0021, 0x0000, 0x0000, 0x0000, 0x0000, 0x0000, 0x0000, 0x0000, 0x0000, 0x0000, 0x0000,
  0x0000, 0x0001, 0x0001, 0x0001, 0x0001, 0x0021, 0x0021, 0x0021, 0x0021, 0x0021, 0x0021, 0x0022,
  0x0022, 0x0022, 0x0042, 0x0022, 0x0042, 0x0042, 0x0021, 0x0000, 0x0083, 0x19AA, 0x194A, 0x08C7,
  0x220C, 0x0085, 0x00C7, 0x11CD, 0x012B, 0x096C, 0x19CC, 0x0066, 0x00E7, 0x0108, 0x0928, 0x00C6,
  0x0107, 0x0908, 0x00C6, 0x00A6, 0x00C7, 0x096A, 0x0149, 0x0149, 0x0948, 0x0928, 0x0109, 0x014B,
  0x1251, 0x1AB2, 0x01CD, 0x0A0F, 0x1291, 0x016D, 0x01EE, 0x4437, 0x1A93, 0x0A73, 0x0293, 0x02F6,
  0x0B59, 0x03DC, 0x04BE, 0x363F, 0x97DF, 0xFFFF, 0xFFFF, 0xFFFF, 0xF7FF, 0xE7FF, 0xD7DF, 0xBF9F,
  0x96FF, 0x76BF, 0x8EBE, 0xD77F, 0xEFDF, 0xD7BF, 0x865E, 0x55DE, 0x765E, 0x8EBF, 0x9EDF, 0x7E9F,
  0x55FF, 0x5DFD, 0xA6FE, 0xFFFF, 0xFFFF, 0xE79F, 0xCF3F, 0xC73F, 0xBF1F, 0xB6DE, 0xBEFF, 0xBEFF,
  0xBF1F, 0xBEFF, 0xC71F, 0xC73F, 0xD77F, 0xD77F, 0xCF5F, 0xD75F, 0xE7BF, 0xE79F, 0xDFBF, 0xF7FF,
  0x961D, 0xB71F, 0x347A, 0x0B59, 0x2BFA, 0x3C5B, 0x343B, 0x3C5A, 0x8E7D, 0xCFBF, 0xA65C, 0x7DBC,
  0x2BD8, 0x02F6, 0x0B77, 0x0B58, 0x0337, 0x33F9, 0x5CFC, 0x2397, 0x0338, 0x0296, 0x4C99, 0xDFDF,
  0xFFFF, 0xC77F, 0x0235, 0xAEFF, 0xCF9F, 0x449A, 0x1358, 0x23FA, 0x343A, 0x23D9, 0x2BD9, 0x2BDA,
  0x2BFA, 0x23D9, 0x23FA, 0x1BF9, 0x2BF9, 0x5D1C, 0x75BD, 0x6DBD, 0x761E, 0x65BD, 0x5D5B, 0x9E7D,
  0x85FD, 0x655C, 0x4D3C, 0x4D1C, 0x44FB, 0x3CBB, 0x3CDB, 0x44B9, 0x54F9, 0x4CB9, 0x4C98, 0x5498,
  0x1272, 0x0A11, 0x018F, 0x2AB2, 0x9D99, 0xEFDF, 0xFFFF, 0xEFBF, 0xEF9F, 0xEFBF, 0xEFBF, 0xEFBF,
  0xEFBF, 0xE79F, 0xFFFF, 0xBE7C, 0x1210, 0x01AF, 0x0A11, 0x2AF2, 0x3B52, 0x2290, 0x2270, 0x2290,
  0x32D0, 0x222D, 0x11AB, 0x11AB, 0x19EC, 0x222D, 0x222C, 0x21EC, 0x116A, 0x19CC, 0x21EC, 0x2A2B,
  0x220E, 0x09F1, 0x09CF, 0xC69C, 0xF7FF, 0xEFBF, 0xEFBF, 0xEFBF, 0xEFBF, 0xEFBF, 0xEFBF, 0xEFBF,
  0xEFBF, 0xEF9F, 0x2271, 0x01B0, 0x11CE, 0x2167, 0x1106, 0x10C6, 0x08C5, 0x08A4, 0x08A4, 0x08A4,
  0x08A5, 0x10E6, 0x1947, 0x11CD, 0x01D0, 0x1A31, 0xD71E, 0xF7DF, 0xEF9F, 0xE79F, 0xF7FF, 0xFFFF,
  0xCEDD, 0x63F5, 0x09AF, 0x016F, 0x09F1, 0x11F0, 0x19AB, 0x1946, 0x1904, 0x10C4, 0x08A4, 0x0883,
  0x0863, 0x0062, 0x0042, 0x0042, 0x0021, 0x0021, 0x0021, 0x0001, 0x0000, 0x0021, 0x0000, 0x0000,
  0x0000, 0x0000, 0x0000, 0x0000, 0x0000, 0x0000, 0x0000, 0x0000, 0x0000, 0x0000, 0x0000, 0x0000,
  0x0000, 0x0000, 0x0000, 0x0000, 0x0000, 0x0000, 0x0000, 0x0000, 0x0000, 0x0000, 0x0000, 0x0000,
  0x0000, 0x0000, 0x0000, 0x0000, 0x2168, 0x0001, 0x0000, 0x0000, 0x0000, 0x0000, 0x0000, 0x0000,
  0x0000, 0x0000, 0x0000, 0x0000, 0x0841, 0x0021, 0x0000, 0x0000, 0x0000, 0x0000, 0x0000, 0x0000,
  0x0000, 0x0000, 0x0001, 0x0000, 0x0000, 0x0000, 0x0000, 0x0842, 0x0001, 0x0001, 0x0001, 0x0001,
  0x0021, 0x0021, 0x0001, 0x0021, 0x0021, 0x0021, 0x0021, 0x0021, 0x0022, 0x0022, 0x0021, 0x0042,
  0x0002, 0x0000, 0x0044, 0x1949, 0x21AA, 0x0084, 0x0044, 0x21EC, 0x00E8, 0x0045, 0x098A, 0x00E7,
  0x0108, 0x0065, 0x116A, 0x0929, 0x00C7, 0x00E7, 0x00A6, 0x0108, 0x19CB, 0x0108, 0x0108, 0x0108,
  0x014A, 0x096B, 0x0109, 0x014A, 0x094A, 0x00E8, 0x016A, 0x2292, 0x1250, 0x09CD, 0x0A4F, 0x1AB2,
  0x1211, 0x1A93, 0x1272, 0x1B55, 0x12D5, 0x0AF6, 0x0379, 0x03BA, 0x045D, 0x2DDF, 0xA7BF, 0xFFFF,
  0xFFFF, 0xFFFF, 0xEFFF, 0xF7FF, 0xD7DF, 0x9F1E, 0x769F, 0x663D, 0x7E9D, 0xB71F, 0xEFDF, 0xEFDF,
  0xB71F, 0x6DDD, 0x6E3E, 0x869F, 0x96DF, 0x86BF, 0x5DDD, 0x2C9A, 0x1C5A, 0x5D5A, 0xD77E, 0xEFBF,
  0xD75F, 0xC6FF, 0xBEFF, 0xBF1F, 0xC71F, 0xC71F, 0xC6FF, 0xC71F, 0xCF1F, 0xCF1F, 0xCF5F, 0xD77F,
  0xDF9F, 0xE7FF, 0xEFFF, 0xF7FF, 0xE7BF, 0xE7FF, 0xCFBF, 0xCF9F, 0x445A, 0x447A, 0x1B98, 0x2BDA,
  0x343B, 0x343A, 0x23B9, 0x23B8, 0x3419, 0x1318, 0x02B6, 0x0AD7, 0x12F7, 0x02B6, 0x2BD9, 0x4CBB,
  0x44BA, 0x23D8, 0x3439, 0x5D3C, 0x447A, 0x2399, 0x02D7, 0x963C, 0xFFFF, 0x12F5, 0x0236, 0x0236,
  0x855B, 0x7D9B, 0x1B78, 0x2398, 0x1378, 0x1B98, 0x1B98, 0x2399, 0x23B8, 0x1B77, 0x2357, 0x1B77,
  0x1B99, 0x1B99, 0x23D9, 0x1BB8, 0x2BD8, 0x5CFB, 0x75BC, 0x5CFA, 0x757C, 0x5D3C, 0x3459, 0x2C5A,
  0x347A, 0x243A, 0x2C39, 0x5D3B, 0x54FA, 0x4C78, 0x4C78, 0x3BF6, 0x09F0, 0x01AF, 0x7CD7, 0xF7DF,
  0xFFFF, 0xEFBF, 0xE79F, 0xEFBF, 0xEFBF, 0xEFBF, 0xEFBF, 0xEFBF, 0xEFBF, 0xEFBF, 0xE79F, 0xFFFF,
  0xCEDC, 0x2251, 0x018F, 0x0A11, 0x2AF2, 0x3332, 0x2AB1, 0x2270, 0x1A4F, 0x2AD1, 0x226F, 0x11CC,
  0x118B, 0x118B, 0x11CC, 0x222D, 0x19EC, 0x222E, 0x19EC, 0x198A, 0x220B, 0x1210, 0x018F, 0x53B4,
  0xFFFF, 0xEFBF, 0xEFBF, 0xEFBF, 0xEFBF, 0xEFBF, 0xEFBF, 0xEFBF, 0xE79F, 0xFFFF, 0x9559, 0x016E,
  0x0A11, 0x1989, 0x1926, 0x10E6, 0x08C5, 0x08A5, 0x08A4, 0x0884, 0x08A4, 0x08C5, 0x1127, 0x11AA,
  0x0A10, 0x018F, 0x7497, 0xFFFF, 0xEFDF, 0xFFFF, 0xCEDD, 0x63F5, 0x09CF, 0x016F, 0x09F1, 0x11F0,
  0x118B, 0x1927, 0x1904, 0x10E4, 0x10C4, 0x0883, 0x0863, 0x0862, 0x0042, 0x0862, 0x0042, 0x0021,
  0x0021, 0x0021, 0x0001, 0x0001, 0x0001, 0x0021, 0x0001, 0x0001, 0x0001, 0x0000, 0x0000, 0x0000,
  0x0000, 0x0000, 0x0000, 0x0000, 0x0000, 0x0000, 0x0000, 0x0000, 0x0000, 0x0000, 0x0000, 0x0000,
  0x0000, 0x0000, 0x0000, 0x0000, 0x0000, 0x0000, 0x0000, 0x0000, 0x0000, 0x0000, 0x0000, 0x0000,
  0x0000, 0x0000, 0x0000, 0x0000, 0x0000, 0x0000, 0x0000, 0x0000, 0x0000, 0x0000, 0x0000, 0x0000,
  0x0000, 0x0000, 0x0000, 0x0000, 0x0000, 0x0000, 0x0000, 0x0000, 0x0000, 0x0000, 0x0001, 0x0000,
  0x0000, 0x0000, 0x0001, 0x1084, 0x0001, 0x0001, 0x0001, 0x0021, 0x0021, 0x0021, 0x0021, 0x0021,
  0x0021, 0x0021, 0x0022, 0x0022, 0x0022, 0x0041, 0x0000, 0x0000, 0x0023, 0x1928, 0x1968, 0x08A6,
  0x0000, 0x0883, 0x21EC, 0x0065, 0x0066, 0x00C8, 0x19ED, 0x0085, 0x0086, 0x00E5, 0x0043, 0x19AB,
  0x0108, 0x00A7, 0x098B, 0x09CB, 0x00A7, 0x00A7, 0x00E8, 0x00E8, 0x11CC, 0x0129, 0x096B, 0x096B,
  0x00C8, 0x11CD, 0x2B12, 0x09EE, 0x016B, 0x09CC, 0x1A91, 0x1291, 0x1B35, 0x12D4, 0x01D0, 0x0AF5,
  0x13FA, 0x0BFC, 0x045E, 0x155E, 0x7F3F, 0xFFFF, 0xFFFF, 0xFFFF, 0xDFFF, 0xCFBF, 0xC79F, 0x9F3E,
  0x6E7E, 0x45FF, 0x5E5F, 0xA6FF, 0xF7FF, 0xF7FF, 0xBF1F, 0xBF5E, 0x763F, 0x869F, 0x96FF, 0x7E7F,
  0x4D9E, 0x2CDB, 0x5D7B, 0x75BC, 0x4459, 0xA69D, 0xE7BF, 0xD73F, 0xCF5F, 0xC71F, 0xC71F, 0xBEFE,
  0xB6DF, 0xBEDF, 0xBEFF, 0xC71F, 0xCF5F, 0xCF5F, 0xD77F, 0xDFBF, 0xC71F, 0xA69E, 0x963C, 0x6CD9,
  0xD73F, 0x753C, 0x4C9A, 0x23B8, 0x1B98, 0x02D6, 0x12D6, 0x1B36, 0x1B77, 0x1B58, 0x1B38, 0x12F7,
  0x1B38, 0x2B99, 0x12D6, 0x1B37, 0x12F6, 0x2357, 0x1AD6, 0x12B4, 0x2398, 0x23B9, 0x43F9, 0x22F6,
  0x12D6, 0x12D8, 0x12F8, 0x0295, 0x2335, 0x0254, 0x02F7, 0x1338, 0x02B6, 0x12F7, 0x2398, 0x2BB8,
  0x2BB8, 0x33FA, 0x341A, 0x2398, 0x1316, 0x1B37, 0x2356, 0x12F6, 0x1B78, 0x23B8, 0x1337, 0x02B4,
  0x0233, 0x1B15, 0x4438, 0x54BB, 0x4C9A, 0x54FA, 0x449A, 0x0336, 0x0274, 0x8558, 0x8DB9, 0x2BF7,
  0x33F7, 0x3C18, 0x4457, 0x3BD5, 0x0A10, 0x018F, 0xAE1B, 0xFFFF, 0xE79F, 0xEFBF, 0xEFBF, 0xEFBF,
  0xEFBF, 0xEFBF, 0xEFBF, 0xEFBF, 0xEFBF, 0xEFBF, 0xEFBF, 0xE79F, 0xF7FF, 0xD71D, 0x2AB2, 0x018F,
  0x0A11, 0x22D2, 0x32F2, 0x2A91, 0x2270, 0x1A2F, 0x22D2, 0x2AD1, 0x11CC, 0x096B, 0x118A, 0x096A,
  0x096A, 0x224E, 0x3B32, 0x220D, 0x29EB, 0x19CC, 0x09F1, 0x01AF, 0xBE7C, 0xF7FF, 0xEFBF, 0xEFBF,
  0xEFBF, 0xEFBF, 0xEFBF, 0xEFBF, 0xEFBF, 0xEFBF, 0xEFBF, 0x2A91, 0x01B0, 0x11EF, 0x1947, 0x10E6,
  0x08E5, 0x08C5, 0x08A4, 0x08A4, 0x0884, 0x08A5, 0x0908, 0x1189, 0x2A6E, 0x01F0, 0x1210, 0xDF3E,
  0xDF1D, 0x6415, 0x09D0, 0x016F, 0x09F1, 0x09F0, 0x118B, 0x1927, 0x1905, 0x10C4, 0x10A4, 0x0883,
  0x0883, 0x0863, 0x0042, 0x0042, 0x0021, 0x0021, 0x0021, 0x0021, 0x0021, 0x0021, 0x0001, 0x0001,
  0x0001, 0x0001, 0x0001, 0x0001, 0x0001, 0x0001, 0x0000, 0x0000, 0x0000, 0x0021, 0x0021, 0x0000,
  0x0001, 0x0001, 0x0000, 0x0000, 0x0000, 0x0000, 0x0000, 0x0000, 0x0000, 0x0000, 0x0000, 0x0000,
  0x0000, 0x0000, 0x0000, 0x0000, 0x0002, 0x0000, 0x0000, 0x0000, 0x0000, 0x0000, 0x0000, 0x0000,
  0x0000, 0x0000, 0x0000, 0x0000, 0x0000, 0x0000, 0x0000, 0x0000, 0x0000, 0x0000, 0x0000, 0x0001,
  0x0000, 0x0000, 0x0000, 0x0000, 0x0041, 0x0001, 0x0041, 0x0001, 0x0000, 0x0000, 0x0000, 0x0000,
  0x0001, 0x0021, 0x0021, 0x0021, 0x0021, 0x0021, 0x0021, 0x0021, 0x0021, 0x0021, 0x0022, 0x0042,
  0x0021, 0x0000, 0x0064, 0x218A, 0x2149, 0x0885, 0x0002, 0x0000, 0x0906, 0x21EB, 0x0023, 0x0043,
  0x00E7, 0x0108, 0x11AC, 0x0043, 0x00E6, 0x0907, 0x0043, 0x00A5, 0x1A0D, 0x11AC, 0x09CC, 0x00E7,
  0x0107, 0x0128, 0x00E7, 0x0949, 0x096A, 0x0949, 0x0149, 0x012B, 0x2B53, 0x33D5, 0x09EE, 0x018C,
  0x016B, 0x3353, 0x22F3, 0x0A72, 0x1B16, 0x0295, 0x02B4, 0x0338, 0x045E, 0x1D7F, 0x975F, 0xEFFF,
  0xFFFF, 0xEFFF, 0xDFFF, 0xCFDF, 0x971F, 0x76BF, 0x6E7E, 0x6E5F, 0x769F, 0x8EBE, 0xBF3F, 0xEFFF,
  0xF7FF, 0x5DBD, 0x351C, 0x4D3C, 0x5DFE, 0x5DDD, 0x555D, 0x247B, 0x1C19, 0x85FC, 0x4479, 0x9E5D,
  0xFFFF, 0xEFFF, 0xC71F, 0xBEFF, 0xB6FF, 0xB6FF, 0xB6BE, 0xB6DE, 0xBEFE, 0xC73F, 0xD77F, 0xC73F,
  0xBEFF, 0xC71F, 0xCF5F, 0xCF7F, 0x85BB, 0x0A95, 0x3BD8, 0x1B35, 0x859B, 0x0295, 0x0215, 0x02B6,
  0x12F6, 0x12F5, 0x12D5, 0x1316, 0x1B37, 0x12F7, 0x1B17, 0x2337, 0x1B16, 0x1B16, 0x2378, 0x0274,
  0x01F3, 0x1B37, 0x12B5, 0x1B16, 0x2357, 0x12B6, 0x1AD4, 0x12B4, 0x0AB5, 0x12F7, 0x12F7, 0x12B5,
  0x0214, 0x02B6, 0x02B6, 0x02B6, 0x1B98, 0x0254, 0x0AB5, 0x1B36, 0x2B77, 0x33D8, 0x4C7B, 0x3BF9,
  0x2BB8, 0x12F6, 0x12F5, 0x12D5, 0x2356, 0x3C18, 0x33B7, 0x4438, 0x2B97, 0x2BB6, 0x1B56, 0x0AD5,
  0x1B35, 0x1B35, 0x3C19, 0x95FA, 0xD6DA, 0xDEDB, 0x64B7, 0x1355, 0x2396, 0x2375, 0x2B95, 0x2B74,
  0x1231, 0x016F, 0x8D18, 0xFFFF, 0xEF9F, 0xEFBF, 0xEFBF, 0xEFBF, 0xEFBF, 0xEFBF, 0xEFBF, 0xEFBF,
  0xEFBF, 0xEFBF, 0xEFBF, 0xEFBF, 0xE79F, 0xF7FF, 0xE77E, 0x3B13, 0x016F, 0x0A11, 0x1AB2, 0x32F2,
  0x2AB1, 0x2271, 0x122F, 0x1A6F, 0x22B1, 0x1A2E, 0x094A, 0x118B, 0x11AC, 0x096B, 0x19ED, 0x19EC,
  0x326E, 0x326D, 0x120F, 0x018F, 0x4B94, 0xFFFF, 0xEFBF, 0xEFBF, 0xEFBF, 0xEFBF, 0xEFBF, 0xEFBF,
  0xEFBF, 0xE79F, 0xFFFF, 0x9579, 0x016E, 0x0A11, 0x21EC, 0x1927, 0x08C5, 0x08C5, 0x08A4, 0x0084,
  0x0064, 0x08A5, 0x0907, 0x19C9, 0x7C31, 0x09F0, 0x01CF, 0x32F2, 0x1210, 0x016F, 0x09F1, 0x09F0,
  0x118B, 0x1926, 0x18E5, 0x10C4, 0x10C4, 0x08A3, 0x0883, 0x0863, 0x0062, 0x0042, 0x0042, 0x0021,
  0x0021, 0x0021, 0x0021, 0x0021, 0x0021, 0x0021, 0x0001, 0x0001, 0x0001, 0x0001, 0x0000, 0x0000,
  0x0000, 0x0000, 0x0000, 0x0000, 0x0000, 0x0000, 0x0000, 0x0000, 0x0020, 0x0000, 0x0001, 0x0000,
  0x0000, 0x0000, 0x0000, 0x0000, 0x0000, 0x0000, 0x0000, 0x0000, 0x0000, 0x0000, 0x0000, 0x0000,
  0x0843, 0x0021, 0x0000, 0x0000, 0x0000, 0x0000, 0x0000, 0x0000, 0x0000, 0x0000, 0x0000, 0x0000,
  0x0000, 0x0000, 0x0000, 0x0000, 0x0000, 0x0000, 0x0000, 0x0000, 0x0000, 0x0000, 0x0000, 0x0000,
  0x0021, 0x0000, 0x0000, 0x0001, 0x0001, 0x0000, 0x0000, 0x0000, 0x0001, 0x0021, 0x0021, 0x0021,
  0x0022, 0x0022, 0x0021, 0x0021, 0x0021, 0x0021, 0x0001, 0x0000, 0x0002, 0x10E7, 0x1968, 0x1126,
  0x0002, 0x0001, 0x0000, 0x1126, 0x21CB, 0x0023, 0x0043, 0x0084, 0x00C7, 0x00E8, 0x11CD, 0x0063,
  0x0084, 0x00C5, 0x0084, 0x0084, 0x1A2E, 0x1A2F, 0x00C7, 0x0129, 0x0129, 0x0109, 0x0928, 0x11CB,
  0x096B, 0x0149, 0x09CC, 0x2B53, 0x2374, 0x01CD, 0x11CE, 0x09AE, 0x1A72, 0x2314, 0x0212, 0x12B5,
  0x1B7A, 0x0319, 0x03BA, 0x0CFD, 0x6EDF, 0xF7FF, 0xFFFF, 0xE7FF, 0xBFDF, 0xAF9F, 0x8F1F, 0x7EBF,
  0xB73F, 0x769E, 0x9F1E, 0xBF3F, 0xD7BF, 0xCF5F, 0xCF5E, 0xFFFF, 0x6DDD, 0x351D, 0x5D9E, 0x6E3E,
  0x4D7C, 0x1C5C, 0x0BDA, 0x0399, 0x23FA, 0x3439, 0x85DC, 0xE7FF, 0xD77F, 0xBEFF, 0xB6DE, 0xAEBE,
  0xA69D, 0xAE9E, 0xBEFF, 0xCF3F, 0xC73F, 0xC73E, 0xC73E, 0xCF5F, 0xCF5F, 0xA6BE, 0x6CFA, 0x859C,
  0x963E, 0x549A, 0x5C78, 0x3BD7, 0x0214, 0x0AD6, 0x12F7, 0x0AF6, 0x12D5, 0x12D5, 0x1AF6, 0x1AF5,
  0x2336, 0x2336, 0x1AF5, 0x1AF5, 0x0AB4, 0x12F7, 0x0296, 0x1B14, 0x85DC, 0x5CBB, 0x12D6, 0x1AF6,
  0x1AF5, 0x12B4, 0x1294, 0x1AD5, 0x1B37, 0x12F6, 0x12B5, 0x12D5, 0x0252, 0x0212, 0x1B37, 0x33B8,
  0x8E1D, 0xA65D, 0x6D1C, 0x1AF5, 0x0234, 0x01D2, 0x01F2, 0x0A94, 0x2336, 0x2336, 0x2315, 0x12B4,
  0x0A72, 0x1252, 0x0A94, 0x2314, 0x3BB6, 0x3BD6, 0x5498, 0x2B75, 0x1AB3, 0x0212, 0x3394, 0xCE9A,
  0xD69A, 0x0AB4, 0x02B5, 0x1AF4, 0x1AF4, 0x2B34, 0x2B54, 0x3374, 0x1251, 0x016F, 0x7476, 0xFFFF,
  0xE79F, 0xEFBF, 0xEFBF, 0xEFBF, 0xEFBF, 0xEFBF, 0xEFBF, 0xEFBF, 0xEFBF, 0xEFBF, 0xEFBF, 0xEFBF,
  0xEFBF, 0xEF9F, 0xF7DF, 0xEF9F, 0x4B94, 0x016F, 0x0A11, 0x1A92, 0x22F2, 0x22D2, 0x2291, 0x1A2F,
  0x120E, 0x22B1, 0x2290, 0x09CD, 0x1A0E, 0x11CD, 0x1A0D, 0x118A, 0x1169, 0x2A2C, 0x224F, 0x09F1,
  0x01AF, 0xBE5C, 0xF7FF, 0xEFBF, 0xEFBF, 0xEFBF, 0xEFBF, 0xEFBF, 0xEFBF, 0xEFBF, 0xEFBF, 0xEFBF,
  0x2A92, 0x01B0, 0x11EE, 0x29AA, 0x1927, 0x0884, 0x08A5, 0x0084, 0x0064, 0x0085, 0x0108, 0x4AED,
  0x9CB2, 0x0949, 0x0A12, 0x01B0, 0x01F1, 0x0A10, 0x094A, 0x1107, 0x10E4, 0x10C4, 0x08A4, 0x08A4,
  0x0883, 0x0863, 0x0062, 0x0042, 0x0042, 0x0042, 0x0022, 0x0021, 0x0021, 0x0021, 0x0021, 0x0021,
  0x0021, 0x0021, 0x0001, 0x0001, 0x0001, 0x0001, 0x0000, 0x0000, 0x0000, 0x0000, 0x0000, 0x0000,
  0x0000, 0x0000, 0x0000, 0x0000, 0x0000, 0x0001, 0x0000, 0x0000, 0x0000, 0x0000, 0x0000, 0x0000,
  0x0000, 0x0000, 0x0000, 0x0000, 0x0000, 0x0000, 0x0000, 0x0000, 0x1062, 0x0882, 0x0000, 0x0000,
  0x0000, 0x0000, 0x0000, 0x0000, 0x0000, 0x0000, 0x0000, 0x0000, 0x0000, 0x0000, 0x0000, 0x0000,
  0x0000, 0x0000, 0x0000, 0x0000, 0x0000, 0x0000, 0x0000, 0x0000, 0x0000, 0x0000, 0x0001, 0x0021,
  0x0001, 0x0001, 0x0001, 0x0001, 0x0021, 0x0021, 0x0021, 0x0022, 0x0042, 0x0021, 0x0021, 0x0002,
  0x0002, 0x0000, 0x0001, 0x1128, 0x1129, 0x08C6, 0x0001, 0x0001, 0x0022, 0x0000, 0x1108, 0x19CA,
  0x0023, 0x0064, 0x0043, 0x00C5, 0x00C7, 0x19CD, 0x0129, 0x0043, 0x0065, 0x00C6, 0x00A5, 0x0928,
  0x0086, 0x094A, 0x11CC, 0x0109, 0x0129, 0x0108, 0x09CC, 0x098C, 0x0109, 0x09CD, 0x3B96, 0x22D3,
  0x018E, 0x01AE, 0x01CE, 0x2B15, 0x2336, 0x0232, 0x0275, 0x1399, 0x357F, 0x3E1F, 0xA7FF, 0xFFFF,
  0xFFFF, 0xEFFF, 0xCFDF, 0xB7BF, 0x971F, 0x7EDF, 0x667F, 0x96FF, 0xE7DF, 0xB73F, 0xC75F, 0xCF9F,
  0x6DFE, 0x9E9E, 0xFFFF, 0xD79F, 0x2CBD, 0x34FD, 0x145B, 0x245A, 0x3C9B, 0x243B, 0x2C5A, 0x5D1B,
  0xBF5F, 0xF7FF, 0xF7FF, 0xC71F, 0xB6FE, 0xB6DE, 0xB6BD, 0xAEBD, 0xB6DE, 0xCF5F, 0xD77F, 0xCF3F,
  0xBEDE, 0xB6BE, 0xBEFE, 0xBF3E, 0x961D, 0x4C7A, 0x6D1C, 0x2397, 0x43F6, 0xF7FF, 0x22D5, 0x01D4,
  0x12B5, 0x12D6, 0x12D5, 0x0AB5, 0x1B15, 0x2B16, 0x22F6, 0x3357, 0x3357, 0x1AB5, 0x01F2, 0x01F2,
  0x0A33, 0x1295, 0x54FC, 0xBF7F, 0x9E3D, 0x4C1A, 0x1295, 0x0A74, 0x1253, 0x1273, 0x1273, 0x1AB4,
  0x2316, 0x1B36, 0x12D5, 0x0233, 0x12B4, 0x12B5, 0x85BC, 0x33F8, 0x33B7, 0x2355, 0x1B16, 0x33B7,
  0x1294, 0x12D4, 0x0212, 0x01B0, 0x0190, 0x0A52, 0x1AD4, 0x3355, 0x2B34, 0x1AB2, 0x01F2, 0x0A32,
  0x1292, 0x1AB3, 0x1A71, 0x1AB2, 0x0A51, 0x0A32, 0x3373, 0xC639, 0xA5B9, 0x0253, 0x12F4, 0x1AD3,
  0x12B2, 0x1AB2, 0x22F3, 0x2B33, 0x1251, 0x018F, 0x53D5, 0xFFFF, 0xEFBF, 0xEFBF, 0xEFBF, 0xEFBF,
  0xEFBF, 0xEFBF, 0xF7DF, 0xEFBF, 0xEFBF, 0xEFBF, 0xEFBF, 0xEFBF, 0xEFBF, 0xEFBF, 0xEFBF, 0xEFDF,
  0xF7DF, 0x5C15, 0x016F, 0x09F1, 0x1A92, 0x2B54, 0x22F3, 0x1271, 0x120F, 0x09CE, 0x1A4F, 0x22B0,
  0x09EE, 0x1A0F, 0x2AB1, 0x1A0C, 0x1169, 0x198A, 0x21AA, 0x1210, 0x018F, 0x4B94, 0xF7FF, 0xEFBF,
  0xEFBF, 0xEFBF, 0xEFBF, 0xEFBF, 0xEFBF, 0xEFBF, 0xE79F, 0xFFFF, 0x9D99, 0x016E, 0x0A11, 0x1169,
  0x21A9, 0x1128, 0x0884, 0x0084, 0x0084, 0x0085, 0x0948, 0x9493, 0x5AAA, 0x0862, 0x0908, 0x098C,
  0x1A50, 0x08C6, 0x0883, 0x08A4, 0x08A4, 0x08A4, 0x0883, 0x0863, 0x0063, 0x0042, 0x0062, 0x0042,
  0x0022, 0x0021, 0x0021, 0x0021, 0x0001, 0x0021, 0x0021, 0x0021, 0x0021, 0x0021, 0x0001, 0x0001,
  0x0001, 0x0001, 0x0001, 0x0000, 0x0000, 0x0000, 0x0000, 0x0000, 0x0000, 0x0000, 0x0000, 0x0003,
  0x4BB6, 0x114A, 0x0000, 0x0020, 0x0001, 0x0000, 0x0000, 0x0000, 0x0000, 0x0000, 0x0000, 0x0000,
  0x0000, 0x0000, 0x0000, 0x0000, 0x0000, 0x0000, 0x0000, 0x0000, 0x0000, 0x0000, 0x0000, 0x0000,
  0x0000, 0x0000, 0x0000, 0x0000, 0x0000, 0x0000, 0x0000, 0x0000, 0x0000, 0x0000, 0x0000, 0x0000,
  0x0000, 0x0842, 0x0842, 0x0041, 0x0000, 0x0000, 0x0001, 0x0021, 0x0001, 0x0001, 0x0001, 0x0001,
  0x0021, 0x0021, 0x0022, 0x0021, 0x0001, 0x0002, 0x0001, 0x0000, 0x0022, 0x08C6, 0x1948, 0x08C6,
  0x0002, 0x0001, 0x0022, 0x0042, 0x0001, 0x1149, 0x1949, 0x0002, 0x0064, 0x0064, 0x00A6, 0x0929,
  0x00A6, 0x118C, 0x0085, 0x0064, 0x0064, 0x00E7, 0x222C, 0x0085, 0x00C7, 0x00E8, 0x1A0E, 0x098C,
  0x00E8, 0x094A, 0x09CD, 0x014B, 0x1A90, 0x3396, 0x1231, 0x018E, 0x018E, 0x0A50, 0x0A72, 0x1315,
  0x0B16, 0x1B99, 0x1CBD, 0x157F, 0x573F, 0xC7FF, 0xFFFF, 0xE7FF, 0xAFBF, 0xA7BF, 0x9F3F, 0x76BE,
  0x669F, 0x563F, 0x45DE, 0x9EDF, 0xCF7F, 0xD79F, 0xE7FF, 0x5D9E, 0x5DBE, 0xE7FF, 0xCF3E, 0x4D3B,
  0x1C1A, 0x551C, 0x6D9C, 0x7D9C, 0x8DFE, 0x759B, 0x6519, 0xE7DF, 0xEFFF, 0xDF7F, 0xBEDE, 0xBEDE,
  0xC6FF, 0xCF5F, 0xCF3F, 0xC73F, 0xBF3F, 0xCF7F, 0xC71E, 0xBF1F, 0xB6BE, 0xB6DE, 0xAEBE, 0x857A,
  0x3B95, 0x33B8, 0x43F8, 0x0212, 0x7D7B, 0xAE5D, 0x0213, 0x0A53, 0x0A93, 0x1294, 0x1294, 0x1B16,
  0x3BB7, 0x0A32, 0x0170, 0x0233, 0x0253, 0x1295, 0x2314, 0x2B55, 0x5CDC, 0x4439, 0x657B, 0x757D,
  0x0152, 0x01F4, 0x0A74, 0x1294, 0x1274, 0x1233, 0x1253, 0x0A33, 0x0A53, 0x2B77, 0x2B37, 0x1AB5,
  0x12B3, 0x9E3F, 0x5459, 0x0274, 0x01D3, 0x0171, 0x0214, 0x859C, 0xAEDE, 0xA6BD, 0x85DC, 0x4BD6,
  0x4C17, 0x43F6, 0x3B74, 0x5C57, 0x5CB8, 0x3B94, 0x3354, 0x5436, 0x6497, 0x3353, 0x2AF3, 0x1251,
  0x1211, 0x0A11, 0x1271, 0x9DF8, 0xBE18, 0x1A92, 0x0A93, 0x2313, 0x2313, 0x22F3, 0x22D2, 0x1A91,
  0x2AB2, 0x01B0, 0x4353, 0xF7DF, 0xEFBF, 0xEFBF, 0xEFBF, 0xEFBF, 0xEFBF, 0xF7DF, 0xCEDD, 0xE79F,
  0xEFDF, 0xEFBF, 0xEFBF, 0xEFBF, 0xEFBF, 0xEFBF, 0xEFBF, 0xEFBF, 0xEFBF, 0xFFFF, 0x6C77, 0x016F,
  0x09F0, 0x1A92, 0x2BB5, 0x2B95, 0x2313, 0x22B2, 0x1230, 0x1A71, 0x2B54, 0x09CD, 0x098C, 0x1A2E,
  0x094A, 0x19AB, 0x19AA, 0x19CD, 0x09F1, 0x01AF, 0xB65B, 0xF7FF, 0xEFBF, 0xEFBF, 0xEFBF, 0xEFBF,
  0xEFBF, 0xEFBF, 0xEFBF, 0xEFBF, 0xEFBF, 0x2AB2, 0x01B0, 0x11CE, 0x10C5, 0x1949, 0x1969, 0x0085,
  0x0044, 0x00A6, 0x4A8B, 0xA514, 0x0021, 0x0021, 0x0020, 0x21CA, 0x21CB, 0x0842, 0x0884, 0x0884,
  0x0883, 0x0062, 0x0043, 0x0042, 0x0042, 0x0043, 0x0042, 0x0042, 0x0022, 0x0021, 0x0021, 0x0001,
  0x0001, 0x0021, 0x0021, 0x0021, 0x0021, 0x0021, 0x0001, 0x0001, 0x0001, 0x0001, 0x0001, 0x0000,
  0x0000, 0x0000, 0x0000, 0x0000, 0x0000, 0x0000, 0x0000, 0x0004, 0xB71F, 0x226F, 0x0000, 0x0000,
  0x0001, 0x0000, 0x0000, 0x0000, 0x0000, 0x0000, 0x0000, 0x0000, 0x0000, 0x0000, 0x0000, 0x0000,
  0x0000, 0x0000, 0x0000, 0x0000, 0x0000, 0x0000, 0x0000, 0x0000, 0x0000, 0x0000, 0x0000, 0x0000,
  0x0000, 0x0000, 0x0000, 0x0000, 0x0000, 0x0000, 0x0000, 0x0000, 0x0000, 0x0842, 0x0001, 0x0000,
  0x0000, 0x0000, 0x0001, 0x0001, 0x0001, 0x0021, 0x0021, 0x0021, 0x0021, 0x0021, 0x0042, 0x0001,
  0x0024, 0x010A, 0x016C, 0x00C8, 0x0929, 0x08C5, 0x0002, 0x0001, 0x0022, 0x0022, 0x0022, 0x0001,
  0x1989, 0x1127, 0x0002, 0x0043, 0x0044, 0x0085, 0x11AB, 0x0108, 0x0064, 0x1148, 0x0065, 0x0085,
  0x00A6, 0x00E7, 0x09CB, 0x0064, 0x00E8, 0x0129, 0x0108, 0x120E, 0x016D, 0x014D, 0x010D, 0x0AD4,
  0x3C39, 0x0A71, 0x018D, 0x0A51, 0x22F6, 0x1315, 0x3C9A, 0x2C7C, 0x141B, 0x1CDD, 0x2DBF, 0x873F,
  0xF7FF, 0xFFFF, 0xD7FF, 0xC7BF, 0xA77F, 0x5E9F, 0x4DFE, 0xAF1F, 0x7EBD, 0x459D, 0x867E, 0xBEFF,
  0x963E, 0xE7BF, 0x967E, 0x453D, 0x659C, 0x03B9, 0x0378, 0x451C, 0x9E9E, 0xC75F, 0x95FD, 0xCF5F,
  0x9E5C, 0x95BA, 0xF7FF, 0xEFBF, 0xC6FF, 0xBEFE, 0xC73F, 0xCF5F, 0xCF5F, 0xCF3F, 0xCF3F, 0xCF3F,
  0xC73F, 0xB6DE, 0xCF7F, 0xAE9C, 0xC75F, 0xD7BF, 0xC75F, 0xC73F, 0xEFFF, 0xFFFF, 0xCF5E, 0x6CD9,
  0x32F5, 0x0212, 0x0233, 0x0252, 0x0231, 0x1273, 0x12B5, 0x2316, 0x0A52, 0x0190, 0x959A, 0xAE7D,
  0x3BD9, 0x43F8, 0x3376, 0x0A11, 0x3336, 0x22F5, 0x2B77, 0x0A55, 0x0213, 0x0A54, 0x0A33, 0x1294,
  0x1273, 0x0A12, 0x1253, 0x1253, 0x0A32, 0x01F1, 0x01D2, 0x3357, 0x9EBF, 0xDFFF, 0xC71F, 0xA6BF,
  0x965F, 0x963E, 0x961E, 0x5C99, 0x64F9, 0x85BC, 0x6CB9, 0x7D3A, 0x6CB8, 0x5436, 0x5416, 0x6497,
  0x5435, 0x2B13, 0x4333, 0x6C96, 0x5C35, 0x22B2, 0x0A11, 0x01F1, 0x016F, 0x09F0, 0x09F0, 0x53D4,
  0xBDF8, 0x43B4, 0x0A72, 0x2313, 0x2B13, 0x3313, 0x3313, 0x2AF2, 0x22B1, 0x01B0, 0x32D2, 0xEFBF,
  0xEFBF, 0xEFBF, 0xEFBF, 0xEFBF, 0xEF9F, 0xFFFF, 0x9D9A, 0x53D5, 0xFFFF, 0xEFBF, 0xEFBF, 0xEFBF,
  0xEFBF, 0xEFBF, 0xEFBF, 0xEFBF, 0xEFBF, 0xEFBF, 0xFFFF, 0x84F8, 0x018F, 0x09F0, 0x1A71, 0x2B95,
  0x2B96, 0x2334, 0x1AF3, 0x1AD3, 0x33B6, 0x3B94, 0x1A50, 0x122F, 0x1A4F, 0x2290, 0x224D, 0x21EC,
  0x1210, 0x018F, 0x4374, 0xF7FF, 0xEFBF, 0xEFBF, 0xEFBF, 0xEFBF, 0xEFBF, 0xEFBF, 0xEFBF, 0xEF9F,
  0xFFFF, 0x9DBA, 0x016E, 0x0A11, 0x1169, 0x0884, 0x08E7, 0x116A, 0x0067, 0x0907, 0x9CB1, 0x630C,
  0x0020, 0x0020, 0x0021, 0x3ACF, 0x0085, 0x0043, 0x0083, 0x0063, 0x0063, 0x0042, 0x0022, 0x0042,
  0x0042, 0x0883, 0x0002, 0x0022, 0x0022, 0x0021, 0x0021, 0x0021, 0x0001, 0x0021, 0x0021, 0x0021,
  0x0021, 0x0021, 0x0021, 0x0021, 0x0001, 0x0001, 0x0001, 0x0001, 0x0001, 0x0001, 0x0021, 0x0001,
  0x0000, 0x0000, 0x0000, 0x0002, 0x0003, 0x0002, 0x0000, 0x0000, 0x0000, 0x0000, 0x0000, 0x0000,
  0x0000, 0x0000, 0x0000, 0x0000, 0x0000, 0x0000, 0x0000, 0x0000, 0x0000, 0x0000, 0x0862, 0x0000,
  0x0000, 0x0000, 0x0000, 0x0000, 0x0000, 0x0000, 0x0000, 0x0000, 0x0000, 0x0000, 0x0000, 0x0000,
  0x0000, 0x0000, 0x0000, 0x0000, 0x0000, 0x0001, 0x0001, 0x0000, 0x0000, 0x0000, 0x0000, 0x0001,
  0x0021, 0x0022, 0x0021, 0x0021, 0x0021, 0x0021, 0x0021, 0x0021, 0x0002, 0x863D, 0xFFFF, 0x00EB,
  0x0001, 0x0002, 0x0042, 0x0042, 0x0022, 0x0022, 0x0001, 0x1169, 0x1107, 0x0001, 0x0043, 0x0043,
  0x00A5, 0x118A, 0x00E8, 0x0085, 0x00A5, 0x1127, 0x0064, 0x00E7, 0x00E7, 0x00C6, 0x09AB, 0x00E7,
  0x08E8, 0x0909, 0x0108, 0x014A, 0x02F4, 0x2439, 0x3CBA, 0x9FDF, 0x3CFB, 0x1BD7, 0x3479, 0x3C9A,
  0x2398, 0x3C39, 0x86FF, 0x24FE, 0x257F, 0x871F, 0xF7FF, 0xFFFF, 0xC7FF, 0xAF9F, 0xAF5F, 0x9F3F,
  0x663E, 0x6E7E, 0xEFFF, 0xFFFF, 0x7E7E, 0x9EDE, 0xD75F, 0x9E7E, 0xBF7F, 0xEFFF, 0x65BC, 0x4D3C,
  0x3CFC, 0x659D, 0xCFBF, 0xB75F, 0x6D9D, 0x2439, 0x85DB, 0xF7FF, 0xEFFF, 0xDFBF, 0xD75F, 0xCEFE,
  0xC6FF, 0xC73F, 0xD77F, 0xCF5F, 0xCF5F, 0xCF3F, 0xCF3F, 0xD75F, 0xD7BF, 0xB6DE, 0x853B, 0x95BC,
  0xCF7F, 0xCF7F, 0xB69F, 0x7D3B, 0x64BA, 0x43B6, 0x2315, 0x0255, 0x01D4, 0x0A54, 0x2315, 0x3398,
  0x2B77, 0x441A, 0x3BF9, 0x33B9, 0x2B77, 0x3BFA, 0x8DDF, 0x64FB, 0x2316, 0x0A73, 0x01D1, 0x1233,
  0x3B76, 0xFFFF, 0x5438, 0x01D2, 0x01F3, 0x0171, 0x01F3, 0x01F2, 0x01F2, 0x0A32, 0x0A33, 0x1274,
  0x2AD6, 0x1253, 0x1A54, 0x2AF6, 0x43B6, 0xB73F, 0x3397, 0x4438, 0x4418, 0x3BB6, 0x5438, 0x6CFA,
  0x751A, 0x64B8, 0x7519, 0x95FA, 0xB67A, 0xAE59, 0x8D58, 0x6C76, 0x6476, 0x74B7, 0x6C56, 0x2AF2,
  0x1231, 0x01F1, 0x016F, 0x1A30, 0x7476, 0x1A51, 0x01D0, 0x1A71, 0x9D97, 0x6476, 0x094D, 0x1251,
  0x22F3, 0x3334, 0x3313, 0x3312, 0x1A71, 0x01D0, 0x1A51, 0xDF7E, 0xEFDF, 0xEFBF, 0xEFBF, 0xEFBF,
  0xEFBF, 0xF7FF, 0xCEFD, 0x016F, 0x6C56, 0xFFFF, 0xEFBF, 0xEFBF, 0xEFBF, 0xEFBF, 0xEFBF, 0xEFBF,
  0xEFBF, 0xEFBF, 0xEFBF, 0xFFFF, 0x9579, 0x01AF, 0x01D0, 0x1251, 0x33B4, 0x1B55, 0x12D3, 0x1AF3,
  0x1A50, 0x1A70, 0x5498, 0x5CB8, 0x22B1, 0x22B1, 0x4BF6, 0x2AAF, 0x19ED, 0x09F1, 0x01AF, 0xB63B,
  0xFFFF, 0xEFBF, 0xEFBF, 0xEFBF, 0xEFBF, 0xEFBF, 0xEFBF, 0xEFBF, 0xEFBF, 0xEFBF, 0x32D2, 0x01B0,
  0x09CE, 0x08A4, 0x0084, 0x00A6, 0x016B, 0x428C, 0xB554, 0x0861, 0x0000, 0x0000, 0x1987, 0x224D,
  0x0001, 0x0063, 0x0063, 0x0063, 0x0063, 0x0042, 0x0042, 0x0042, 0x0022, 0x08A4, 0x0022, 0x0022,
  0x0022, 0x0021, 0x0021, 0x0021, 0x0021, 0x0021, 0x0021, 0x0021, 0x0021, 0x0021, 0x0021, 0x0021,
  0x0001, 0x0001, 0x0001, 0x0001, 0x0000, 0x0021, 0x0041, 0x0000, 0x0000, 0x0000, 0x0000, 0x0000,
  0x0000, 0x0000, 0x0001, 0x0021, 0x0000, 0x0000, 0x0000, 0x0000, 0x0000, 0x0000, 0x0000, 0x0000,
  0x0000, 0x0000, 0x0000, 0x0000, 0x0000, 0x0000, 0x0882, 0x0000, 0x0000, 0x0000, 0x0000, 0x0000,
  0x0000, 0x0000, 0x0000, 0x0000, 0x0000, 0x0000, 0x0000, 0x0000, 0x0000, 0x0000, 0x0000, 0x0000,
  0x0000, 0x0000, 0x0000, 0x0000, 0x0000, 0x0000, 0x0000, 0x0021, 0x0063, 0x0021, 0x0021, 0x0021,
  0x0021, 0x0021, 0x0041, 0x0001, 0x0002, 0x2BB6, 0x4499, 0x00A8, 0x0043, 0x0023, 0x0062, 0x0043,
  0x0022, 0x0022, 0x19AB, 0x0907, 0x0001, 0x0043, 0x0023, 0x0001, 0x00C6, 0x00C7, 0x0065, 0x0064,
  0x0929, 0x118C, 0x00C6, 0x00E7, 0x00C7, 0x00A6, 0x09AB, 0x096A, 0x00C6, 0x00E8, 0x012A, 0x01D0,
  0x249A, 0xFFFF, 0xFFFF, 0x6EBF, 0x2C59, 0x23B8, 0x1315, 0x0B35, 0x1357, 0x34BD, 0x1CFF, 0x04BD,
  0x8F1E, 0xFFFF, 0xEFFF, 0xB7BF, 0x977F, 0x7F1F, 0x5E3F, 0x76BF, 0xBF7F, 0xFFFF, 0xD79F, 0x3D5E,
  0x55BE, 0xBF3F, 0x9E9E, 0x75FD, 0x457C, 0x559C, 0x6DDE, 0x9EBF, 0xF7FF, 0xFFFF, 0x9E5D, 0x2C1A,
  0x0317, 0x13B8, 0xC73E, 0xF7FF, 0xE79F, 0xD77F, 0xCF5F, 0xCF5F, 0xD75F, 0xD79F, 0xCF7F, 0xD77F,
  0xCEFF, 0xC75F, 0xEFFF, 0xDFFF, 0x755B, 0x1AF5, 0x0111, 0x01D3, 0x0171, 0x0171, 0x0130, 0x00F0,
  0x00D0, 0x00CF, 0x0296, 0x2B9A, 0x33DA, 0x22F6, 0x2AF4, 0x2B15, 0x12B4, 0x0A13, 0x01D1, 0x0A54,
  0x12D6, 0x0A75, 0x3398, 0x0212, 0x0A33, 0x1A94, 0x1AB4, 0x1AD4, 0x2B57, 0x7D7C, 0x1231, 0x1233,
  0x647B, 0x755C, 0x22F5, 0x1AB5, 0x0A33, 0x01F2, 0x0A12, 0x0A13, 0x1232, 0x1232, 0x09F1, 0x01B1,
  0x00EE, 0x647A, 0x1B15, 0x01F1, 0x012F, 0x012F, 0x012F, 0x0212, 0x0253, 0x33B5, 0x5C98, 0x43D6,
  0x5C56, 0x7CF6, 0x84F8, 0x74B7, 0x5C55, 0x3B33, 0x1231, 0x01F1, 0x016F, 0x1210, 0x7497, 0xDF3E,
  0xFFFF, 0x6C76, 0x016F, 0x0A10, 0x6C55, 0x9D97, 0x4BB3, 0x09CE, 0x0A10, 0x1271, 0x1A71, 0x2AF2,
  0x22B2, 0x09F0, 0x09F0, 0xCEFD, 0xF7FF, 0xEFBF, 0xEFBF, 0xEFBF, 0xEFBF, 0xEFDF, 0xE79F, 0x2292,
  0x014E, 0x7477, 0xFFFF, 0xEFBF, 0xEFBF, 0xEFBF, 0xEFBF, 0xEFBF, 0xEFBF, 0xEFBF, 0xEFBF, 0xE79F,
  0xFFFF, 0xA5DA, 0x09D0, 0x01D0, 0x1231, 0x5C74, 0x54B6, 0x2BF7, 0x2375, 0x1250, 0x09EE, 0x1A91,
  0x3353, 0x09AC, 0x1A2E, 0x2AB0, 0x21CB, 0x1210, 0x018F, 0x4353, 0xF7DF, 0xEFBF, 0xEFBF, 0xEFBF,
  0xEFBF, 0xEFBF, 0xEFBF, 0xE79F, 0xEFBF, 0xFFFF, 0x9D9A, 0x016F, 0x09F0, 0x08E7, 0x00A5, 0x0046,
  0x00C6, 0x8C71, 0x738D, 0x0000, 0x0000, 0x0000, 0x32AF, 0x00A5, 0x0041, 0x0063, 0x0063, 0x0043,
  0x0042, 0x0042, 0x0042, 0x0042, 0x0022, 0x08C4, 0x0043, 0x0021, 0x0001, 0x0022, 0x0022, 0x0021,
  0x0021, 0x0021, 0x0021, 0x0021, 0x0021, 0x0021, 0x0021, 0x0021, 0x0021, 0x0021, 0x0001, 0x0001,
  0x0000, 0x0000, 0x0000, 0x0000, 0x0000, 0x0000, 0x0000, 0x0000, 0x0000, 0x0000, 0x0000, 0x0000,
  0x0000, 0x0000, 0x0000, 0x0000, 0x0000, 0x0000, 0x0000, 0x0000, 0x0000, 0x0000, 0x0000, 0x0000,
  0x0000, 0x0000, 0x0000, 0x0000, 0x0000, 0x0000, 0x0000, 0x0000, 0x0000, 0x0000, 0x0000, 0x0000,
  0x0000, 0x0000, 0x0000, 0x0021, 0x0021, 0x0000, 0x0000, 0x0000, 0x0000, 0x0000, 0x0000, 0x0000,
  0x0000, 0x0000, 0x0000, 0x0001, 0x0021, 0x0021, 0x0021, 0x0021, 0x0021, 0x0022, 0x0041, 0x0000,
  0x00C7, 0x014B, 0x0002, 0x0023, 0x00A4, 0x0084, 0x0063, 0x0001, 0x0022, 0x19ED, 0x0108, 0x0022,
  0x0043, 0x0002, 0x0065, 0x11AA, 0x0065, 0x0045, 0x00C6, 0x21CB, 0x094A, 0x096C, 0x00C6, 0x00A6,
  0x00A6, 0x0065, 0x0107, 0x09EE, 0x016B, 0x1A2E, 0x2B54, 0x1B15, 0x5E5F, 0xE7FF, 0x65DD, 0x01D4,
  0x01F1, 0x0211, 0x0273, 0x02F6, 0x03FB, 0x151F, 0x3E1F, 0xD7FF, 0xFFFF, 0xC7FF, 0xA77F, 0x9F7F,
  0x5E9F, 0x45FD, 0x8EDF, 0xF7FF, 0xFFFF, 0xC77F, 0x457E, 0x2D1E, 0x6DFD, 0x9EBE, 0x457D, 0x351C,
  0x249B, 0x453C, 0x4D1D, 0x7DFE, 0xFFFF, 0xB69E, 0x655C, 0x4D1B, 0x3C59, 0x95FC, 0xFFFF, 0xE7BF,
  0xCF3F, 0xCF5F, 0xD79F, 0xF7FF, 0xFFFF, 0xFFFF, 0x9E5E, 0x8DDC, 0x9E3D, 0x9E1D, 0x5CB9, 0x1AF3,
  0x0110, 0x0111, 0x0192, 0x0192, 0x01B2, 0x0192, 0x0A34, 0x12D6, 0x12D4, 0x753B, 0x6CBB, 0x12B6,
  0x0254, 0x01D1, 0x012D, 0x018F, 0x0212, 0x0233, 0x2315, 0x3335, 0x0A55, 0x3BB7, 0x5439, 0x0170,
  0x0A12, 0x1A94, 0x22B5, 0x01D1, 0x0A53, 0x0190, 0x014F, 0x014E, 0x0A11, 0x5438, 0x22B5, 0x22F6,
  0x1232, 0x01B1, 0x01F1, 0x01D1, 0x01D0, 0x01D0, 0x0190, 0x016F, 0x010F, 0x016E, 0x01F0, 0x012F,
  0x008D, 0x008C, 0x22F3, 0x22B3, 0x74F9, 0x4BF5, 0x5C56, 0x4374, 0x4354, 0x4374, 0x53D5, 0x2AD2,
  0x1231, 0x01F1, 0x016F, 0x11F0, 0x7476, 0xDF1D, 0xFFFF, 0xEFDF, 0xEFDF, 0xD71E, 0x1210, 0x01D0,
  0x120F, 0x224F, 0x6C56, 0x6C56, 0x4B93, 0x1A50, 0x1A50, 0x1A70, 0x2291, 0x09F0, 0x01AF, 0xBE5C,
  0xF7FF, 0xEFBF, 0xEFBF, 0xEFBF, 0xEFBF, 0xEFBF, 0xF7FF, 0x4354, 0x01AF, 0x016F, 0x7497, 0xFFFF,
  0xEFBF, 0xEFBF, 0xEFBF, 0xEFBF, 0xEFBF, 0xEFBF, 0xEFBF, 0xEFBF, 0xE79F, 0xFFFF, 0xBE5B, 0x1210,
  0x01AF, 0x1211, 0x5C34, 0x43F5, 0x12D4, 0x12D3, 0x0A51, 0x09CF, 0x3374, 0x3BB4, 0x118C, 0x222F,
  0x224E, 0x19ED, 0x0A11, 0x018F, 0xAE1B, 0xFFFF, 0xEF9F, 0xEFBF, 0xEFBF, 0xE79F, 0xEFBF, 0xFFFF,
  0xEF7E, 0x8D18, 0x2271, 0x09D0, 0x09F0, 0x08E7, 0x00C7, 0x0087, 0x322A, 0xB574, 0x18C2, 0x0000,
  0x0000, 0x1947, 0x2A8E, 0x0001, 0x0062, 0x0063, 0x0063, 0x0063, 0x0043, 0x0042, 0x0042, 0x0042,
  0x0042, 0x0022, 0x0043, 0x0022, 0x08A4, 0x0022, 0x0043, 0x0021, 0x0022, 0x0022, 0x0021, 0x0021,
  0x0021, 0x0021, 0x0021, 0x0021, 0x0021, 0x0021, 0x0001, 0x0001, 0x0000, 0x0000, 0x0000, 0x0000,
  0x0000, 0x0000, 0x0000, 0x0000, 0x0000, 0x0000, 0x0000, 0x0000, 0x0000, 0x0041, 0x0000, 0x0000,
  0x0000, 0x0000, 0x0000, 0x0000, 0x0000, 0x0000, 0x0000, 0x0000, 0x0000, 0x0000, 0x0000, 0x0000,
  0x0000, 0x0000, 0x0000, 0x0000, 0x0000, 0x0000, 0x0000, 0x0000, 0x0000, 0x0000, 0x0000, 0x0000,
  0x0000, 0x0000, 0x0000, 0x0000, 0x0000, 0x0862, 0x0001, 0x0000, 0x0000, 0x0000, 0x0001, 0x0001,
  0x0021, 0x0021, 0x0001, 0x0021, 0x0022, 0x0022, 0x0000, 0x0064, 0x08E7, 0x00C6, 0x0001, 0x0022,
  0x0023, 0x0084, 0x0042, 0x0023, 0x1989, 0x00A6, 0x0044, 0x0064, 0x0043, 0x0023, 0x32F1, 0x965F,
  0x00A7, 0x0085, 0x00C5, 0x0083, 0x0929, 0x00A8, 0x0085, 0x0085, 0x0085, 0x0908, 0x11EC, 0x43F7,
  0x22D2, 0x012A, 0x016C, 0x12D3, 0x3CBC, 0x0BD8, 0x01B1, 0x01B0, 0x0AF5, 0x1316, 0x0338, 0x03DB,
  0x1D7F, 0xA7DF, 0xFFFF, 0xFFFF, 0xA77F, 0x9F5F, 0x7EFF, 0x5E3E, 0x767E, 0xBF3E, 0xC75F, 0xC6FE,
  0xDF7E, 0x96BE, 0x4D7E, 0x3D3E, 0x557C, 0x3CDA, 0x3D1C, 0x453C, 0x555E, 0x347B, 0x1BFB, 0x13D9,
  0x85DC, 0xDFDF, 0x4C9A, 0xAEDE, 0xE7BF, 0xF7FF, 0xEFBF, 0xD75F, 0xBF3F, 0xD75F, 0xFFFF, 0xC71E,
  0x3B54, 0x3397, 0x0AB4, 0x2B97, 0x1AB3, 0x00EE, 0x004C, 0x00EE, 0x0192, 0x0192, 0x0191, 0x0211,
  0x0211, 0x0A32, 0x0234, 0x0214, 0x43B8, 0x751A, 0x01B2, 0x0234, 0x0254, 0x1AB4, 0x22F4, 0x2B16,
  0x33B8, 0x3BF9, 0x22F5, 0x012E, 0x0110, 0x757D, 0x7D7C, 0x2B36, 0x1274, 0x1274, 0x0212, 0x1295,
  0x0A33, 0x1252, 0x09CF, 0x01B0, 0x01B0, 0x014F, 0x0170, 0x09B1, 0x2294, 0x1A73, 0x0A12, 0x09F0,
  0x01AF, 0x01B0, 0x01B0, 0x012E, 0x00CE, 0x00CC, 0x012D, 0x008D, 0x3B53, 0x8D58, 0xC6FB, 0xD6BB,
  0xC69A, 0x7496, 0xA5D9, 0xBE18, 0x5394, 0x09AF, 0x09F0, 0x09F1, 0x016F, 0x11F0, 0x6C56, 0xD71D,
  0xFFFF, 0xF7DF, 0xE79F, 0xEFBF, 0xEF9F, 0xFFFF, 0x7497, 0x016F, 0x0A10, 0x19EE, 0x1A0E, 0x2A90,
  0x3B12, 0x1A50, 0x3B12, 0x2AD1, 0x32D2, 0x0A10, 0x018F, 0xA5DA, 0xFFFF, 0xEF9F, 0xEFBF, 0xEFBF,
  0xEFBF, 0xEF9F, 0xFFFF, 0x6C56, 0x016F, 0x1210, 0x016F, 0x7CB7, 0xFFFF, 0xEFBF, 0xEFBF, 0xEFBF,
  0xEFBF, 0xEFBF, 0xEFBF, 0xEFBF, 0xEFBF, 0xE79F, 0xFFFF, 0xC6BC, 0x2251, 0x018F, 0x0A11, 0x5BD3,
  0x5CB5, 0x2395, 0x12D3, 0x1231, 0x09CF, 0x3374, 0x3333, 0x11ED, 0x228F, 0x222D, 0x1210, 0x018F,
  0x3B33, 0xF7DF, 0xEFBF, 0xE79F, 0xEFBF, 0xFFFF, 0xEF9F, 0x8D18, 0x2251, 0x016E, 0x01D0, 0x09F1,
  0x098C, 0x00C6, 0x0024, 0x00C6, 0x8C50, 0x83AE, 0x0000, 0x0000, 0x0000, 0x328E, 0x0909, 0x0043,
  0x0063, 0x0063, 0x0063, 0x0043, 0x0043, 0x0062, 0x0042, 0x0042, 0x0042, 0x0043, 0x0002, 0x0022,
  0x08A4, 0x0043, 0x0042, 0x0021, 0x0021, 0x0021, 0x0021, 0x0000, 0x0883, 0x1926, 0x0000, 0x0021,
  0x0022, 0x0001, 0x0001, 0x0001, 0x0000, 0x0000, 0x0000, 0x0000, 0x0000, 0x0000, 0x0000, 0x0000,
  0x0000, 0x0000, 0x0000, 0x0000, 0x0000, 0x0000, 0x0000, 0x0000, 0x0000, 0x0000, 0x0000, 0x0000,
  0x0000, 0x0000, 0x0000, 0x0000, 0x0000, 0x0000, 0x0000, 0x0000, 0x0000, 0x0000, 0x0000, 0x0000,
  0x0000, 0x0000, 0x0000, 0x0000, 0x0000, 0x0000, 0x0000, 0x0000, 0x0000, 0x0000, 0x0000, 0x0000,
  0x0000, 0x0000, 0x0001, 0x0001, 0x0001, 0x0001, 0x0001, 0x0001, 0x0021, 0x0021, 0x0001, 0x0022,
  0x0022, 0x0001, 0x0043, 0x08C6, 0x0084, 0x0084, 0x0022, 0x0043, 0x0043, 0x0001, 0x0884, 0x21AA,
  0x0063, 0x0002, 0x0065, 0x0086, 0x08C8, 0x0108, 0x1A2D, 0x0108, 0x0043, 0x0023, 0x0002, 0x0000,
  0x0928, 0x0086, 0x1169, 0x1A0C, 0x220C, 0x1A0C, 0x098B, 0x09CB, 0x00C8, 0x124E, 0x1AB1, 0x2335,
  0x12D4, 0x0231, 0x1253, 0x0232, 0x0295, 0x13FA, 0x1CDD, 0x4DFF, 0xDFFF, 0xFFFF, 0xD7FF, 0x9F5F,
  0x973F, 0x769F, 0x55FF, 0x8EBE, 0xC75F, 0xAEDE, 0x9EBE, 0x8E5F, 0x65FE, 0x559C, 0x5DBC, 0x34FD,
  0x3CFC, 0x34BA, 0x44FB, 0x3CDB, 0x241A, 0x1BB8, 0x0B58, 0x0398, 0x44DB, 0x3419, 0x3C38, 0xFFFF,
  0xE7BF, 0xD75F, 0xD75F, 0xDF9F, 0xE7FF, 0xFFFF, 0x8DDB, 0x00AD, 0x000C, 0x008F, 0x0131, 0x0172,
  0x0111, 0x008F, 0x006D, 0x00AD, 0x0A33, 0x3356, 0x43F8, 0x22F4, 0x0A52, 0x018F, 0x3354, 0x0AB6,
  0x0A97, 0x0171, 0x0152, 0x0214, 0x1B35, 0x4C7A, 0x4C7A, 0x543A, 0x3357, 0x0234, 0x00CE, 0x1A52,
  0x755C, 0xB73F, 0x5418, 0x1253, 0x01D2, 0x0A13, 0x0A33, 0x1AF6, 0x0214, 0x1A94, 0x018F, 0x09D1,
  0x09D1, 0x09D0, 0x09B0, 0x09B0, 0x09B1, 0x09F1, 0x0A11, 0x1251, 0x0A31, 0x014F, 0x00CD, 0x0211,
  0x01AF, 0xB65B, 0xDEFC, 0xAE3B, 0xDEDB, 0xD6BB, 0xB67A, 0x8D39, 0x1A4F, 0x222F, 0x63D3, 0x11CE,
  0x09F0, 0x01F1, 0x016F, 0x11D0, 0x6C36, 0xD6FD, 0xFFFF, 0xF7DF, 0xE79F, 0xEFBF, 0xEFBF, 0xEFBF,
  0xEFBF, 0xF7DF, 0xD73E, 0x1A30, 0x01D0, 0x1A10, 0x32D1, 0x1A50, 0x19EE, 0x1A0F, 0x1A4F, 0x2270,
  0x5373, 0x1A31, 0x016F, 0x8D38, 0xFFFF, 0xEF9F, 0xEFBF, 0xEFBF, 0xEFBF, 0xEF9F, 0xFFFF, 0x9559,
  0x016F, 0x09F0, 0x01D0, 0x016F, 0x7CD8, 0xFFFF, 0xEFBF, 0xEFBF, 0xEFBF, 0xEFBF, 0xEFBF, 0xEFBF,
  0xEFBF, 0xEFBF, 0xE79F, 0xF7FF, 0xD71D, 0x2AB2, 0x018F, 0x0A11, 0x4BB3, 0x8D96, 0x33D5, 0x1252,
  0x1271, 0x0A10, 0x2313, 0x3353, 0x11AD, 0x224E, 0x1A0F, 0x0A11, 0x018F, 0xA5FB, 0xFFFF, 0xFFFF,
  0xEF9F, 0x9538, 0x2271, 0x016E, 0x01D0, 0x0A11, 0x09AD, 0x114A, 0x19CB, 0x1A2D, 0x0129, 0x29E7,
  0xB574, 0x20E3, 0x0000, 0x0000, 0x10C4, 0x2AB0, 0x0025, 0x00A5, 0x0064, 0x0084, 0x0064, 0x0064,
  0x0064, 0x0063, 0x0063, 0x0063, 0x0043, 0x0043, 0x0042, 0x0022, 0x0001, 0x0884, 0x0042, 0x0021,
  0x0022, 0x0021, 0x0001, 0x0021, 0x0001, 0x0021, 0x0021, 0x0021, 0x0002, 0x0001, 0x0000, 0x0001,
  0x0022, 0x0021, 0x0000, 0x0000, 0x0001, 0x0000, 0x0000, 0x0000, 0x0000, 0x0000, 0x0000, 0x0000,
  0x0000, 0x0000, 0x0000, 0x0000, 0x0000, 0x0000, 0x0000, 0x0000, 0x0000, 0x0000, 0x0000, 0x0000,
  0x0041, 0x0000, 0x0000, 0x0000, 0x0000, 0x0000, 0x0000, 0x0000, 0x0000, 0x0000, 0x0000, 0x0000,
  0x0000, 0x0000, 0x0000, 0x0000, 0x0000, 0x0000, 0x0000, 0x0000, 0x0000, 0x0000, 0x0001, 0x0001,
  0x0001, 0x0001, 0x0001, 0x0021, 0x0021, 0x0021, 0x0022, 0x0022, 0x0001, 0x0023, 0x0907, 0x0001,
  0x00C5, 0x0022, 0x0022, 0x0063, 0x0001, 0x08E7, 0x21EB, 0x0000, 0x0042, 0x00E7, 0x0928, 0x0108,
  0x00C7, 0x00C6, 0x00C6, 0x0084, 0x0000, 0x0001, 0x0023, 0x0906, 0x328E, 0x220C, 0x1A0D, 0x096A,
  0x00E8, 0x0087, 0x00A7, 0x00C7, 0x22B1, 0x1B14, 0x0231, 0x2354, 0x016D, 0x12F4, 0x1317, 0x0337,
  0x03BB, 0x045D, 0x8F9F, 0xFFFF, 0xEFFF, 0xBFDF, 0x86FF, 0x76DF, 0x667F, 0x663F, 0xA71F, 0x9EFF,
  0x861E, 0x965F, 0x6E1E, 0x1C9A, 0x34FC, 0x86BE, 0x96DE, 0x3C9C, 0x2C7C, 0x241A, 0x241A, 0x13B9,
  0x1B98, 0x1B98, 0x1B98, 0x23B9, 0x0275, 0x1B77, 0xF7FF, 0xF7FF, 0xD75F, 0xDF7F, 0xE7BF, 0xD7BF,
  0xAEBE, 0x7D3A, 0x01B1, 0x2356, 0x01CF, 0x00CD, 0x0150, 0x0191, 0x01D1, 0x01D0, 0x2AF3, 0x8D7B,
  0xEFFF, 0xD7BF, 0x8DDD, 0x2335, 0x014F, 0x6C56, 0xDF1D, 0x4BB6, 0x01B2, 0x2336, 0x1292, 0x01D1,
  0x6C78, 0x3B77, 0x0A75, 0x3357, 0x22D5, 0x1AB5, 0x5459, 0x859D, 0x5C59, 0x751C, 0x2AD4, 0x01B1,
  0x01F2, 0x01F2, 0x1AB6, 0x1295, 0x01F3, 0x5C7A, 0x1A51, 0x014F, 0x09D0, 0x09F0, 0x09CF, 0x09AF,
  0x09D0, 0x01D0, 0x01D0, 0x010D, 0x008A, 0x3312, 0x5BF6, 0x63F4, 0xCEBB, 0xD6DB, 0xA598, 0x5B93,
  0x7415, 0x8D17, 0x11ED, 0x19EE, 0x11EE, 0x1A0E, 0x21ED, 0x1210, 0x09F1, 0x11F0, 0x6415, 0xD6FD,
  0xFFFF, 0xF7FF, 0xE79F, 0xEFBF, 0xEFBF, 0xEFBF, 0xEFBF, 0xEFBF, 0xEFBF, 0xEF9F, 0xFFFF, 0x74B7,
  0x016F, 0x1211, 0x2A91, 0x222F, 0x2AD0, 0x226F, 0x19AD, 0x21CD, 0x4352, 0x1A71, 0x016F, 0x7497,
  0xFFFF, 0xE79F, 0xEFBF, 0xEFBF, 0xEFBF, 0xEFBF, 0xF7FF, 0xB63B, 0x01AF, 0x0A10, 0x2AB2, 0x09F0,
  0x018F, 0x8518, 0xFFFF, 0xEFBF, 0xEFBF, 0xEFBF, 0xEFBF, 0xEFBF, 0xEFBF, 0xEFBF, 0xEFBF, 0xE79F,
  0xF7FF, 0xE77E, 0x3B13, 0x016F, 0x0A11, 0x3B53, 0x9576, 0x4414, 0x12F4, 0x1AD3, 0x0A10, 0x43D5,
  0x4BF4, 0x120F, 0x2AB0, 0x1210, 0x01B0, 0x3B13, 0xEF9E, 0x9559, 0x2A91, 0x016E, 0x01D0, 0x0A11,
  0x09CE, 0x118B, 0x0947, 0x08E6, 0x00A6, 0x00A8, 0x0108, 0x7BED, 0x8C50, 0x0000, 0x0000, 0x0000,
  0x322C, 0x11AD, 0x0108, 0x00A5, 0x0084, 0x0084, 0x0064, 0x00A5, 0x0084, 0x0043, 0x0063, 0x0063,
  0x0042, 0x0043, 0x0042, 0x0022, 0x0042, 0x0022, 0x0022, 0x0022, 0x0021, 0x0021, 0x0021, 0x0000,
  0x0001, 0x0021, 0x0021, 0x0001, 0x0021, 0x0001, 0x0000, 0x0062, 0x21A8, 0x0000, 0x0000, 0x0000,
  0x0001, 0x0041, 0x0000, 0x0000, 0x0000, 0x0000, 0x0000, 0x0000, 0x0000, 0x0000, 0x0000, 0x0000,
  0x0000, 0x0000, 0x0000, 0x0000, 0x0000, 0x0000, 0x0000, 0x0000, 0x0841, 0x0000, 0x0000, 0x0000,
  0x0000, 0x0000, 0x0000, 0x0000, 0x0000, 0x0000, 0x0000, 0x0000, 0x0000, 0x0000, 0x0000, 0x0000,
  0x0021, 0x0000, 0x0000, 0x0000, 0x0000, 0x0000, 0x0001, 0x0001, 0x0021, 0x0021, 0x0021, 0x0021,
  0x0022, 0x0022, 0x0042, 0x0021, 0x0022, 0x0907, 0x0022, 0x0042, 0x0064, 0x0001, 0x0041, 0x0000,
  0x08E6, 0x19ED, 0x0024, 0x0022, 0x0083, 0x00E6, 0x0926, 0x0084, 0x0023, 0x00A7, 0x0065, 0x0044,
  0x0106, 0x1A0D, 0x19ED, 0x11EC, 0x0928, 0x0024, 0x0065, 0x00C7, 0x0109, 0x012A, 0x00C9, 0x2AD2,
  0x1AB2, 0x0211, 0x3BF8, 0x0210, 0x0210, 0x1B77, 0x139A, 0x03FD, 0x155E, 0xBFFF, 0xFFFF, 0xDFFF,
  0xBFDF, 0x86DF, 0x5E5F, 0x4E1F, 0x6E7E, 0x9EFF, 0x8E7E, 0x5DBE, 0x75FE, 0x75DD, 0x3D3C, 0x7E5D,
  0xCF9F, 0x7D9D, 0x2C1A, 0x2C7B, 0x2BFA, 0x1B58, 0x1378, 0x1379, 0x1B98, 0x1378, 0x1357, 0x0255,
  0x01D2, 0xDFBF, 0xFFFF, 0xEFFF, 0xDFBF, 0xFFFF, 0xAE5C, 0x016E, 0x0191, 0x00CF, 0x0191, 0x9E3E,
  0xD79F, 0x8D9C, 0xDFDF, 0xCF7F, 0xF7FF, 0xFFFF, 0xBF1F, 0xDFFF, 0x8DBB, 0x0232, 0x0172, 0x0191,
  0x2AB2, 0x63F3, 0x63F4, 0x9559, 0xCF1E, 0xEF9F, 0xA65C, 0x6C77, 0xC5DA, 0x9538, 0x01D2, 0x22B5,
  0x1253, 0x1A92, 0x1A92, 0x012D, 0x0232, 0x014F, 0x09D1, 0x09D1, 0x01D2, 0x0A13, 0x1A94, 0x01F2,
  0x1273, 0x64DB, 0x2292, 0x012E, 0x09D1, 0x09B0, 0x01AF, 0x09D0, 0x098F, 0x018E, 0x018F, 0x09AF,
  0x53D4, 0x2251, 0x6BD3, 0x9D57, 0xCE9A, 0x84D8, 0x19EE, 0x012B, 0x09CD, 0x11AC, 0x19CC, 0x096B,
  0x11AC, 0x19CD, 0x19CC, 0x11EF, 0x018F, 0x6436, 0xFFFF, 0xEFDF, 0xE79F, 0xEFBF, 0xEFBF, 0xEFBF,
  0xEFBF, 0xEFBF, 0xEFBF, 0xEFBF, 0xEFBF, 0xEFBF, 0xF7DF, 0xDF3E, 0x1A51, 0x01D0, 0x1230, 0x32F1,
  0x7496, 0x5BD3, 0x4B72, 0x6415, 0x5BD4, 0x2271, 0x016F, 0x5BF5, 0xFFFF, 0xEFBF, 0xEFBF, 0xEFBF,
  0xEFBF, 0xEFBF, 0xF7DF, 0xD71D, 0x1210, 0x09F0, 0x2AD2, 0x0A10, 0x01CF, 0x010E, 0x9D99, 0xF7FF,
  0xEFBF, 0xEFBF, 0xEFBF, 0xEFBF, 0xEFBF, 0xEFBF, 0xEFBF, 0xEFBF, 0xEF9F, 0xF7DF, 0xEF9F, 0x4B74,
  0x016E, 0x0A11, 0x3312, 0xA556, 0x7557, 0x1B14, 0x0A73, 0x0A71, 0x2313, 0x3353, 0x32D1, 0x2291,
  0x09F1, 0x09F0, 0x2271, 0x016F, 0x01D0, 0x0A11, 0x09AE, 0x1A4E, 0x224E, 0x08E8, 0x0928, 0x0128,
  0x00E8, 0x0087, 0x21A8, 0xBDD5, 0x2965, 0x0000, 0x0000, 0x0861, 0x3312, 0x096B, 0x098B, 0x116B,
  0x0086, 0x0023, 0x0063, 0x00E6, 0x00C7, 0x0065, 0x0065, 0x0064, 0x0042, 0x0063, 0x0043, 0x0043,
  0x0042, 0x0022, 0x0042, 0x0022, 0x0042, 0x0884, 0x0042, 0x0063, 0x0023, 0x0863, 0x0021, 0x0021,
  0x0021, 0x0021, 0x0021, 0x0001, 0x0001, 0x0000, 0x0000, 0x0000, 0x0000, 0x0000, 0x0000, 0x0000,
  0x0000, 0x0000, 0x0000, 0x0000, 0x0000, 0x0021, 0x0000, 0x0882, 0x0000, 0x0000, 0x0000, 0x0000,
  0x0000, 0x0000, 0x0000, 0x0000, 0x0000, 0x0000, 0x0000, 0x0000, 0x0000, 0x0000, 0x0000, 0x0000,
  0x0000, 0x0000, 0x0000, 0x0000, 0x0000, 0x0000, 0x0000, 0x0000, 0x0000, 0x0000, 0x0000, 0x0000,
  0x0000, 0x0000, 0x0000, 0x0021, 0x0021, 0x0021, 0x0021, 0x0022, 0x0022, 0x0041, 0x0042, 0x0001,
  0x08C5, 0x00A5, 0x0000, 0x08C6, 0x0021, 0x0002, 0x0000, 0x1126, 0x198A, 0x0002, 0x0043, 0x0084,
  0x00A4, 0x0022, 0x0000, 0x0000, 0x0969, 0x1A50, 0x1A0F, 0x19AC, 0x118B, 0x096A, 0x00A6, 0x0109,
  0x00C7, 0x0065, 0x00C7, 0x0128, 0x0108, 0x016B, 0x3354, 0x018C, 0x014B, 0x2375, 0x1B35, 0x0253,
  0x0273, 0x13DA, 0x039D, 0x3D7F, 0xEFFF, 0xFFFF, 0xD7FF, 0xB7DF, 0x7E9E, 0x5E1E, 0x6E7F, 0x7E9F,
  0x869E, 0x867D, 0x75DD, 0x861D, 0x8E3F, 0x85FD, 0xAEDE, 0xD7BF, 0x4CDA, 0x0317, 0x13D9, 0x0399,
  0x02F7, 0x02B5, 0x0316, 0x1378, 0x0B57, 0x02D7, 0x0233, 0x0171, 0x651A, 0xFFFF, 0xE7BF, 0xDF7F,
  0xFFFF, 0xAEBC, 0x0231, 0x006C, 0x002B, 0x01B1, 0x0A94, 0x95BB, 0xBEBE, 0xEFFF, 0xF7FF, 0xB6DF,
  0x751A, 0x5C78, 0xA67E, 0x5C79, 0x012F, 0x0170, 0x01F3, 0x0172, 0x2AD2, 0xC67B, 0xB5FB, 0xADFB,
  0x957A, 0x9DFB, 0x6CB8, 0x4BB5, 0x6BB2, 0xAD98, 0x01D1, 0x01B2, 0x0190, 0x016E, 0x012D, 0x0A12,
  0x1AB4, 0x0190, 0x09B1, 0x09F1, 0x1232, 0x1232, 0x1253, 0x01F2, 0x2B77, 0x01B1, 0x2293, 0x2272,
  0x014E, 0x016F, 0x018E, 0x018E, 0x014E, 0x01AF, 0x016F, 0x010D, 0x00AA, 0x11AD, 0x7474, 0xB5F9,
  0x8CF6, 0x4311, 0x19AC, 0x2A6E, 0x222E, 0x19CC, 0x326E, 0x21EC, 0x19AC, 0x19ED, 0x2A4D, 0x11EF,
  0x01B0, 0x4333, 0xEFDF, 0xEF9F, 0xEFBF, 0xEFBF, 0xEFBF, 0xEFBF, 0xEFBF, 0xEFBF, 0xEFBF, 0xEFBF,
  0xEFBF, 0xEFBF, 0xE79F, 0xFFFF, 0x7CD7, 0x016F, 0x1211, 0x5BD4, 0x4331, 0x4B72, 0x5C15, 0x74B5,
  0x6C55, 0x32F2, 0x018F, 0x4353, 0xF7FF, 0xEFBF, 0xEFBF, 0xEFBF, 0xEFBF, 0xEFBF, 0xEFBF, 0xEF9F,
  0x2AB2, 0x01D0, 0x01AF, 0x016F, 0x2271, 0x9538, 0xDF3E, 0xEFBF, 0xEFBF, 0xEFBF, 0xEFBF, 0xEFBF,
  0xEFBF, 0xEFBF, 0xEFBF, 0xEFBF, 0xEFBF, 0xEFBF, 0xEFDF, 0xF7DF, 0x5BF5, 0x016F, 0x0A11, 0x22B2,
  0x9536, 0x8597, 0x1B55, 0x0A73, 0x09D0, 0x43F4, 0x32D1, 0x098D, 0x1231, 0x0A11, 0x01D0, 0x0A11,
  0x09CF, 0x19CD, 0x19AB, 0x0908, 0x228F, 0x19CC, 0x0108, 0x0109, 0x00A8, 0x0087, 0x73AE, 0xA512,
  0x0000, 0x0000, 0x0000, 0x21EA, 0x098C, 0x00E9, 0x096B, 0x11CD, 0x11CD, 0x08E8, 0x0003, 0x0088,
  0x00CA, 0x00A8, 0x00A6, 0x0063, 0x0022, 0x0042, 0x0042, 0x0043, 0x0043, 0x0883, 0x0042, 0x0022,
  0x0883, 0x0042, 0x0022, 0x0063, 0x0022, 0x0022, 0x0021, 0x0021, 0x0021, 0x0021, 0x0001, 0x0001,
  0x0000, 0x0000, 0x0000, 0x0000, 0x0000, 0x0000, 0x0000, 0x0021, 0x0862, 0x0000, 0x0000, 0x0000,
  0x0000, 0x0000, 0x0000, 0x0000, 0x0000, 0x0000, 0x0000, 0x0000, 0x0000, 0x0000, 0x0000, 0x0000,
  0x0000, 0x0000, 0x0000, 0x0000, 0x0000, 0x0000, 0x0000, 0x0000, 0x0000, 0x0000, 0x0000, 0x0000,
  0x0000, 0x0000, 0x0000, 0x0000, 0x0000, 0x0000, 0x0021, 0x10A4, 0x0001, 0x0021, 0x0021, 0x31EA,
  0x0042, 0x0021, 0x0022, 0x0022, 0x0041, 0x0041, 0x0001, 0x0085, 0x0907, 0x0002, 0x0084, 0x1128,
  0x0000, 0x0000, 0x1928, 0x198A, 0x0002, 0x0043, 0x0063, 0x0042, 0x0023, 0x0043, 0x08E7, 0x19AB,
  0x64FB, 0x3C18, 0x096A, 0x0023, 0x0086, 0x00C7, 0x00E7, 0x098B, 0x0108, 0x00E7, 0x0108, 0x00E8,
  0x09AD, 0x2B14, 0x0A0F, 0x012B, 0x2333, 0x2BB6, 0x0233, 0x0B17, 0x0339, 0x045F, 0x561F, 0xFFFF,
  0xEFFF, 0xBFDF, 0xBFDF, 0x765E, 0x767E, 0x869E, 0x8E5E, 0x7DFE, 0x6DDD, 0x75BC, 0x5CFB, 0x7DDC,
  0x6D7B, 0xA61D, 0xDF7F, 0x449A, 0x0275, 0x02F5, 0x1BD8, 0x4CBB, 0x3C5A, 0x3418, 0x23D7, 0x0254,
  0x0B37, 0x33D9, 0x43D7, 0x2336, 0x3BB7, 0x3B75, 0x857B, 0xF7FF, 0x6CD8, 0x012E, 0x012F, 0x4418,
  0x2B35, 0x64B9, 0xC73F, 0xB6BE, 0x961D, 0x6CFA, 0x09F1, 0x0130, 0x0110, 0x0212, 0xE7FF, 0x3335,
  0x00EE, 0x01F1, 0x01B1, 0x0233, 0xDF7F, 0xFFFF, 0x7C95, 0x32D1, 0x957B, 0xFFFF, 0xFFFF, 0xE7BF,
  0xBE3A, 0x3AB1, 0x00CE, 0x01B1, 0x0191, 0x01B0, 0x0190, 0x1AB4, 0x09F1, 0x09F1, 0x01F1, 0x01D0,
  0x22D4, 0x1A93, 0x01D0, 0x1253, 0x1B16, 0x0190, 0x09D0, 0x3B35, 0x00CD, 0x014E, 0x016E, 0x09AF,
  0x012D, 0x010C, 0x010E, 0x00ED, 0x5393, 0xA598, 0x7455, 0x9DB8, 0x5392, 0x19AC, 0x19CC, 0x11CE,
  0x120F, 0x120F, 0x21EC, 0x21EB, 0x19CC, 0x2A6E, 0x3AAF, 0x226F, 0x01D0, 0x1A31, 0xDF3E, 0xF7DF,
  0xEFBF, 0xEFBF, 0xEFBF, 0xEFBF, 0xEFBF, 0xEFBF, 0xEFBF, 0xEFBF, 0xEFBF, 0xEFBF, 0xEFBF, 0xEFDF,
  0xDF5E, 0x1A51, 0x01D0, 0x2291, 0x2A8F, 0x29CC, 0x328F, 0x4332, 0x6414, 0x3B33, 0x01B0, 0x2AB2,
  0xEFBF, 0xEFBF, 0xEFBF, 0xEFBF, 0xEFBF, 0xEFBF, 0xEFBF, 0xFFFF, 0x4374, 0x010E, 0x2271, 0x8D18,
  0xEF7E, 0xFFFF, 0xEFDF, 0xEFBF, 0xEFBF, 0xEFBF, 0xEFBF, 0xEFBF, 0xEFBF, 0xEFBF, 0xEFBF, 0xEFBF,
  0xEFBF, 0xEFBF, 0xEFBF, 0xEFBF, 0xF7FF, 0x6C76, 0x016E, 0x0A11, 0x2292, 0x7D36, 0x8DD7, 0x2BD5,
  0x0A12, 0x0A73, 0x3335, 0x11EF, 0x09AE, 0x1A71, 0x1A71, 0x098C, 0x096A, 0x096A, 0x1A0D, 0x0969,
  0x00E7, 0x1A0D, 0x11EE, 0x0109, 0x00A8, 0x1147, 0xBD74, 0x39E6, 0x0000, 0x0000, 0x0060, 0x2AAF,
  0x0087, 0x0086, 0x0065, 0x0085, 0x00E8, 0x124F, 0x0A12, 0x2357, 0x1356, 0x012C, 0x00A7, 0x0064,
  0x0064, 0x0085, 0x00A6, 0x00C5, 0x0063, 0x0063, 0x0042, 0x0022, 0x0043, 0x0022, 0x0021, 0x0021,
  0x0001, 0x0021, 0x0021, 0x0021, 0x0001, 0x0000, 0x0001, 0x0884, 0x0001, 0x0001, 0x0001, 0x0000,
  0x0062, 0x0001, 0x0000, 0x0000, 0x0000, 0x0000, 0x0000, 0x0000, 0x0000, 0x0000, 0x0000, 0x0000,
  0x0000, 0x0000, 0x0000, 0x0000, 0x0000, 0x0000, 0x0000, 0x0000, 0x0000, 0x0000, 0x0000, 0x0000,
  0x0000, 0x0000, 0x0000, 0x0000, 0x0000, 0x0000, 0x0000, 0x0000, 0x0000, 0x0000, 0x0000, 0x0000,
  0x0000, 0x0000, 0x0021, 0x18C5, 0x0021, 0x0020, 0x0001, 0x0022, 0x0863, 0x0022, 0x0022, 0x0022,
  0x0042, 0x0022, 0x0024, 0x0928, 0x0084, 0x0084, 0x0149, 0x00A6, 0x0001, 0x21AA, 0x1949, 0x0003,
  0x0043, 0x0001, 0x0003, 0x08C6, 0x21EC, 0x222E, 0x19CB, 0x0908, 0x0067, 0x00A7, 0x00C7, 0x0107,
  0x0108, 0x00E7, 0x00A6, 0x098A, 0x0108, 0x0128, 0x00E8, 0x09AD, 0x22B1, 0x016D, 0x1A51, 0x0A92,
  0x2B76, 0x0A52, 0x02F6, 0x0BFC, 0x149E, 0x9F9F, 0xFFFF, 0xC7FF, 0xBFDF, 0xA75F, 0x663E, 0x7E9F,
  0x969E, 0x8E7E, 0x6D7C, 0x75BD, 0x865E, 0x4CDA, 0x4CFB, 0x653A, 0xAE9D, 0x95FD, 0x4459, 0x23B6,
  0x23FA, 0x553C, 0x5D5C, 0x345A, 0x6D3C, 0x9EDE, 0x7DFD, 0x85FE, 0x961D, 0x6CFB, 0x43D8, 0x1B36,
  0x0171, 0x12B2, 0xDFFF, 0x6CB8, 0x1293, 0x43F8, 0x5479, 0xAEFF, 0xD7BF, 0xDFDF, 0xBEBE, 0x6D19,
  0x12B4, 0x000B, 0x000B, 0x010F, 0x01F2, 0x5C78, 0x95BB, 0x43B6, 0x018F, 0x016F, 0x09D1, 0x0A53,
  0x1232, 0x7CD7, 0xBE59, 0x4311, 0x1A73, 0x2AB4, 0x5C17, 0x5437, 0x1A92, 0x0009, 0x014F, 0x014F,
  0x0190, 0x01D1, 0x1A73, 0x1A73, 0x01D1, 0x01D1, 0x0A12, 0x1232, 0x1A73, 0x2B15, 0x014D, 0x2273,
  0x0A32, 0x01B0, 0x00ED, 0x09CF, 0x01D0, 0x1A53, 0x3396, 0x22D2, 0x1A30, 0x1A10, 0x1A92, 0x7496,
  0xBE18, 0xB5D8, 0x6BF4, 0x6C55, 0x2A2D, 0x11AD, 0x09F0, 0x0A11, 0x01B0, 0x0A11, 0x09EF, 0x2A2D,
  0x224D, 0x2A4D, 0x2A4D, 0x328F, 0x09F0, 0x01AF, 0xB65C, 0xF7FF, 0xEFBF, 0xEFBF, 0xEFBF, 0xEFBF,
  0xEFBF, 0xEFBF, 0xEFBF, 0xEFBF, 0xEFBF, 0xEFBF, 0xEFBF, 0xE79F, 0xFFFF, 0x7CF8, 0x016F, 0x0A10,
  0x3B11, 0x3AF0, 0x3AB0, 0x2A4E, 0x326E, 0x2A70, 0x01D0, 0x1A51, 0xDF5E, 0xEFDF, 0xEFBF, 0xEFBF,
  0xEFBF, 0xEFBF, 0xEFBF, 0xFFFF, 0x84F8, 0x7477, 0xE77E, 0xFFFF, 0xEFDF, 0xE79F, 0xEFBF, 0xEFBF,
  0xEFBF, 0xEFBF, 0xEFBF, 0xEFBF, 0xEFBF, 0xEFBF, 0xEFBF, 0xEFBF, 0xEFBF, 0xEFBF, 0xEFBF, 0xEFBF,
  0xEFBF, 0xFFFF, 0x84F8, 0x016F, 0x01D0, 0x1A72, 0x6D36, 0xA5F8, 0x4416, 0x0274, 0x1B57, 0x12D3,
  0x01CF, 0x09AE, 0x2250, 0x2270, 0x09AC, 0x014A, 0x11ED, 0x19EC, 0x00E7, 0x00E9, 0x0A10, 0x0A0F,
  0x00E9, 0x5B0C, 0xACF2, 0x0000, 0x0000, 0x0000, 0x29EA, 0x19ED, 0x0066, 0x00C7, 0x00A5, 0x0084,
  0x0085, 0x00C7, 0x0212, 0xFFFF, 0xE7FF, 0x012E, 0x00C7, 0x0085, 0x0083, 0x0084, 0x0064, 0x0063,
  0x0041, 0x0042, 0x0042, 0x0043, 0x0043, 0x0022, 0x0021, 0x0021, 0x0021, 0x0001, 0x0021, 0x0021,
  0x0021, 0x0022, 0x0001, 0x0063, 0x0001, 0x0001, 0x0001, 0x0001, 0x0000, 0x0842, 0x0021, 0x0001,
  0x0021, 0x0000, 0x0000, 0x0000, 0x0000, 0x0000, 0x0000, 0x0000, 0x0000, 0x0000, 0x0000, 0x0000,
  0x0000, 0x0000, 0x0000, 0x0000, 0x0000, 0x0000, 0x0000, 0x0000, 0x0000, 0x0000, 0x0000, 0x0000,
  0x0000, 0x0000, 0x0000, 0x0000, 0x0000, 0x0000, 0x0000, 0x0000, 0x0000, 0x0000, 0x0000, 0x0001,
  0x0021, 0x0001, 0x0001, 0x0020, 0x0021, 0x0022, 0x0022, 0x0042, 0x0062, 0x0023, 0x0128, 0x00A5,
  0x0086, 0x00A7, 0x09CD, 0x0046, 0x21CB, 0x0907, 0x0000, 0x0044, 0x00C6, 0x1989, 0x21CC, 0x19AB,
  0x0949, 0x0064, 0x0064, 0x0003, 0x0065, 0x00A4, 0x0064, 0x0969, 0x0109, 0x00E7, 0x00E6, 0x098B,
  0x00E9, 0x00E9, 0x120F, 0x1A91, 0x016C, 0x1A91, 0x0A51, 0x1B55, 0x2398, 0x0295, 0x041B, 0x1D3E,
  0xCFFF, 0xFFFF, 0xA7DF, 0xAF9F, 0xB77F, 0x96DE, 0x869E, 0x867F, 0x761E, 0x557C, 0x6DDD, 0xAEDF,
  0x5D3A, 0x44D9, 0x6D7B, 0x9E3D, 0x8DFC, 0x1396, 0x5D5C, 0x863D, 0x965E, 0x6D9E, 0x5CFC, 0xB6DE,
  0xEFFF, 0xAEBF, 0x6D7C, 0x2B97, 0x0212, 0x0170, 0x0151, 0x02B5, 0x4419, 0x12D5, 0x0231, 0x3BD7,
  0x853A, 0xB65E, 0xD77F, 0xDFDF, 0xA67E, 0x859C, 0x857B, 0x5478, 0x0191, 0x1293, 0x3355, 0x3BB7,
  0x859C, 0x4BD6, 0xAE1D, 0x4B55, 0x01B1, 0x1A32, 0x11F1, 0x01D1, 0x0171, 0x00CF, 0x1A10, 0x11F0,
  0x00AE, 0x008C, 0x0009, 0x004B, 0x4C19, 0x4C19, 0x3356, 0x1253, 0x1232, 0x01D2, 0x0191, 0x0151,
  0x01B1, 0x1212, 0x1253, 0x09F1, 0x09F1, 0x2292, 0x010D, 0x014E, 0x0A32, 0x1AB3, 0x1232, 0x5C58,
  0xB6DC, 0x5479, 0x5459, 0x3B95, 0x5C78, 0x3314, 0x6435, 0xA577, 0x7454, 0x7C94, 0x19EC, 0x11AD,
  0x1A51, 0x0A11, 0x018F, 0x01AF, 0x3B33, 0x09CF, 0x09F0, 0x2270, 0x2A2C, 0x322D, 0x3AAF, 0x3AAF,
  0x1230, 0x016F, 0x8D18, 0xFFFF, 0xE79F, 0xEFBF, 0xEFBF, 0xEFBF, 0xE79F, 0xE79F, 0xEFBF, 0xEFBF,
  0xEFBF, 0xEFBF, 0xEFBF, 0xEFBF, 0xEFDF, 0xDF5E, 0x2271, 0x01B0, 0x1A2F, 0x42CF, 0x3AAF, 0x3A8F,
  0x3A8E, 0x2A6F, 0x01D0, 0x0A10, 0xCEFD, 0xF7FF, 0xEFBF, 0xEFBF, 0xEFBF, 0xEFBF, 0xEFBF, 0xEFBF,
  0xEFBF, 0xFFFF, 0xEFDF, 0xE79F, 0xEFBF, 0xEFBF, 0xEFBF, 0xEFBF, 0xEFBF, 0xEFBF, 0xEFBF, 0xEFDF,
  0xEFBF, 0xEFBF, 0xEFBF, 0xEFBF, 0xEFBF, 0xEFBF, 0xEFBF, 0xEFBF, 0xEFBF, 0xE79F, 0xFFFF, 0x9DBA,
  0x1210, 0x09F1, 0x2AF2, 0x8E18, 0xAE18, 0x6D99, 0x4D39, 0x44D9, 0x0A72, 0x09AF, 0x1A10, 0x11EF,
  0x1A70, 0x11EE, 0x014C, 0x226F, 0x012A, 0x010A, 0x0109, 0x0211, 0x226D, 0xB532, 0x5247, 0x0000,
  0x0000, 0x0000, 0x32F0, 0x0129, 0x00C7, 0x00C6, 0x00A6, 0x00A7, 0x012B, 0x014B, 0x018E, 0x55BF,
  0x5DBF, 0x0048, 0x00A5, 0x0064, 0x0042, 0x0042, 0x0022, 0x0022, 0x0042, 0x0042, 0x0042, 0x0043,
  0x0883, 0x0021, 0x0021, 0x0021, 0x0021, 0x0021, 0x0021, 0x0021, 0x0021, 0x0063, 0x0001, 0x0000,
  0x0000, 0x0021, 0x0021, 0x0021, 0x0001, 0x0001, 0x0001, 0x0001, 0x0000, 0x0000, 0x0000, 0x0000,
  0x0000, 0x0000, 0x0000, 0x0000, 0x0042, 0x0041, 0x0000, 0x0001, 0x0000, 0x0000, 0x0000, 0x0000,
  0x0000, 0x0000, 0x0000, 0x0000, 0x0000, 0x0000, 0x0000, 0x0000, 0x0000, 0x0000, 0x0000, 0x0000,
  0x0000, 0x0000, 0x0000, 0x0000, 0x0000, 0x0000, 0x0000, 0x0001, 0x0001, 0x0001, 0x0021, 0x0021,
  0x0021, 0x0022, 0x0021, 0x0022, 0x0022, 0x0129, 0x00E7, 0x00A7, 0x010D, 0x01D2, 0x0293, 0x09AD,
  0x08C8, 0x0085, 0x11AB, 0x2A4E, 0x19EC, 0x0906, 0x0043, 0x0003, 0x0002, 0x0022, 0x0084, 0x00A5,
  0x0908, 0x0084, 0x00C5, 0x0108, 0x096B, 0x01AC, 0x0109, 0x098C, 0x0067, 0x22D1, 0x2B54, 0x01CE,
  0x1AB2, 0x01F0, 0x0293, 0x2C7C, 0x0318, 0x041C, 0x259D, 0xE7FF, 0xFFFF, 0x977F, 0x973F, 0xCFBE,
  0x96DE, 0xA6FF, 0x861D, 0x761D, 0x6DFD, 0x3CDB, 0xE7FF, 0xD6FE, 0x3C98, 0x5D1A, 0x7D9C, 0x4439,
  0x1B97, 0x759C, 0x551B, 0x5D1A, 0xBEFF, 0xC75F, 0xD7DF, 0x9E5E, 0x33F8, 0x3C18, 0x0233, 0x01D3,
  0x01D2, 0x12D5, 0x5479, 0x753B, 0x1B36, 0x0236, 0x01B2, 0x1AF3, 0x8DDB, 0x8D7B, 0xDFFF, 0xB69C,
  0xCF9F, 0xAE9F, 0x9E5F, 0x8D9B, 0x6C99, 0x5CB9, 0x7D9C, 0xA65F, 0x8DDC, 0x6479, 0xBEBF, 0x7CFB,
  0x09F2, 0x09F0, 0x01B0, 0x01D0, 0x01D0, 0x01B0, 0x014F, 0x0150, 0x0190, 0x014D, 0x00EC, 0x00EE,
  0x1AB4, 0x9E5F, 0xA65E, 0xA65F, 0x9E1E, 0x8DDD, 0x6CFA, 0x22B5, 0x0190, 0x010E, 0x012F, 0x0190,
  0x09F1, 0x014F, 0x00AB, 0x2AD3, 0x43F7, 0x3BB7, 0x3376, 0x649A, 0xC6DB, 0x5C16, 0x1AB4, 0x22D3,
  0x01AE, 0x2A70, 0xB5D7, 0x6BF2, 0x3AAF, 0x2A6F, 0x09F0, 0x0A11, 0x018F, 0x018F, 0x4B74, 0xBE5B,
  0xFFFF, 0x74B7, 0x016E, 0x0A11, 0x2250, 0x4B10, 0x4B10, 0x5B92, 0x2271, 0x016F, 0x5BD5, 0xFFFF,
  0xEFBF, 0xEFBF, 0xEFBF, 0xEFBF, 0xEFBF, 0xADFB, 0xEFBF, 0xEFBF, 0xEFBF, 0xEFBF, 0xEFBF, 0xEFBF,
  0xE79F, 0xFFFF, 0x8518, 0x016F, 0x0A10, 0x326E, 0x3A8E, 0x328E, 0x42CF, 0x3AD0, 0x09F0, 0x01AF,
  0xBE7C, 0xF7FF, 0xEFBF, 0xEFBF, 0xEFBF, 0xEFBF, 0xEFBF, 0xEFBF, 0xEFBF, 0xEF9F, 0xEFBF, 0xEFBF,
  0xEFBF, 0xEFBF, 0xEFBF, 0xEFBF, 0xE79F, 0xF7FF, 0xF7FF, 0xDF5E, 0xF7FF, 0xEFBF, 0xEFBF, 0xEFBF,
  0xEFBF, 0xEFBF, 0xEFBF, 0xEFBF, 0xEFBF, 0xF7FF, 0xF7FF, 0xBE3B, 0x2291, 0x09D0, 0x1A92, 0x6518,
  0x9639, 0xB67A, 0x9E9A, 0x661A, 0x345A, 0x0AB5, 0x0A51, 0x018E, 0x018E, 0x1A90, 0x09EE, 0x1210,
  0x1250, 0x010A, 0x010B, 0x010A, 0x5B0C, 0xC5B4, 0x0000, 0x0000, 0x0000, 0x1967, 0x0A2F, 0x00A8,
  0x0109, 0x0108, 0x0108, 0x0149, 0x0129, 0x0086, 0x016C, 0x00EC, 0x1AB4, 0x0025, 0x0044, 0x0043,
  0x0063, 0x0063, 0x0063, 0x0043, 0x0042, 0x0042, 0x0063, 0x0042, 0x0001, 0x0021, 0x0021, 0x0021,
  0x0021, 0x0021, 0x0021, 0x0021, 0x0021, 0x0001, 0x0021, 0x0022, 0x0001, 0x0021, 0x0021, 0x0021,
  0x0001, 0x0001, 0x0001, 0x0000, 0x0000, 0x0000, 0x0000, 0x0000, 0x0000, 0x0000, 0x0000, 0x0000,
  0x0863, 0x0042, 0x0000, 0x0000, 0x0000, 0x0000, 0x0000, 0x0000, 0x0000, 0x0000, 0x0000, 0x0000,
  0x0000, 0x0000, 0x0000, 0x0000, 0x0000, 0x0000, 0x0000, 0x0000, 0x0000, 0x0000, 0x0862, 0x0841,
  0x0000, 0x0000, 0x0000, 0x0001, 0x0021, 0x0001, 0x0021, 0x0021, 0x0021, 0x0022, 0x0021, 0x0001,
  0x00A6, 0x096A, 0x0086, 0x016D, 0x1C3A, 0xBFFF, 0x671F, 0x1336, 0x11CF, 0x19AB, 0x08E6, 0x0002,
  0x0000, 0x0000, 0x0000, 0x0001, 0x0000, 0x0001, 0x0001, 0x0064, 0x0045, 0x0002, 0x0044, 0x00C8,
  0x010A, 0x09EE, 0x014D, 0x00ED, 0x1A91, 0x2B35, 0x01AE, 0x0A51, 0x01AF, 0x0232, 0x2C9B, 0x24BD,
  0x0C9C, 0x879F, 0xE7FF, 0xEFFF, 0xA77F, 0x975F, 0xCFFF, 0xB77F, 0x7E5E, 0x6E1D, 0x6DBC, 0x657B,
  0x5D5B, 0x5D7C, 0xDFDF, 0x8DBB, 0x759B, 0xAE9E, 0x5CB9, 0x3C58, 0xC77F, 0xBF1F, 0x8E1D, 0xCF1F,
  0xDF9F, 0xDFFF, 0x1376, 0x01F5, 0x1318, 0x651A, 0x9E3D, 0xAE7F, 0xB71F, 0x961D, 0x2333, 0x5C58,
  0x64DB, 0x1AD5, 0x01F2, 0x00ED, 0x01B1, 0x01F2, 0x6478, 0xCF5F, 0xFFFF, 0xF7FF, 0x7D5A, 0x859C,
  0x43B7, 0x0A52, 0x6CDA, 0x751A, 0x6CD9, 0x6499, 0x3334, 0x1A93, 0x3315, 0x09B1, 0x1A31, 0x01CF,
  0x01AF, 0x01AF, 0x01B0, 0x0190, 0x010D, 0x004A, 0x010D, 0x2AF5, 0x4C39, 0x9E9F, 0xD77F, 0xBEDF,
  0xB6DF, 0x961C, 0xAEBE, 0x753C, 0x43D7, 0x22D4, 0x1A72, 0x1A93, 0x2B16, 0x1253, 0x22B3, 0x3BB6,
  0x4C18, 0x3356, 0x22D3, 0x1252, 0x09D0, 0x09CF, 0x016E, 0x088A, 0x098C, 0x7C73, 0x5350, 0x2A6F,
  0x1210, 0x0A11, 0x018F, 0x018F, 0x4B53, 0xBE3B, 0xFFFF, 0xF7FF, 0xEFBF, 0xFFFF, 0x6416, 0x016E,
  0x09F1, 0x3AF1, 0x5350, 0x5B92, 0x2AB1, 0x018F, 0x2AB2, 0xEFBF, 0xEFBF, 0xEFBF, 0xEFBF, 0xEF9F,
  0xFFFF, 0x84F8, 0xB65B, 0xFFFF, 0xEFBF, 0xEFBF, 0xEFBF, 0xEFBF, 0xEFBF, 0xEFDF, 0xE77E, 0x2271,
  0x01B0, 0x2250, 0x4310, 0x3ACF, 0x42CF, 0x42F0, 0x1210, 0x018F, 0xA5FA, 0xFFFF, 0xEF9F, 0xEFBF,
  0xEFBF, 0xEFBF, 0xEFBF, 0xEFBF, 0xEFBF, 0xEFBF, 0xEFBF, 0xEFBF, 0xEFBF, 0xEFBF, 0xE79F, 0xF7FF,
  0xFFFF, 0xCEDD, 0x5BD5, 0x1A10, 0xB63B, 0xFFFF, 0xE79F, 0xEFBF, 0xEFBF, 0xEFBF, 0xEFBF, 0xF7FF,
  0xFFFF, 0xB61B, 0x4333, 0x016F, 0x01D0, 0x0A11, 0x2334, 0x4458, 0x6D59, 0x8E7A, 0xA6BB, 0x9EDB,
  0x1C78, 0x0337, 0x2377, 0x3B97, 0x1230, 0x01AD, 0x0A2F, 0x0A32, 0x12F4, 0x012C, 0x00CB, 0x0148,
  0xB513, 0x62CA, 0x0000, 0x0000, 0x0000, 0x3B52, 0x2B36, 0x00EA, 0x012A, 0x0929, 0x0108, 0x00A6,
  0x0022, 0x08E7, 0x09AC, 0x0045, 0x224F, 0x08C8, 0x0002, 0x0042, 0x0063, 0x0063, 0x0083, 0x0043,
  0x0042, 0x0001, 0x218A, 0x08C5, 0x0042, 0x0021, 0x0022, 0x0021, 0x0021, 0x0021, 0x0021, 0x0021,
  0x0021, 0x0000, 0x0022, 0x0884, 0x0001, 0x0001, 0x0021, 0x0001, 0x0001, 0x0001, 0x0001, 0x0000,
  0x0000, 0x0000, 0x0000, 0x0000, 0x0000, 0x0000, 0x0000, 0x0000, 0x0000, 0x0000, 0x0000, 0x0000,
  0x0000, 0x0000, 0x0000, 0x0000, 0x0000, 0x0000, 0x0000, 0x0000, 0x0000, 0x0000, 0x0000, 0x0000,
  0x0000, 0x0000, 0x0000, 0x0000, 0x0000, 0x0000, 0x0000, 0x0001, 0x0021, 0x0000, 0x0001, 0x0001,
  0x0001, 0x0021, 0x0021, 0x0021, 0x0021, 0x0021, 0x0000, 0x0022, 0x1129, 0x0023, 0x00C7, 0x012F,
  0x8F1F, 0xFFFF, 0xC7FF, 0x1CBC, 0x3394, 0x224E, 0x2A4E, 0x32B0, 0x226F, 0x2A90, 0x224E, 0x224E,
  0x222E, 0x226F, 0x32F1, 0x3312, 0x1A0D, 0x222D, 0x2A90, 0x22D2, 0x1270, 0x0230, 0x3458, 0xAFBF,
  0x4CFB, 0x0294, 0x2355, 0x1B14, 0x1B55, 0x44FB, 0x457F, 0x1CDE, 0x8F7F, 0xFFFF, 0xD7FF, 0x9F5F,
  0x86FF, 0xBF9F, 0x9EDE, 0x763F, 0x6DDD, 0x65BB, 0x5D7B, 0x551B, 0x6D9C, 0x8DFC, 0x4478, 0x759C,
  0x961C, 0x6D3A, 0x1B75, 0xA6DE, 0xE7FF, 0xC71E, 0xCF3E, 0xC71F, 0xBF3F, 0x9E5C, 0x33D7, 0x6D1C,
  0xAE9F, 0x8D9B, 0x753B, 0x5479, 0x857C, 0x857C, 0x0A51, 0x0190, 0x1AB3, 0x12D3, 0x0A32, 0x74DA,
  0x6C79, 0x6458, 0x53F6, 0x4396, 0x3335, 0x4375, 0x4396, 0x016E, 0x3355, 0xB71F, 0xC75F, 0x3335,
  0x4396, 0x1A52, 0x00EF, 0x0213, 0xAE7F, 0x3B55, 0x0A11, 0x018E, 0x018F, 0x01B0, 0x014E, 0x012E,
  0x09F0, 0x43D6, 0x859D, 0xB6DF, 0x95FD, 0x5478, 0x959D, 0x3397, 0x0231, 0x0A52, 0x3355, 0x5C7A,
  0x3B75, 0x3334, 0x5457, 0x5498, 0x3BB6, 0x43D7, 0x5C9A, 0x5439, 0x2292, 0x1A72, 0x01EF, 0x010D,
  0x0049, 0x0069, 0x08C9, 0x220C, 0x94B3, 0x7434, 0x1A30, 0x0A11, 0x018F, 0x018F, 0x4333, 0xB63B,
  0xFFFF, 0xF7FF, 0xEFBF, 0xEFBF, 0xEFBF, 0xEFBF, 0xF7DF, 0x4B94, 0x018F, 0x09F0, 0x32D1, 0x6392,
  0x4312, 0x01D0, 0x09F0, 0xCEDD, 0xF7FF, 0xEFBF, 0xEFBF, 0xEFBF, 0xFFFF, 0xA5DA, 0x53B5, 0xFFFF,
  0xEFBF, 0xEFBF, 0xEFBF, 0xEFBF, 0xEFBF, 0xE79F, 0xFFFF, 0x8D18, 0x016F, 0x0A10, 0x3AD0, 0x4310,
  0x4310, 0x4B30, 0x1231, 0x016F, 0x8D39, 0xFFFF, 0xE79F, 0xEFBF, 0xEFBF, 0xEFBF, 0xEFBF, 0xEFBF,
  0xEFBF, 0xEFBF, 0xEFBF, 0xEFBF, 0xE79F, 0xF7FF, 0xFFFF, 0xCEDD, 0x63F5, 0x09CF, 0x016F, 0x01AF,
  0x11F0, 0xBE7C, 0xFFFF, 0xE79F, 0xEFBF, 0xF7FF, 0xFFFF, 0xB63B, 0x4B53, 0x018F, 0x0190, 0x0A11,
  0x1251, 0x2B34, 0x4C97, 0x3C38, 0x4C9A, 0x7DFB, 0x75DB, 0xA71C, 0xBF3C, 0x13D8, 0x02D7, 0x1B77,
  0x2397, 0x2334, 0x0A51, 0x0232, 0x1316, 0x0211, 0x00EB, 0x4A8A, 0xB552, 0x0000, 0x0000, 0x0000,
  0x1105, 0x2B55, 0x2B16, 0x22B1, 0x0087, 0x0066, 0x00C7, 0x0064, 0x00A5, 0x19CC, 0x00A7, 0x0065,
  0x21EC, 0x21CD, 0x0001, 0x0063, 0x0064, 0x0063, 0x0043, 0x0043, 0x0042, 0x0042, 0x0001, 0x0883,
  0x1105, 0x0001, 0x0022, 0x0022, 0x0022, 0x0022, 0x0021, 0x0021, 0x0021, 0x0021, 0x0021, 0x0001,
  0x0001, 0x0001, 0x0001, 0x0001, 0x0001, 0x0001, 0x0001, 0x0001, 0x0001, 0x0001, 0x0001, 0x0001,
  0x0001, 0x0000, 0x0000, 0x0000, 0x0000, 0x0000, 0x0000, 0x0000, 0x0000, 0x0000, 0x0000, 0x0882,
  0x0000, 0x0000, 0x0000, 0x0000, 0x0000, 0x0000, 0x0000, 0x0000, 0x0000, 0x0000, 0x0000, 0x0000,
  0x0000, 0x0000, 0x0000, 0x0000, 0x0001, 0x0001, 0x0842, 0x0041, 0x0001, 0x0021, 0x0021, 0x0021,
  0x0021, 0x0021, 0x0022, 0x1149, 0x0023, 0x0002, 0x0066, 0x014D, 0x4DBF, 0xE7FF, 0x0C7C, 0x00EE,
  0x0089, 0x0085, 0x0044, 0x0085, 0x00A6, 0x00E7, 0x0907, 0x0929, 0x1129, 0x114A, 0x2AF3, 0x1A4F,
  0x09AB, 0x1A0C, 0x22B0, 0x1A91, 0x1270, 0x01EF, 0x971F, 0xFFFF, 0x55FD, 0x23D8, 0x01EF, 0x014C,
  0x0B13, 0x141B, 0x033B, 0x559D, 0xF7FF, 0xD7FF, 0xAF9F, 0x769F, 0x9F1E, 0x7E3D, 0x761D, 0x6DDD,
  0x6DBD, 0x6DBC, 0x861C, 0x9E9F, 0x5D3A, 0x6D3A, 0x5499, 0x753B, 0x4498, 0x02B2, 0x3416, 0xDFBF,
  0xA67D, 0xBEDE, 0xC71F, 0xC73F, 0xB6FE, 0xB6BD, 0xD77F, 0xA61C, 0x9DDC, 0xCF5F, 0x7D5A, 0x755C,
  0x64DA, 0x5CBB, 0xA63E, 0x74F9, 0x5C37, 0x6478, 0x1A92, 0x74FA, 0xCF5F, 0xA61E, 0x6C58, 0x0A32,
  0x00AD, 0x00CE, 0x3315, 0x09CF, 0x018F, 0x751A, 0x95BA, 0x00CB, 0x2272, 0x2AF5, 0x0A54, 0x33B8,
  0x5C59, 0x1254, 0x012F, 0x010C, 0x010D, 0x012D, 0x0A11, 0x4BD8, 0x7D9D, 0xB75F, 0xAEBF, 0x5417,
  0x01B0, 0x016F, 0x1294, 0x4BF6, 0x8DBA, 0x7CFA, 0x4375, 0x43B6, 0x5418, 0x4395, 0x43B6, 0x64BA,
  0x43D7, 0x1AB2, 0x22B3, 0x1A71, 0x1251, 0x014D, 0x00AB, 0x0049, 0x326E, 0xADB7, 0xAD97, 0x8CF5,
  0x2AD2, 0x0A11, 0x01B0, 0x016F, 0x4333, 0xB61B, 0xF7FF, 0xFFFF, 0xEFBF, 0xEFBF, 0xEFBF, 0xEFBF,
  0xEFBF, 0xEFBF, 0xEFDF, 0xEF9F, 0x32F3, 0x018F, 0x09F0, 0x5393, 0x63F3, 0x0A10, 0x018F, 0xA5DA,
  0xFFFF, 0xEF9F, 0xEFBF, 0xEFBF, 0xF7DF, 0xDF3E, 0x1231, 0xC69C, 0xF7FF, 0xEFBF, 0xEFBF, 0xEFBF,
  0xEFBF, 0xEFBF, 0xEFDF, 0xE77F, 0x2291, 0x01B0, 0x2250, 0x4B30, 0x4B30, 0x4B31, 0x1A51, 0x016F,
  0x7497, 0xFFFF, 0xE79F, 0xEFBF, 0xEFBF, 0xEFBF, 0xEFBF, 0xEFBF, 0xEFBF, 0xEFBF, 0xE79F, 0xF7FF,
  0xFFFF, 0xD6FD, 0x6C15, 0x09CF, 0x016F, 0x01F0, 0x1231, 0x1210, 0x01B0, 0x1230, 0xC6BC, 0xFFFF,
  0xF7FF, 0xBE5B, 0x4B53, 0x018F, 0x018F, 0x0A11, 0x1251, 0x2AD3, 0x22F2, 0x33B5, 0x3BD6, 0x3BF8,
  0x3C39, 0x657A, 0x555B, 0x5D9C, 0xAF5D, 0xB77D, 0x247A, 0x0319, 0x02B5, 0x0A93, 0x2B56, 0x2BD7,
  0x55BE, 0x8F9E, 0x1AD0, 0x942E, 0x62EA, 0x0000, 0x0000, 0x0000, 0x1A2D, 0x0A50, 0x016B, 0x22B0,
  0x21CC, 0x0024, 0x00A6, 0x0045, 0x1A0C, 0x00E7, 0x0086, 0x00A6, 0x00E6, 0x1A0E, 0x0023, 0x0023,
  0x0063, 0x0063, 0x0042, 0x0043, 0x0043, 0x0042, 0x0042, 0x0042, 0x0002, 0x0021, 0x0022, 0x0022,
  0x0063, 0x1106, 0x0000, 0x0021, 0x0021, 0x0021, 0x0021, 0x0001, 0x0821, 0x0021, 0x0001, 0x0021,
  0x0021, 0x0001, 0x0001, 0x0001, 0x0001, 0x0001, 0x0000, 0x0000, 0x0041, 0x0000, 0x0000, 0x0000,
  0x0000, 0x0000, 0x0000, 0x0000, 0x0000, 0x0000, 0x0883, 0x324B, 0x0000, 0x0000, 0x0000, 0x0000,
  0x0000, 0x0000, 0x0000, 0x0000, 0x0000, 0x0000, 0x0000, 0x0000, 0x0000, 0x0000, 0x0000, 0x0000,
  0x0001, 0x0001, 0x0000, 0x0021, 0x0001, 0x0021, 0x0021, 0x0021, 0x0042, 0x0000, 0x0928, 0x0085,
  0x0001, 0x0043, 0x0065, 0x12B2, 0x1398, 0x1C7C, 0x02B6, 0x008A, 0x00C9, 0x0065, 0x0043, 0x0043,
  0x0043, 0x0043, 0x0043, 0x0044, 0x0002, 0x00A6, 0x014B, 0x0066, 0x0085, 0x0065, 0x0045, 0x00A8,
  0x02D3, 0x1B97, 0x34FB, 0x1BF9, 0x0232, 0x1B35, 0x1B75, 0x0B14, 0x041A, 0x031A, 0x65FD, 0xFFFF,
  0xDFFF, 0xBFDF, 0x76BF, 0x665F, 0x867E, 0x6E1D, 0x6DDD, 0x75DD, 0x861D, 0x6D7B, 0x861D, 0x6D7B,
  0x1375, 0x2C17, 0x5498, 0x5478, 0x961E, 0x4498, 0x64B7, 0xDFBF, 0xCF5F, 0xD77F, 0xC75F, 0xBEFE,
  0xCF5F, 0xCF7F, 0xD79F, 0xD77F, 0xDFBF, 0xC77F, 0xBF3F, 0x961C, 0x0213, 0x00CF, 0x01D0, 0x7D39,
  0x8D9B, 0xCF5F, 0x8D9C, 0x0A53, 0x0210, 0x4C16, 0x6C98, 0x1272, 0x5C19, 0x1A72, 0x016E, 0x01AF,
  0x010E, 0x006C, 0x0089, 0x0007, 0x1A31, 0x8E3D, 0xFFFF, 0xFFFF, 0xC79F, 0x1AF5, 0x12D5, 0x1272,
  0x1210, 0x2B15, 0x3378, 0x018F, 0x4BB7, 0x22F5, 0x01D1, 0x00CD, 0x018E, 0x1272, 0x01B1, 0x53F6,
  0x74B8, 0x32F3, 0x2AF3, 0x3B74, 0x3B75, 0x3B54, 0x22D2, 0x2B14, 0x2AF4, 0x2AB3, 0x2291, 0x018D,
  0x010C, 0x016C, 0x2A4E, 0x7C73, 0xADB7, 0xAD97, 0x4B31, 0x2271, 0x0A11, 0x09AF, 0x3B13, 0xADFA,
  0xF7FF, 0xFFFF, 0xEFBF, 0xEFBF, 0xEFBF, 0xEFBF, 0xEFBF, 0xEFBF, 0xEFBF, 0xEFBF, 0xEFBF, 0xF7DF,
  0xDF5E, 0x2291, 0x018F, 0x1211, 0x6435, 0x2AB2, 0x014F, 0x7497, 0xFFFF, 0xEF9F, 0xEFBF, 0xEFBF,
  0xEFBF, 0xF7FF, 0x2AD2, 0x4B94, 0xFFFF, 0xEFBF, 0xEFBF, 0xEFBF, 0xEFBF, 0xEFBF, 0xE79F, 0xFFFF,
  0x8D39, 0x016F, 0x09F0, 0x42F1, 0x5351, 0x5371, 0x2270, 0x016F, 0x5BF5, 0xFFFF, 0xEFBF, 0xEFBF,
  0xEFBF, 0xEFBF, 0xEFBF, 0xEFBF, 0xEFBF, 0xEFDF, 0xFFFF, 0xD6FD, 0x6C36, 0x11F0, 0x016F, 0x01F0,
  0x1231, 0x2250, 0x3ACF, 0x32B0, 0x0A10, 0x01AF, 0x2271, 0xA5DA, 0x5394, 0x018F, 0x018F, 0x0A11,
  0x1A51, 0x3313, 0x2A91, 0x3333, 0x2313, 0x2333, 0x2B95, 0x33D7, 0x33D8, 0x4CBB, 0x4CDB, 0x44FD,
  0x6E1D, 0xB79E, 0xD7BE, 0x34BB, 0x02F9, 0x0274, 0x01D2, 0x0A73, 0x2BB9, 0x767F, 0x63D0, 0xA490,
  0x0000, 0x0000, 0x0000, 0x0927, 0x1AB1, 0x010B, 0x012A, 0x018B, 0x1A0E, 0x228F, 0x0005, 0x11ED,
  0x11AB, 0x0065, 0x00A6, 0x0085, 0x0063, 0x19ED, 0x00C7, 0x0022, 0x0043, 0x0063, 0x0063, 0x0063,
  0x0043, 0x0043, 0x0042, 0x0022, 0x0001, 0x0021, 0x0042, 0x0022, 0x0022, 0x0022, 0x0000, 0x0020,
  0x0001, 0x0021, 0x0001, 0x0001, 0x0021, 0x0021, 0x0021, 0x0001, 0x0001, 0x0021, 0x0001, 0x0001,
  0x0001, 0x0001, 0x0001, 0x0000, 0x0000, 0x0000, 0x0000, 0x0000, 0x0000, 0x0000, 0x0000, 0x0000,
  0x0000, 0x0000, 0x0000, 0x0000, 0x0000, 0x0000, 0x0000, 0x0000, 0x0000, 0x0000, 0x0000, 0x0000,
  0x0000, 0x0000, 0x0000, 0x0000, 0x0000, 0x0000, 0x0000, 0x0000, 0x0000, 0x0001, 0x0022, 0x0001,
  0x0021, 0x0021, 0x0021, 0x0022, 0x0001, 0x00A5, 0x08E7, 0x0001, 0x0021, 0x0064, 0x1149, 0x1250,
  0x01AE, 0x1AD3, 0x0A50, 0x0087, 0x0065, 0x0085, 0x0084, 0x0084, 0x0084, 0x0085, 0x0085, 0x0085,
  0x0024, 0x120D, 0x016A, 0x0929, 0x0108, 0x0086, 0x21EC, 0x11ED, 0x01AE, 0x33F8, 0x2C38, 0x0252,
  0x018F, 0x01F1, 0x0314, 0x2CFD, 0x0CFF, 0x663E, 0xFFFF, 0xB7DF, 0xBFFF, 0x7EBF, 0x765F, 0x96FF,
  0x6DDE, 0x6DBC, 0x8E5D, 0x861D, 0x5519, 0x4CB9, 0x759C, 0x3438, 0x4C78, 0x85FC, 0x4C77, 0x4436,
  0x5479, 0x3BF7, 0x8E3C, 0xE7DF, 0xC71E, 0xBF3F, 0x6D3A, 0xC75F, 0xCF7F, 0xC71F, 0xBEDF, 0xC73F,
  0xB6DF, 0x9E3D, 0xB6DE, 0xB6BF, 0x859C, 0x8D9C, 0xCFDF, 0xFFFF, 0xCF7F, 0x4C18, 0x9E3F, 0xFFFF,
  0x9DFC, 0x857B, 0x6497, 0x09F0, 0x4BB6, 0x1A31, 0x11F0, 0x09F0, 0x010D, 0x6C77, 0x9DFB, 0xC73E,
  0x00EC, 0x2376, 0xBF9F, 0xD7FF, 0x5458, 0x7D9D, 0x3356, 0x014F, 0x01D1, 0x0A12, 0x43D7, 0x5C78,
  0x4375, 0x01B0, 0x014E, 0x0A0F, 0x3B54, 0x014E, 0x014E, 0x0190, 0x0008, 0x010C, 0x01AE, 0x1A50,
  0x32F3, 0x22F2, 0x09EF, 0x09CE, 0x3B53, 0x2A91, 0x2A91, 0x2A90, 0x2A90, 0x7454, 0xA577, 0xAD97,
  0x84B6, 0x3B11, 0x224F, 0x09F0, 0x018F, 0x7497, 0xFFFF, 0xF7FF, 0xEFBF, 0xEFBF, 0xEFBF, 0xEFBF,
  0xEFBF, 0xEFBF, 0xEFBF, 0xEFBF, 0xEFBF, 0xEFBF, 0xEFBF, 0xE79F, 0xF7FF, 0xCEDD, 0x1230, 0x018F,
  0x1A71, 0x2AB2, 0x016F, 0x4354, 0xF7FF, 0xEFBF, 0xEFBF, 0xEFBF, 0xE79F, 0xFFFF, 0x6C76, 0x014E,
  0xC6BC, 0xF7FF, 0xEFBF, 0xEFBF, 0xEFBF, 0xEFBF, 0xEFBF, 0xEFDF, 0xE79F, 0x2AB2, 0x01AF, 0x2270,
  0x5B92, 0x5BB2, 0x2AB1, 0x016F, 0x4374, 0xF7FF, 0xEFBF, 0xEFBF, 0xEFBF, 0xEFBF, 0xEFBF, 0xEFBF,
  0xEFDF, 0xDF5E, 0x6C56, 0x11F0, 0x016F, 0x01D0, 0x1231, 0x2A91, 0x6415, 0x4311, 0x2A6D, 0x2A2D,
  0x222E, 0x09F0, 0x01D0, 0x018F, 0x018F, 0x0A11, 0x0A10, 0x11EF, 0x2A90, 0x4374, 0x2290, 0x22B2,
  0x2B34, 0x1AD3, 0x1B34, 0x2335, 0x2BB7, 0x447A, 0x4CFC, 0x3C5A, 0x4D3C, 0x7E9E, 0xBFDF, 0xCFDF,
  0x3CBC, 0x0298, 0x0254, 0x0190, 0x0AD5, 0x3353, 0x734C, 0x62EA, 0x0000, 0x0000, 0x0000, 0x2ACF,
  0x1291, 0x096C, 0x012A, 0x00E9, 0x01AD, 0x2270, 0x32F1, 0x124F, 0x0087, 0x00C7, 0x0085, 0x0064,
  0x0064, 0x014A, 0x11AD, 0x0064, 0x0063, 0x0084, 0x0043, 0x0043, 0x0043, 0x0042, 0x0022, 0x0001,
  0x2147, 0x08A5, 0x0002, 0x0043, 0x0002, 0x0001, 0x0083, 0x0021, 0x0021, 0x0021, 0x0021, 0x0001,
  0x0001, 0x08C4, 0x1946, 0x0000, 0x0001, 0x0001, 0x0021, 0x0000, 0x0001, 0x0001, 0x0000, 0x0000,
  0x0000, 0x0000, 0x0000, 0x0000, 0x0000, 0x0000, 0x0000, 0x0000, 0x0000, 0x0000, 0x0000, 0x0000,
  0x0000, 0x0000, 0x0000, 0x0000, 0x0000, 0x0000, 0x0000, 0x0000, 0x0000, 0x0000, 0x0000, 0x0000,
  0x0000, 0x0000, 0x0000, 0x0021, 0x0001, 0x0063, 0x0063, 0x0000, 0x0021, 0x0021, 0x0021, 0x0001,
  0x0043, 0x1107, 0x0001, 0x0001, 0x0064, 0x116A, 0x0064, 0x11AC, 0x0046, 0x1A4F, 0x0929, 0x08E7,
  0x0023, 0x00A4, 0x00A5, 0x00A5, 0x0085, 0x00A5, 0x00C5, 0x0086, 0x00A6, 0x1A4F, 0x00C7, 0x00C6,
  0x00E8, 0x0108, 0x11AB, 0x00E9, 0x1A2F, 0x1272, 0x1AF3, 0x1A71, 0x01AF, 0x0A95, 0x0BD9, 0x043C,
  0x873F, 0xFFFF, 0xB7DF, 0x7EDF, 0x7EDE, 0x663E, 0x7E5F, 0x6DBD, 0x5D9C, 0x7E1D, 0x85FC, 0x4CF9,
  0x4CD9, 0x657B, 0x9E3C, 0x54D9, 0x859B, 0x857A, 0x43F5, 0x22F1, 0x0A70, 0x5498, 0xDFDF, 0xCF3F,
  0xC73F, 0xCF5E, 0xBEFE, 0x5CD8, 0x95FD, 0xA69E, 0xAE9F, 0xC75F, 0x64FA, 0x3395, 0x9E3E, 0x6CBA,
  0x95DC, 0xAE7E, 0x1A51, 0x4B75, 0x8D7B, 0x010C, 0x014F, 0x32F2, 0x4C17, 0x0A31, 0x018D, 0x012D,
  0x010E, 0x014E, 0x012C, 0x00EB, 0x01AF, 0xD7BF, 0xFFFF, 0x4394, 0x01F1, 0x2B57, 0x7D9E, 0x8DDD,
  0x0A52, 0x22B4, 0x8D9C, 0xAEFF, 0x0251, 0x22D3, 0xA6BF, 0x961F, 0x3B35, 0x01F0, 0x0A10, 0x2AD3,
  0x2AD3, 0x09EF, 0x0A11, 0x1AB2, 0x5C76, 0x7D1A, 0x32D2, 0x4353, 0x22B2, 0x010C, 0x122F, 0x2A70,
  0x6C76, 0x6456, 0x5C36, 0x4BB4, 0x8CD5, 0x5BD3, 0x32D2, 0x2291, 0x2AB1, 0x222E, 0x3A8E, 0x11EF,
  0x01B0, 0x4353, 0xEFBF, 0xEFBF, 0xEFBF, 0xEFBF, 0xEFBF, 0xEFBF, 0xEFBF, 0xEFBF, 0xEFBF, 0xEFBF,
  0xEFBF, 0xEFBF, 0xEFBF, 0xEFBF, 0xE79F, 0xFFFF, 0xBE5C, 0x09D0, 0x01D0, 0x09F0, 0x01CF, 0x1A51,
  0xDF5E, 0xEFDF, 0xEFBF, 0xEFBF, 0xEF9F, 0xFFFF, 0xA5BA, 0x012E, 0x53D5, 0xFFFF, 0xEFBF, 0xEFBF,
  0xEFBF, 0xEFBF, 0xEFBF, 0xEF9F, 0xFFFF, 0x9559, 0x016F, 0x09F0, 0x4331, 0x6C34, 0x3AF2, 0x018F,
  0x32D2, 0xEFBF, 0xEFBF, 0xEFBF, 0xEFBF, 0xEFBF, 0xEFBF, 0xEFBF, 0xF7FF, 0xBE5C, 0x014E, 0x01D0,
  0x1210, 0x224F, 0x3AD0, 0x324D, 0x4B52, 0x53B4, 0x2A4D, 0x19CB, 0x19AB, 0x19ED, 0x09F0, 0x0A10,
  0x09F0, 0x120F, 0x1A2E, 0x11CD, 0x09AD, 0x2271, 0x22B1, 0x22D2, 0x3B75, 0x3B95, 0x12D4, 0x1B15,
  0x2376, 0x2BF8, 0x6D9C, 0x4CFB, 0x3C9A, 0x555D, 0x86DF, 0xA7DF, 0xD7FF, 0x457C, 0x02D9, 0x0296,
  0x0255, 0x3A4C, 0xBD11, 0x0860, 0x0000, 0x0000, 0x1105, 0x2AF2, 0x01AD, 0x11CC, 0x09EC, 0x01AC,
  0x016B, 0x0004, 0x2AB1, 0x2B14, 0x0086, 0x00C6, 0x0085, 0x0064, 0x0064, 0x0108, 0x118B, 0x00C6,
  0x0023, 0x0064, 0x0043, 0x0043, 0x0042, 0x00A3, 0x0884, 0x0001, 0x10C5, 0x0884, 0x0043, 0x0043,
  0x0022, 0x0021, 0x320A, 0x0022, 0x0022, 0x0001, 0x0021, 0x0001, 0x0022, 0x0021, 0x0000, 0x0001,
  0x0001, 0x0001, 0x0001, 0x0001, 0x0001, 0x0001, 0x0001, 0x0000, 0x0000, 0x0000, 0x0000, 0x0000,
  0x0000, 0x0000, 0x0000, 0x0000, 0x0000, 0x0000, 0x0000, 0x0000, 0x0000, 0x0000, 0x0000, 0x0021,
  0x0000, 0x0000, 0x0000, 0x0000, 0x0000, 0x0000, 0x0000, 0x0000, 0x0000, 0x0000, 0x0000, 0x0021,
  0x0001, 0x0021, 0x0001, 0x0021, 0x0021, 0x0021, 0x0021, 0x0001, 0x10E7, 0x0022, 0x0000, 0x0043,
  0x0949, 0x0065, 0x00E7, 0x0909, 0x0003, 0x1A0E, 0x0043, 0x0085, 0x0043, 0x00A4, 0x00A5, 0x00A6,
  0x00A6, 0x00A6, 0x0107, 0x0064, 0x11EC, 0x016B, 0x00C7, 0x00C7, 0x0149, 0x11AC, 0x00A8, 0x122E,
  0x1A50, 0x01CE, 0x12D3, 0x1252, 0x0231, 0x0358, 0x03FB, 0x7E9E, 0xFFFF, 0xBFDF, 0x9F3F, 0x45BD,
  0x5DFE, 0x7E1D, 0x761D, 0x7E3E, 0x761C, 0x659B, 0x54DA, 0x4CB9, 0x349A, 0x3C78, 0x6D38, 0x5477,
  0x2B54, 0x0A92, 0x0A90, 0x2353, 0x5CB8, 0xCF7F, 0xC71F, 0xBEFE, 0xAE7D, 0xBF3F, 0xDF9F, 0x8DFC,
  0xAE5E, 0x7D5B, 0x6498, 0xB6FF, 0x3355, 0x0211, 0x4375, 0x01AF, 0x3334, 0x0170, 0x3B76, 0x012C,
  0x19EE, 0x00EB, 0x010D, 0x016D, 0x0A11, 0x1A72, 0x018E, 0x0190, 0x01D1, 0x09F1, 0x09AF, 0x19EF,
  0x855C, 0xEFFF, 0xBEDF, 0x01D0, 0x5C39, 0x5418, 0x11AD, 0x00C9, 0x014D, 0x1252, 0x4C19, 0xBF1F,
  0x8E1D, 0x4C18, 0x6CDA, 0x3B75, 0x016E, 0x018F, 0x2A91, 0x4374, 0x6478, 0x6CB9, 0x5C78, 0x6D19,
  0x64D9, 0x43B5, 0x2AB2, 0x1A71, 0x018D, 0x224F, 0x3B32, 0x8538, 0x8517, 0x6455, 0x53F5, 0x2AB1,
  0x3AF2, 0x0A11, 0x01B0, 0x01B0, 0x0A11, 0x19EE, 0x636F, 0x5350, 0x09F0, 0x016F, 0x9DBA, 0xFFFF,
  0xEF9F, 0xEFBF, 0xEFBF, 0xEFBF, 0xEFBF, 0xEFBF, 0xEFBF, 0xEFBF, 0xEFDF, 0xEFBF, 0xEFBF, 0xEFBF,
  0xEFBF, 0xE79F, 0xFFFF, 0xA5DA, 0x018F, 0x09F0, 0x09F0, 0x01AF, 0xBE7C, 0xF7FF, 0xEFBF, 0xEFBF,
  0xEFBF, 0xF7FF, 0xCEDD, 0x09F0, 0x01AF, 0xBE9C, 0xF7FF, 0xEFBF, 0xEFBF, 0xEFBF, 0xEFBF, 0xEFBF,
  0xEFBF, 0xE79F, 0x2AB2, 0x018F, 0x2291, 0x6C14, 0x4332, 0x01AF, 0x1A71, 0xE77F, 0xEFDF, 0xEFBF,
  0xEFBF, 0xEFBF, 0xEFBF, 0xEFBF, 0xEFDF, 0xDF5E, 0x1A71, 0x01D0, 0x2A4F, 0x3A4C, 0x4B51, 0x2A4E,
  0x1908, 0x32AF, 0x4B72, 0x1149, 0x19AB, 0x118B, 0x11CC, 0x11CD, 0x11CC, 0x118B, 0x11AC, 0x11EE,
  0x09AD, 0x120E, 0x2290, 0x1A90, 0x3B94, 0x7D79, 0x2B56, 0x12F5, 0x1B15, 0x2376, 0x6D7C, 0x54DB,
  0x44DC, 0x3CBB, 0x555E, 0x7E9F, 0xAFBF, 0xD7FF, 0x351E, 0x035E, 0x02F6, 0x8BAC, 0x83ED, 0x0000,
  0x0000, 0x0000, 0x222D, 0x1AB2, 0x018D, 0x00E9, 0x096A, 0x01CD, 0x122E, 0x222E, 0x0047, 0x1A4F,
  0x22B0, 0x0024, 0x0085, 0x0064, 0x0065, 0x08E7, 0x1149, 0x08C6, 0x0044, 0x0063, 0x0064, 0x0043,
  0x0064, 0x10E7, 0x0064, 0x0063, 0x0023, 0x0022, 0x0043, 0x0043, 0x0022, 0x0021, 0x0000, 0x0002,
  0x0022, 0x0042, 0x0021, 0x0042, 0x0042, 0x0001, 0x0021, 0x0001, 0x0022, 0x0083, 0x0000, 0x0001,
  0x0001, 0x0001, 0x0001, 0x0000, 0x0000, 0x0000, 0x0000, 0x0000, 0x0000, 0x0021, 0x0000, 0x0000,
  0x0000, 0x0000, 0x0000, 0x0000, 0x0000, 0x0020, 0x0000, 0x0000, 0x0000, 0x0000, 0x0000, 0x0000,
  0x0000, 0x0000, 0x0000, 0x0000, 0x0000, 0x0000, 0x0000, 0x0000, 0x0000, 0x0001, 0x0021, 0x0021,
  0x0021, 0x0021, 0x0000, 0x1147, 0x0885, 0x0000, 0x0064, 0x1168, 0x0044, 0x00E7, 0x116A, 0x0086,
  0x0002, 0x21AD, 0x0043, 0x0083, 0x00C5, 0x0064, 0x00A6, 0x00A6, 0x0086, 0x0108, 0x00C6, 0x00C7,
  0x2291, 0x00C8, 0x0949, 0x0108, 0x0109, 0x0109, 0x01CD, 0x2B12, 0x018C, 0x1A91, 0x12B3, 0x0273,
  0x02D5, 0x035A, 0x6E3E, 0xFFFF, 0xD7FF, 0xD7FF, 0x865E, 0x4D9D, 0x7E5E, 0x7E1E, 0x7E3D, 0x75DC,
  0x553A, 0x551A, 0x551B, 0x34DB, 0x1C7B, 0x551B, 0x5496, 0x33F5, 0x4457, 0x3C57, 0x1B55, 0x85FC,
  0xDFFF, 0xC73F, 0xC77F, 0xCF5F, 0xAE9D, 0x8DDC, 0xB6BF, 0x5416, 0x753A, 0xC73F, 0x7D9B, 0x6CDA,
  0x1AB3, 0x002A, 0x0049, 0x006A, 0x1A11, 0x01F1, 0x1AD2, 0x126F, 0x3AD1, 0x096D, 0x014B, 0x11AD,
  0x4354, 0x2AD2, 0x11EF, 0x11F1, 0x01D1, 0x014E, 0x0009, 0x4BB4, 0x5C78, 0xA63D, 0xB6DF, 0x3B95,
  0x5C58, 0x11CE, 0x018C, 0x2251, 0x5C79, 0x4C18, 0x967F, 0xFFFF, 0xFFDF, 0x861F, 0x549C, 0x5477,
  0x43B4, 0x1A92, 0x5436, 0x7559, 0x01D0, 0x014F, 0x01F1, 0x01AF, 0x01B0, 0x2AF5, 0x22D2, 0x1A70,
  0x32F1, 0x6C96, 0x6CB7, 0x8D57, 0x7CD7, 0x5C15, 0x1A92, 0x0A11, 0x01D0, 0x014E, 0x3AF3, 0x32F2,
  0x01AF, 0x1210, 0x630E, 0x8C92, 0x2A70, 0x01AF, 0x32F2, 0xEFBF, 0xEFBF, 0xEFBF, 0xEFBF, 0xEFBF,
  0xEFBF, 0xEFBF, 0xEFDF, 0xDF5E, 0xE77E, 0xF7DF, 0xEFBF, 0xEFBF, 0xEFBF, 0xEFBF, 0xE79F, 0xFFFF,
  0x8D39, 0x016F, 0x1210, 0x016F, 0x8D38, 0xFFFF, 0xE79F, 0xEFBF, 0xEFBF, 0xEFBF, 0xE79F, 0x2AB2,
  0x014E, 0x53B4, 0xFFFF, 0xEFBF, 0xEFBF, 0xEFBF, 0xEFBF, 0xEFBF, 0xEF9F, 0xFFFF, 0x9579, 0x018F,
  0x09F0, 0x5393, 0x53B4, 0x01D0, 0x09F0, 0xCEFD, 0xF7FF, 0xEFBF, 0xEFBF, 0xEFBF, 0xEFBF, 0xEFBF,
  0xEFBF, 0xF7DF, 0x3B13, 0x0190, 0x1A0F, 0x29CB, 0x5393, 0x32B0, 0x10C6, 0x1107, 0x4B53, 0x19AB,
  0x092A, 0x116B, 0x118B, 0x19CC, 0x096B, 0x11AC, 0x096B, 0x098B, 0x11EE, 0x11EE, 0x018D, 0x09EE,
  0x2B12, 0x5437, 0x2315, 0x33B8, 0x1AF5, 0x12F5, 0x3C3A, 0x33F9, 0x343A, 0x3C9B, 0x3C7A, 0x553E,
  0x6E3F, 0x9F9F, 0xCFFF, 0x25FF, 0x01EC, 0xBCEF, 0x2143, 0x0000, 0x0000, 0x0863, 0x3334, 0x12F4,
  0x01CE, 0x012B, 0x012A, 0x010A, 0x1A2E, 0x3B75, 0x016C, 0x0067, 0x11AC, 0x21CB, 0x0003, 0x0085,
  0x00C7, 0x00A6, 0x118A, 0x00A5, 0x08C6, 0x0043, 0x0063, 0x0063, 0x0064, 0x0063, 0x0043, 0x0063,
  0x0063, 0x0043, 0x0043, 0x0043, 0x0042, 0x0042, 0x0022, 0x0022, 0x0022, 0x10A4, 0x0001, 0x0042,
  0x0882, 0x0000, 0x0021, 0x0001, 0x0022, 0x10C4, 0x0000, 0x0001, 0x0001, 0x0001, 0x0000, 0x0000,
  0x0000, 0x0000, 0x0000, 0x0000, 0x0000, 0x0862, 0x0000, 0x0001, 0x0000, 0x0000, 0x0000, 0x0000,
  0x0000, 0x0000, 0x0000, 0x0000, 0x0000, 0x0000, 0x0000, 0x0000, 0x0000, 0x0000, 0x0000, 0x0000,
  0x0000, 0x0000, 0x0000, 0x0000, 0x0001, 0x0862, 0x0021, 0x0021, 0x0021, 0x0000, 0x08C6, 0x0906,
  0x0000, 0x0063, 0x1928, 0x0001, 0x0085, 0x0108, 0x00E8, 0x0063, 0x0002, 0x198B, 0x0885, 0x0001,
  0x0928, 0x0064, 0x00A6, 0x00A6, 0x00E7, 0x00E7, 0x0085, 0x19ED, 0x09CD, 0x00C7, 0x0129, 0x0108,
  0x0129, 0x016B, 0x2B13, 0x016B, 0x1A91, 0x0A31, 0x0AB4, 0x0B17, 0x035A, 0x561E, 0xFFFF, 0xC7FF,
  0xC7BF, 0xC79F, 0x8EDE, 0x96DF, 0x865D, 0x75FD, 0x657C, 0x6D9C, 0x9E5C, 0x95DA, 0x961D, 0x147B,
  0x1CBB, 0x5D5C, 0x3CBA, 0x1418, 0x3479, 0x7E1C, 0xC79F, 0xEFFF, 0xDF9F, 0xD7BF, 0xBEFF, 0x5477,
  0x4417, 0x5CB9, 0xA67F, 0x3353, 0x7D9B, 0xAEBF, 0x7D1B, 0xB6DF, 0xA63E, 0x53F6, 0x6478, 0x6478,
  0x4BD6, 0x859C, 0x53F6, 0x2B35, 0x016D, 0x118C, 0x0089, 0x3B12, 0x6456, 0x014D, 0x014E, 0x2291,
  0x3375, 0x1232, 0x5437, 0xF7FF, 0xCF5F, 0x8D7C, 0x1A2F, 0x0048, 0x00CA, 0x32D3, 0x4C17, 0x753C,
  0x649A, 0x85BD, 0xA6FF, 0xFFDF, 0xFFDF, 0x4CB8, 0x012F, 0x00CA, 0x0088, 0x0027, 0x32F1, 0x74FA,
  0x3B75, 0x6457, 0x3354, 0x01AF, 0x1251, 0x01CF, 0x012D, 0x11CE, 0x19EF, 0x19EE, 0x4331, 0x4B94,
  0x2271, 0x0A11, 0x01D0, 0x016E, 0x2A92, 0x9559, 0xF7FF, 0xBE7C, 0x018F, 0x09F0, 0x5371, 0x9516,
  0x63D3, 0x09F0, 0x018F, 0x9D9A, 0xFFFF, 0xEF9F, 0xEFBF, 0xEFBF, 0xEFBF, 0xEFBF, 0xEFBF, 0xEF9F,
  0x8D59, 0xE77F, 0xEFDF, 0xEFBF, 0xEFBF, 0xEFBF, 0xEFBF, 0xEFBF, 0xFFFF, 0x7497, 0x018F, 0x018F,
  0x5BF5, 0xFFFF, 0xEFBF, 0xEFBF, 0xEFBF, 0xEFBF, 0xFFFF, 0x53D5, 0x018F, 0x01D0, 0xBE7C, 0xF7FF,
  0xEFBF, 0xEFBF, 0xEFBF, 0xEFBF, 0xEFBF, 0xEFBF, 0xEFBF, 0x2AD2, 0x018F, 0x2AB1, 0x5BF4, 0x09F0,
  0x01AF, 0xBE7C, 0xF7FF, 0xEFBF, 0xEFBF, 0xEFBF, 0xEFBF, 0xEFBF, 0xEF9F, 0xFFFF, 0x6416, 0x016F,
  0x11EF, 0x21AA, 0x19CC, 0x220D, 0x08C5, 0x08E6, 0x2A4E, 0x1A0E, 0x094B, 0x014A, 0x094A, 0x094B,
  0x118C, 0x19CD, 0x11AC, 0x014B, 0x016C, 0x122E, 0x43B4, 0x1250, 0x2A91, 0x22B2, 0x1293, 0x1AD4,
  0x3356, 0x1AD5, 0x3419, 0x2397, 0x2C19, 0x343A, 0x3C9B, 0x345B, 0x451C, 0x665F, 0xA7FF, 0xAFFF,
  0x4A48, 0x83CC, 0x0000, 0x0000, 0x0000, 0x226D, 0x243B, 0x247B, 0x018F, 0x016D, 0x014B, 0x016B,
  0x096B, 0x00E9, 0x016B, 0x5477, 0x224E, 0x0108, 0x11AC, 0x0067, 0x0108, 0x0044, 0x19AB, 0x00C7,
  0x00C6, 0x0063, 0x0064, 0x0064, 0x0064, 0x0064, 0x0064, 0x0064, 0x0063, 0x0042, 0x0042, 0x0042,
  0x0042, 0x0022, 0x0022, 0x0022, 0x0022, 0x0884, 0x0042, 0x324D, 0x0042, 0x0021, 0x0021, 0x0001,
  0x0021, 0x0021, 0x0000, 0x0021, 0x1083, 0x0001, 0x0000, 0x0001, 0x0001, 0x0000, 0x0000, 0x0000,
  0x0000, 0x0000, 0x0000, 0x0021, 0x0000, 0x0000, 0x0000, 0x0000, 0x0000, 0x0000, 0x0000, 0x0000,
  0x0021, 0x10A4, 0x0000, 0x0000, 0x0000, 0x0000, 0x0000, 0x0000, 0x0000, 0x0000, 0x0000, 0x0000,
  0x0001, 0x0021, 0x0021, 0x0021, 0x0000, 0x0043, 0x1169, 0x0000, 0x0064, 0x0907, 0x0000, 0x0023,
  0x0085, 0x0107, 0x00C7, 0x0043, 0x0002, 0x118A, 0x0907, 0x0000, 0x0908, 0x00A5, 0x0064, 0x00C6,
  0x00C6, 0x00E6, 0x00E7, 0x096B, 0x00C8, 0x00C7, 0x0108, 0x0169, 0x0109, 0x22D1, 0x09AC, 0x018B,
  0x2334, 0x0211, 0x1377, 0x02D9, 0x459D, 0xEFFF, 0xB7FF, 0xC7DF, 0xD7DF, 0x765E, 0x765E, 0x869D,
  0x5D9B, 0x861D, 0xA69D, 0x757B, 0x6D39, 0x6519, 0x44BB, 0x1C79, 0x147B, 0x03BB, 0x0398, 0x2416,
  0x54B9, 0x4C99, 0x8E1D, 0xBEFE, 0xB6DD, 0x963C, 0x7D9A, 0x5C98, 0x961D, 0xB6DF, 0xA63D, 0x1292,
  0x01D0, 0x1A91, 0x00AA, 0x4BD6, 0x5C79, 0x016F, 0x43D6, 0x6478, 0x120F, 0x53F6, 0x4BF5, 0x010E,
  0x018F, 0x010C, 0x4333, 0x2271, 0x00CC, 0x00AB, 0x00CB, 0x0089, 0x010D, 0x7CDB, 0xF7FF, 0xAE9E,
  0x43B5, 0x004C, 0x11F0, 0x8D7B, 0x85BD, 0x7D7C, 0x5C79, 0x4BB6, 0x4356, 0x1250, 0x6D3C, 0x3C39,
  0x1AF6, 0x0150, 0x0211, 0x018E, 0x00A9, 0x32D1, 0x4BB6, 0x53F7, 0x5436, 0x3B54, 0x01AF, 0x00CB,
  0x012C, 0x3AF1, 0x220F, 0x094C, 0x110A, 0x224F, 0x1A50, 0x0A11, 0x01D0, 0x016E, 0x2A71, 0x9559,
  0xEFBF, 0xFFFF, 0xEFBF, 0xFFFF, 0x4B94, 0x018F, 0x1A71, 0x84B5, 0x8CD6, 0x2271, 0x018F, 0x32D2,
  0xEFBF, 0xEFBF, 0xEFBF, 0xEFBF, 0xEFBF, 0xEFBF, 0xEFBF, 0xFFFF, 0xAE1B, 0x5BF5, 0xFFFF, 0xEFBF,
  0xEFBF, 0xEFBF, 0xEFBF, 0xEFBF, 0xEFBF, 0xFFFF, 0x5C16, 0x012E, 0x32F2, 0xEFBF, 0xEFBF, 0xEFBF,
  0xEFBF, 0xE79F, 0xFFFF, 0x8518, 0x018F, 0x01AF, 0x4B94, 0xF7FF, 0xEFBF, 0xEFBF, 0xEFBF, 0xEFBF,
  0xEFBF, 0xEF9F, 0xFFFF, 0x9D9A, 0x018F, 0x09F0, 0x4373, 0x1231, 0x018F, 0xA5FA, 0xFFFF, 0xEF9F,
  0xEFBF, 0xEFBF, 0xEFBF, 0xEFBF, 0xE79F, 0xFFFF, 0x9D9A, 0x016F, 0x09F0, 0x1169, 0x1148, 0x3AB0,
  0x0907, 0x0085, 0x0107, 0x116A, 0x096A, 0x11AB, 0x0128, 0x00E8, 0x094A, 0x0969, 0x0109, 0x098C,
  0x09EE, 0x122F, 0x4BF5, 0x020F, 0x01AE, 0x01D0, 0x0A31, 0x0A31, 0x1A92, 0x2B76, 0x445A, 0x1B97,
  0x1B77, 0x33F9, 0x4CBC, 0x551D, 0x5DBD, 0x6E3F, 0x7FDF, 0x532F, 0x7AEA, 0x20E3, 0x0000, 0x0000,
  0x08C4, 0x3395, 0x02B7, 0x4D7E, 0x5D19, 0x0210, 0x016C, 0x012B, 0x010A, 0x00C7, 0x0065, 0x1A4E,
  0x2B33, 0x012A, 0x096C, 0x098C, 0x00C8, 0x0065, 0x096A, 0x0949, 0x0023, 0x00C7, 0x0064, 0x0084,
  0x0085, 0x0084, 0x0064, 0x0064, 0x0062, 0x0022, 0x0042, 0x0042, 0x0022, 0x0022, 0x0022, 0x0022,
  0x0021, 0x0002, 0x0001, 0x0042, 0x0022, 0x0022, 0x0021, 0x0021, 0x0021, 0x0021, 0x0021, 0x0021,
  0x0822, 0x0001, 0x0000, 0x0000, 0x0000, 0x0000, 0x0000, 0x0000, 0x0000, 0x0000, 0x0000, 0x0021,
  0x0020, 0x0000, 0x0000, 0x0000, 0x0000, 0x0000, 0x0000, 0x0000, 0x0020, 0x0884, 0x0000, 0x0000,
  0x0000, 0x0000, 0x0000, 0x0000, 0x0000, 0x0000, 0x0000, 0x0001, 0x0001, 0x0021, 0x0021, 0x0000,
  0x0000, 0x1128, 0x0000, 0x0084, 0x10E7, 0x0001, 0x0001, 0x0085, 0x0023, 0x1189, 0x0023, 0x0043,
  0x0001, 0x1189, 0x096A, 0x0002, 0x00E7, 0x00E7, 0x0085, 0x00C6, 0x00A6, 0x00A6, 0x0109, 0x096C,
  0x00C8, 0x00E8, 0x0128, 0x00E8, 0x1A4F, 0x120E, 0x014B, 0x1271, 0x0B35, 0x02F7, 0x03DB, 0x14BB,
  0xDFFF, 0xCFFF, 0xE7FF, 0xEFFF, 0x7E1D, 0x661E, 0x865D, 0xB71E, 0x861C, 0x963B, 0x5CF7, 0x44D8,
  0x3C9A, 0x3CBB, 0x0BF9, 0x0BF9, 0x03FA, 0x1BF8, 0x4415, 0x4BB3, 0x0233, 0x02F6, 0x02D6, 0x1B37,
  0x33F7, 0x8DDB, 0xAE7D, 0xB6BE, 0xCF3F, 0xDF9F, 0x8D7C, 0xB6BF, 0x95FC, 0x00AB, 0x00AA, 0x012C,
  0x5477, 0x014E, 0x00AC, 0x00ED, 0x00AB, 0x3AF2, 0x4B55, 0x012E, 0x00AD, 0x1A50, 0x5BD6, 0x1211,
  0x016F, 0x00CB, 0x0007, 0x2271, 0xFFFF, 0xCF1F, 0x4333, 0x018D, 0x1210, 0x2B12, 0x74FA, 0x6C78,
  0x5416, 0x3B33, 0x3B74, 0x855C, 0x753B, 0x64DA, 0x2B34, 0x22B3, 0x22B3, 0x2271, 0x09AF, 0x098D,
  0x016C, 0x4BD5, 0x3B74, 0x01CF, 0x4394, 0x09CF, 0x090A, 0x320C, 0x3A6E, 0x224E, 0x118C, 0x118B,
  0x1A0E, 0x09F1, 0x01D0, 0x014E, 0x2271, 0x9538, 0xEF9F, 0xFFFF, 0xEFBF, 0xE79F, 0xEF9F, 0xF7FF,
  0xBE7C, 0x01AF, 0x01F0, 0x5394, 0x8473, 0x5392, 0x09F0, 0x018F, 0x9599, 0xFFFF, 0xEF9F, 0xEFBF,
  0xEFBF, 0xEFBF, 0xEFBF, 0xEFBF, 0xFFFF, 0x4354, 0x6C56, 0xFFFF, 0xEF9F, 0xEFBF, 0xEFBF, 0xEFBF,
  0xEFBF, 0xEFBF, 0xF7DF, 0x4374, 0x018F, 0xD71D, 0xF7FF, 0xEFBF, 0xEFBF, 0xEFBF, 0xF7FF, 0xB65B,
  0x01AF, 0x09F0, 0x01AF, 0xB65B, 0xF7FF, 0xEFBF, 0xEFBF, 0xEFBF, 0xEFBF, 0xEFBF, 0xEFBF, 0xEFBF,
  0x32F2, 0x018F, 0x2271, 0x1A51, 0x016F, 0x8D59, 0xFFFF, 0xEF9F, 0xEFBF, 0xEFBF, 0xE79F, 0xF7DF,
  0xFFFF, 0xDF1D, 0x5BD5, 0x01AF, 0x09F0, 0x1149, 0x08E6, 0x324E, 0x198B, 0x00A6, 0x0928, 0x0969,
  0x014A, 0x096A, 0x096A, 0x0129, 0x00E9, 0x0109, 0x4310, 0x3B10, 0x120E, 0x5417, 0x018D, 0x01AD,
  0x09CE, 0x124F, 0x0A0F, 0x1230, 0x1A71, 0x1B15, 0x33F9, 0x4439, 0x0B16, 0x23B9, 0x33FA, 0x447B,
  0x65DE, 0x4D9F, 0x65FF, 0x49C7, 0x6AEA, 0x0000, 0x0000, 0x0000, 0x222B, 0x2C1A, 0x0295, 0x8EDF,
  0xFFFF, 0x3C9B, 0x2376, 0x22B2, 0x19EE, 0x00E8, 0x0065, 0x0088, 0x016D, 0x09AC, 0x098D, 0x2250,
  0x11CC, 0x0045, 0x00C7, 0x19AD, 0x0045, 0x00C7, 0x0085, 0x0065, 0x0085, 0x0085, 0x0064, 0x0063,
  0x0042, 0x0064, 0x1948, 0x0001, 0x0042, 0x0042, 0x0042, 0x0042, 0x0021, 0x0022, 0x0021, 0x0021,
  0x0021, 0x0021, 0x0001, 0x0001, 0x0021, 0x0021, 0x0021, 0x0021, 0x0001, 0x0001, 0x0001, 0x0001,
  0x0001, 0x0000, 0x0001, 0x0000, 0x0000, 0x0000, 0x0000, 0x0863, 0x0042, 0x0000, 0x0000, 0x0000,
  0x0000, 0x0000, 0x0000, 0x0000, 0x0000, 0x0000, 0x0000, 0x0000, 0x0000, 0x0000, 0x0000, 0x0000,
  0x0000, 0x0000, 0x0000, 0x0001, 0x0001, 0x0021, 0x0001, 0x0000, 0x1969, 0x0043, 0x0064, 0x08A5,
  0x0001, 0x0021, 0x0063, 0x0064, 0x1107, 0x1148, 0x0000, 0x0064, 0x0001, 0x1169, 0x11AB, 0x0024,
  0x00A6, 0x11EC, 0x0908, 0x0086, 0x00A6, 0x00A6, 0x0149, 0x014A, 0x014A, 0x014A, 0x00E8, 0x120D,
  0x22B1, 0x016C, 0x0A2F, 0x1AF5, 0x02D6, 0x0379, 0x251D, 0xC7FF, 0xC7FF, 0xCFBF, 0xEFFF, 0xE7BE,
  0x9E9E, 0xA6DD, 0x8E1C, 0x7DFC, 0x5D9D, 0x3C9A, 0x54D7, 0x44B9, 0x249A, 0x1C59, 0x03D9, 0x0B97,
  0x3437, 0x3C15, 0x3BB3, 0x8559, 0x33F8, 0x0275, 0x0191, 0x3BF9, 0xB6BF, 0xEFDF, 0xBEBE, 0xB6BE,
  0xBF1F, 0xA63C, 0xCF1F, 0xA63D, 0x6C78, 0x5417, 0x012C, 0x008A, 0x4B75, 0x3B74, 0x1273, 0x00ED,
  0x09CE, 0x7CF8, 0x0007, 0x0069, 0x1231, 0xBF1F, 0x6437, 0x1231, 0x008B, 0x006B, 0x4334, 0xDF7F,
  0x5C15, 0x0048, 0x0005, 0x0008, 0x008B, 0x4375, 0x5C17, 0x118D, 0x2251, 0x32F5, 0x3B35, 0x2271,
  0x3B34, 0x7D5B, 0x00CA, 0x012B, 0x1A2F, 0x010C, 0x092D, 0x2A71, 0x32F2, 0x2AD2, 0x2290, 0x1A50,
  0x7414, 0x324E, 0x42AD, 0x632E, 0x3A6C, 0x19AC, 0x11CE, 0x224E, 0x1A10, 0x01D0, 0x2251, 0x8D18,
  0xEF7F, 0xFFFF, 0xEFBF, 0xE79F, 0xEFBF, 0xEFBF, 0xEFBF, 0xEFBF, 0xFFFF, 0x4BB4, 0x016F, 0x1A51,
  0x6C13, 0x5B71, 0x2271, 0x018F, 0x2AD2, 0xEF9F, 0xEFBF, 0xEFBF, 0xEFBF, 0xEFBF, 0xEFBF, 0xEFBF,
  0xF7FF, 0xC6BC, 0x016F, 0x9579, 0xFFFF, 0xE79F, 0xEFBF, 0xEFBF, 0xEFBF, 0xEFBF, 0xEFDF, 0xEF9F,
  0x2A92, 0x9579, 0xFFFF, 0xEF9F, 0xEFBF, 0xEFBF, 0xEFDF, 0xDF5E, 0x1A31, 0x09D0, 0x018F, 0x4374,
  0xF7FF, 0xEFBF, 0xEFBF, 0xEFBF, 0xEFBF, 0xEFBF, 0xEF9F, 0xFFFF, 0x9DBA, 0x018F, 0x09F0, 0x1210,
  0x016F, 0x7CB7, 0xFFFF, 0xE79F, 0xE79F, 0xF7DF, 0xFFFF, 0xD71D, 0x6C56, 0x11F0, 0x018F, 0x0A11,
  0x09AD, 0x0907, 0x08E6, 0x1169, 0x1129, 0x00C7, 0x0108, 0x0929, 0x0929, 0x00E9, 0x094A, 0x118B,
  0x012A, 0x2AB0, 0x5BF2, 0x1149, 0x00E9, 0x1A0F, 0x226F, 0x1A2F, 0x09AD, 0x1A0F, 0x1A70, 0x0A30,
  0x1A92, 0x12B4, 0x43D6, 0x9E1E, 0x2398, 0x2378, 0x33B8, 0x1B16, 0x44FF, 0x5E9F, 0x3B92, 0x93EC,
  0x2125, 0x0000, 0x0001, 0x0022, 0x3B93, 0x55FF, 0x1BD8, 0x2C19, 0x4D5E, 0x0254, 0x018E, 0x0A2F,
  0x2270, 0x2AB1, 0x3311, 0x2AD1, 0x0A0F, 0x00CA, 0x0067, 0x11AC, 0x3313, 0x094B, 0x0005, 0x22B1,
  0x00E9, 0x0087, 0x00C8, 0x0086, 0x0065, 0x0044, 0x0064, 0x0064, 0x0084, 0x0063, 0x0064, 0x0002,
  0x0042, 0x0001, 0x0884, 0x08A6, 0x0001, 0x0022, 0x0022, 0x0021, 0x0021, 0x0021, 0x0001, 0x0001,
  0x0021, 0x0001, 0x0021, 0x0021, 0x0001, 0x0001, 0x0001, 0x0001, 0x0000, 0x0000, 0x0000, 0x0000,
  0x0000, 0x0000, 0x0000, 0x0000, 0x0000, 0x0000, 0x0000, 0x0000, 0x0000, 0x0000, 0x0000, 0x0000,
  0x0000, 0x0000, 0x0000, 0x0000, 0x0000, 0x0000, 0x0000, 0x0000, 0x0000, 0x0000, 0x0001, 0x0001,
  0x0001, 0x0021, 0x0000, 0x08E6, 0x1128, 0x0063, 0x0064, 0x0000, 0x0021, 0x0041, 0x00A6, 0x0023,
  0x1129, 0x0043, 0x0042, 0x0043, 0x0001, 0x1129, 0x11AB, 0x0003, 0x0087, 0x3BB3, 0x220D, 0x0045,
  0x00C7, 0x00C7, 0x09CB, 0x0A4E, 0x016C, 0x012A, 0x016B, 0x3353, 0x014B, 0x1251, 0x0210, 0x1B98,
  0x02B8, 0x0C7B, 0xD7FF, 0xAFFF, 0xA75E, 0xD7BE, 0xBF5F, 0xB73F, 0x8E9D, 0x7E1D, 0x65BC, 0x555A,
  0x44B9, 0x551A, 0x54B8, 0x1BF8, 0x149B, 0x145A, 0x1419, 0x5C98, 0x3B72, 0x3BB2, 0x3B93, 0x5477,
  0x1396, 0x02B5, 0x8DDB, 0xE7DF, 0xE7BF, 0xC6DE, 0xB6DF, 0xC73F, 0xB6DE, 0x6497, 0x9E1D, 0x6CD8,
  0x3394, 0x012E, 0x014C, 0x0069, 0x096E, 0x4B95, 0x018F, 0x09B0, 0x014E, 0x32D2, 0x012B, 0x95FC,
  0x961E, 0x53B5, 0x00CB, 0x0009, 0x4B95, 0x8D9C, 0x95BC, 0x098C, 0x00CA, 0x4B74, 0x4312, 0x6C99,
  0x74FA, 0x53D6, 0x096C, 0x00CA, 0x00AB, 0x00AB, 0x006B, 0x0049, 0x32F3, 0x3B13, 0x21EE, 0x21EE,
  0x094B, 0x00C9, 0x00C9, 0x19EF, 0x3354, 0x2AF2, 0x2230, 0x11AD, 0x320B, 0x6B4E, 0xB575, 0x636F,
  0x2A70, 0x1231, 0x09F1, 0x09EF, 0x11EF, 0x01AF, 0x32F2, 0xFFFF, 0xEFDF, 0xE79F, 0xEFBF, 0xEFBF,
  0xEFBF, 0xEFBF, 0xEFBF, 0xEFBF, 0xF7FF, 0xBE9C, 0x01AF, 0x01D0, 0x5394, 0x8CD5, 0x5BB3, 0x09F0,
  0x016F, 0x9579, 0xFFFF, 0xEF9F, 0xEFBF, 0xEFBF, 0xEFBF, 0xEFBF, 0xEFBF, 0xFFFF, 0x53D5, 0x014E,
  0xAE1B, 0xFFFF, 0xE79F, 0xEFBF, 0xEFBF, 0xEFBF, 0xEFBF, 0xF7FF, 0xCEDD, 0x8D39, 0xF7FF, 0xEFBF,
  0xEFBF, 0xEFBF, 0xEFBF, 0xF7DF, 0x3B33, 0x018F, 0x0A10, 0x01AF, 0xB63B, 0xFFFF, 0xEFBF, 0xEFBF,
  0xEFBF, 0xEFBF, 0xEFBF, 0xEFBF, 0xEFBF, 0x32F3, 0x01AF, 0x0A10, 0x016F, 0x5BF5, 0xF7FF, 0xEFBF,
  0xFFFF, 0xDF3E, 0x7476, 0x11F0, 0x016F, 0x09F1, 0x0A10, 0x098C, 0x0907, 0x08E6, 0x00C6, 0x0949,
  0x092A, 0x00E8, 0x00E8, 0x0929, 0x0929, 0x21AA, 0x198A, 0x00E8, 0x0129, 0x0129, 0x0109, 0x322D,
  0x00E9, 0x4B52, 0x11ED, 0x016B, 0x1A2E, 0x1A0E, 0x1A92, 0x1AB3, 0x01F0, 0x0A52, 0x64DA, 0x43F7,
  0x54BB, 0x3BF8, 0x33D8, 0x1337, 0x22F6, 0x5436, 0x634C, 0x734A, 0x0000, 0x0001, 0x0085, 0x120E,
  0x1C3D, 0x035A, 0x01F3, 0x0B16, 0x1378, 0x0A94, 0x010B, 0x00E9, 0x010A, 0x00C9, 0x014A, 0x1A50,
  0x2B34, 0x2B34, 0x1A4F, 0x11ED, 0x120F, 0x2B34, 0x014D, 0x0273, 0x01B0, 0x00AA, 0x012A, 0x00A7,
  0x0085, 0x0085, 0x0064, 0x0064, 0x08C6, 0x0042, 0x0022, 0x0043, 0x0042, 0x0042, 0x0043, 0x08A5,
  0x0021, 0x0022, 0x0022, 0x0022, 0x0022, 0x0022, 0x0001, 0x0001, 0x0021, 0x0021, 0x0021, 0x0001,
  0x0021, 0x0001, 0x0001, 0x0001, 0x0000, 0x1106, 0x29EC, 0x0000, 0x0000, 0x0000, 0x0000, 0x0000,
  0x0000, 0x0000, 0x0000, 0x0000, 0x0000, 0x0000, 0x0000, 0x0000, 0x0000, 0x0000, 0x0000, 0x0000,
  0x0000, 0x0000, 0x0000, 0x0000, 0x0001, 0x0001, 0x0021, 0x0021, 0x0021, 0x0000, 0x0022, 0x114A,
  0x0065, 0x0043, 0x0000, 0x0022, 0x0041, 0x0063, 0x0024, 0x0085, 0x11A9, 0x0001, 0x0063, 0x0043,
  0x0001, 0x08E7, 0x094A, 0x00C7, 0x118B, 0x0066, 0x0108, 0x00C7, 0x00C7, 0x00C7, 0x1A90, 0x657C,
  0x012B, 0x0109, 0x3312, 0x09AD, 0x122F, 0x0230, 0x02B4, 0x03DB, 0x03BB, 0xCFFF, 0xD7FF, 0xA75F,
  0xFFFF, 0xE7BF, 0x8E7E, 0x6DFE, 0x559C, 0x65DC, 0x553B, 0x5D39, 0x5D5A, 0x553A, 0x5CF9, 0x3458,
  0x34FC, 0x4D3C, 0x23D8, 0x4C37, 0x5436, 0x4C14, 0x4392, 0x3374, 0x1335, 0xDFDF, 0xD77F, 0xA63C,
  0xB6BE, 0xBEFF, 0xB6DE, 0xA67C, 0x95FC, 0xBEDF, 0xD75F, 0xAE5D, 0x0A30, 0x0A51, 0x00AD, 0x006C,
  0x5438, 0x7DBC, 0x855A, 0x5C17, 0x01F2, 0x6437, 0xAE7E, 0xBF3F, 0x1210, 0x0007, 0x006A, 0x2AD2,
  0xBEDF, 0x5373, 0x4B53, 0x7CF9, 0xB67F, 0x84FA, 0x4B54, 0x19EF, 0x014C, 0x0048, 0x0089, 0x00EB,
  0x00EB, 0x00CA, 0x00CB, 0x2251, 0x098E, 0x0069, 0x0068, 0x0088, 0x00C8, 0x0087, 0x00C9, 0x2291,
  0x3333, 0x19EE, 0x116C, 0x116C, 0x634F, 0x73F0, 0x11CD, 0x0A11, 0x01D0, 0x016F, 0x01AF, 0x09F0,
  0x09F0, 0x09F0, 0x016F, 0x9559, 0xFFFF, 0xE79F, 0xEFBF, 0xEFBF, 0xEFBF, 0xEFBF, 0xEFBF, 0xEFBF,
  0xEFBF, 0xFFFF, 0x53B5, 0x016F, 0x1A71, 0x7433, 0x7413, 0x2AB1, 0x018F, 0x2AB2, 0xE79F, 0xEFDF,
  0xEFBF, 0xEFBF, 0xEFBF, 0xEFBF, 0xEFBF, 0xF7FF, 0xC6BD, 0x09CF, 0x11F0, 0xC69C, 0xFFFF, 0xE79F,
  0xEFBF, 0xEFBF, 0xEFBF, 0xEFBF, 0xF7DF, 0xE79F, 0xEFBF, 0xEFBF, 0xEFBF, 0xEFBF, 0xEF9F, 0xFFFF,
  0x6C76, 0x016F, 0x1210, 0x018F, 0x4354, 0xF7DF, 0xEFBF, 0xEFBF, 0xEFBF, 0xEFBF, 0xEFBF, 0xEF9F,
  0xFFFF, 0xA5DA, 0x018F, 0x0A10, 0x018F, 0x4374, 0xFFFF, 0xDF3E, 0x7497, 0x1210, 0x016F, 0x01F1,
  0x1211, 0x11CE, 0x1108, 0x1147, 0x1148, 0x1989, 0x00C7, 0x00E8, 0x0949, 0x0129, 0x0108, 0x00E8,
  0x00E8, 0x1968, 0x1127, 0x00A7, 0x00E8, 0x0949, 0x00C8, 0x00E8, 0x0908, 0x320C, 0x19ED, 0x014B,
  0x014B, 0x122F, 0x3334, 0x2292, 0x1A92, 0x01CF, 0x0210, 0x0230, 0x2334, 0x6D3B, 0x3C59, 0x33B7,
  0x41A5, 0x7B4A, 0x5A69, 0x2903, 0x18A2, 0x0044, 0x014B, 0x5D1A, 0x4E1F, 0x031A, 0x02D6, 0x02D5,
  0x0295, 0x01F1, 0x0A10, 0x00EB, 0x018D, 0x010B, 0x012A, 0x010B, 0x010B, 0x018B, 0x0969, 0x2312,
  0x2B35, 0x1AB3, 0x2459, 0x563F, 0x4DBE, 0x0274, 0x016D, 0x00E8, 0x0086, 0x0085, 0x0044, 0x0063,
  0x0063, 0x0063, 0x0043, 0x0043, 0x0043, 0x0043, 0x0042, 0x0042, 0x0042, 0x0022, 0x0022, 0x0022,
  0x0022, 0x0022, 0x0021, 0x0021, 0x0021, 0x0021, 0x0021, 0x0021, 0x0001, 0x0021, 0x0001, 0x0001,
  0x0000, 0x29CA, 0x5374, 0x0000, 0x0000, 0x0000, 0x0000, 0x0000, 0x0000, 0x0000, 0x0000, 0x0000,
  0x0000, 0x0000, 0x0000, 0x0000, 0x0000, 0x0000, 0x0000, 0x0000, 0x0000, 0x0000, 0x0000, 0x0000,
  0x0001, 0x0001, 0x0001, 0x0000, 0x0000, 0x0000, 0x118A, 0x08E7, 0x0002, 0x0000, 0x0022, 0x0022,
  0x0021, 0x0084, 0x0002, 0x19AB, 0x1106, 0x0002, 0x0064, 0x0043, 0x0000, 0x08E6, 0x32F1, 0x0087,
  0x0085, 0x0063, 0x09AB, 0x00E7, 0x00A6, 0x094A, 0x00E8, 0x0129, 0x0108, 0x1A6F, 0x1A4F, 0x014A,
  0x12B2, 0x01F0, 0x0B98, 0x03BB, 0xA79F, 0xFFFF, 0xAF3F, 0xFFFF, 0xF7DF, 0x761D, 0x7E1C, 0x75FE,
  0x5DBC, 0x659A, 0x7DDB, 0x8DFC, 0x7DFC, 0x3C98, 0x54D7, 0x655A, 0x659D, 0x349C, 0x0338, 0x0294,
  0x655B, 0x4436, 0x5476, 0xAE9D, 0xD77F, 0xE7BF, 0xBEFE, 0xC75F, 0xBEFF, 0xB6DE, 0xC75F, 0xB71F,
  0x85DC, 0x95DC, 0xC6FE, 0x22B2, 0x1A71, 0x857A, 0x3B55, 0x1A52, 0x1210, 0x85BD, 0x3B35, 0x2B14,
  0x8DBC, 0xF7FF, 0xA63D, 0x4B94, 0x0049, 0x226F, 0x5C37, 0x751A, 0x74B9, 0x7498, 0x5394, 0x224F,
  0x0068, 0x0007, 0x0007, 0x008A, 0x00EB, 0x010C, 0x010B, 0x00EA, 0x00EA, 0x00A9, 0x118D, 0x32D2,
  0x010B, 0x00EA, 0x00EA, 0x00C9, 0x00A8, 0x0887, 0x1A0F, 0x22D2, 0x11CD, 0x112B, 0x194C, 0x19EE,
  0x32B0, 0x1211, 0x01F0, 0x016F, 0x1A10, 0x8D18, 0x8D39, 0x018F, 0x09F0, 0x09F0, 0x01AF, 0x2AB2,
  0xEF9F, 0xEFBF, 0xEFBF, 0xEFBF, 0xEFBF, 0xEFBF, 0xEFBF, 0xEFBF, 0xEFBF, 0xF7FF, 0xC69C, 0x09CF,
  0x01D0, 0x4332, 0x6C13, 0x5393, 0x09F0, 0x016F, 0x8D59, 0xFFFF, 0xE79F, 0xEFBF, 0xEFBF, 0xEFBF,
  0xEFBF, 0xEFBF, 0xFFFF, 0x5C15, 0x014E, 0x1A51, 0xD71D, 0xF7FF, 0xE79F, 0xEFBF, 0xEFBF, 0xEFBF,
  0xEFBF, 0xEFBF, 0xEFBF, 0xEFBF, 0xEFBF, 0xEFBF, 0xEF9F, 0xFFFF, 0x9DBA, 0x018F, 0x09F0, 0x09F0,
  0x01AF, 0xAE1B, 0xFFFF, 0xEFBF, 0xEFBF, 0xEFBF, 0xEFBF, 0xEFBF, 0xEFBF, 0xEFBF, 0x32F3, 0x018F,
  0x01CF, 0x2AD2, 0x7CD7, 0x1A30, 0x016E, 0x01F1, 0x0A11, 0x11EF, 0x222E, 0x2A0C, 0x29EB, 0x3A6C,
  0x0906, 0x0085, 0x00C6, 0x00C7, 0x0908, 0x29AA, 0x0085, 0x0086, 0x08A6, 0x0065, 0x00C6, 0x00E7,
  0x0108, 0x0949, 0x0108, 0x0107, 0x328D, 0x0002, 0x19EE, 0x016C, 0x09AD, 0x01AD, 0x5417, 0x4374,
  0x1A2F, 0x4394, 0x1231, 0x0A92, 0x0A72, 0x2BB8, 0x5D1D, 0x52CC, 0x72E7, 0x7B6D, 0x2944, 0x18C3,
  0x0820, 0x0044, 0x0210, 0xAFFF, 0xFFFF, 0x1C5D, 0x02B8, 0x1359, 0x75FE, 0x3C5A, 0x23B7, 0x01AE,
  0x010C, 0x012C, 0x014B, 0x016D, 0x01AD, 0x016A, 0x0025, 0x00C9, 0x1271, 0x1AD4, 0x2D1E, 0xFFFF,
  0xFFFF, 0x03DA, 0x014E, 0x012B, 0x00A7, 0x0064, 0x0044, 0x0063, 0x0064, 0x0063, 0x0063, 0x0063,
  0x0043, 0x0043, 0x0042, 0x0042, 0x0042, 0x0042, 0x0021, 0x0022, 0x0022, 0x0022, 0x0022, 0x0021,
  0x0021, 0x0001, 0x0021, 0x0021, 0x0001, 0x0001, 0x0001, 0x0000, 0x0000, 0x0000, 0x0000, 0x0000,
  0x0000, 0x0000, 0x0000, 0x0000, 0x0000, 0x0000, 0x0000, 0x0000, 0x0000, 0x0000, 0x0000, 0x0000,
  0x0000, 0x0000, 0x0000, 0x0022, 0x0041, 0x0000, 0x0000, 0x0000, 0x0000, 0x0000, 0x0001, 0x0001,
  0x0000, 0x0907, 0x0948, 0x0001, 0x0001, 0x0042, 0x0042, 0x0002, 0x0063, 0x0064, 0x0064, 0x11AB,
  0x0003, 0x0043, 0x0064, 0x0043, 0x0023, 0x0969, 0x2AD1, 0x0002, 0x00A6, 0x00A5, 0x014A, 0x00E8,
  0x00E7, 0x09AC, 0x00E8, 0x0129, 0x09AC, 0x2B13, 0x010A, 0x1A2E, 0x0210, 0x0254, 0x03FC, 0x76FF,
  0xF7FF, 0x9F3F, 0xDF9F, 0xFFFF, 0x967D, 0x7E3C, 0x75DB, 0x7DFC, 0x6D7B, 0x551B, 0x2479, 0x44FA,
  0x6D9A, 0x5CF8, 0x6517, 0x5519, 0x03F9, 0x0BFA, 0x0358, 0x0B15, 0x6D59, 0x759A, 0xB6DE, 0xEFDF,
  0xDF9F, 0xC73F, 0xCF7E, 0xC6FE, 0xCF3F, 0xF7FF, 0x64B7, 0x11F0, 0x5C37, 0xAE9E, 0x014C, 0x0008,
  0x855A, 0xF7FF, 0x74B8, 0x3B53, 0x012B, 0x961D, 0x6D3C, 0x7D9C, 0xBEDF, 0x7519, 0x5C16, 0x53D4,
  0x7CD9, 0x9DFE, 0x4B94, 0x2A70, 0x092B, 0x0007, 0x0007, 0x0048, 0x00CA, 0x010C, 0x012C, 0x010B,
  0x010B, 0x010B, 0x00EA, 0x00EA, 0x00A9, 0x00A9, 0x118C, 0x00EA, 0x014B, 0x11AD, 0x094B, 0x08C9,
  0x0867, 0x096B, 0x2AD2, 0x11EE, 0x19AB, 0x198C, 0x11CF, 0x1211, 0x01F1, 0x016F, 0x1A10, 0x7CB7,
  0xDF3E, 0xFFFF, 0xF7DF, 0x32D2, 0x01AF, 0x1210, 0x0A10, 0x016F, 0x8D59, 0xFFFF, 0xE79F, 0xEFBF,
  0xEFBF, 0xEFBF, 0xEFBF, 0xEFBF, 0xEFBF, 0xEFBF, 0xFFFF, 0x5BD5, 0x016F, 0x1A51, 0x63F3, 0x7433,
  0x2A91, 0x018F, 0x2A92, 0xE79F, 0xEFDF, 0xEFBF, 0xEFBF, 0xEFBF, 0xEFBF, 0xEFBF, 0xF7FF, 0xC6BD,
  0x0A10, 0x018F, 0x2AB2, 0xE77E, 0xF7DF, 0xEFBF, 0xEFBF, 0xEFBF, 0xEFBF, 0xEFBF, 0xEFBF, 0xEFBF,
  0xEFBF, 0xEFBF, 0xEFBF, 0xF7FF, 0xCEDD, 0x09F0, 0x09D0, 0x09F0, 0x018F, 0x3B33, 0xF7DF, 0xEFBF,
  0xEFBF, 0xEFBF, 0xEFBF, 0xEFBF, 0xE79F, 0xFFFF, 0xB65B, 0x01AF, 0x09F0, 0x09D0, 0x016F, 0x01D0,
  0x0A31, 0x4353, 0x4C75, 0x12F3, 0x09CD, 0x220C, 0x19AA, 0x0085, 0x0064, 0x0064, 0x0065, 0x1989,
  0x94B3, 0x11AA, 0x00A6, 0x00E7, 0x00C6, 0x00C6, 0x00C7, 0x0929, 0x0909, 0x0949, 0x0129, 0x0086,
  0x42EF, 0x3AAE, 0x11CD, 0x09CD, 0x09ED, 0x11CD, 0x32D1, 0x32B0, 0x094A, 0x5393, 0x12B3, 0x0A93,
  0x0273, 0x0B38, 0x5BD3, 0x6266, 0x8C0E, 0x4A28, 0x20E3, 0x0841, 0x0000, 0x0064, 0x0087, 0x5D9D,
  0xDFFF, 0xC7FF, 0x24BC, 0x1C3A, 0x5DDE, 0x44DB, 0x0AF4, 0x3C38, 0x2B96, 0x1AF4, 0x1AB1, 0x122F,
  0x1A4F, 0x1A2F, 0x120E, 0x11CD, 0x120E, 0x01CE, 0x02B6, 0x8FDF, 0xEFFF, 0x0336, 0x00CB, 0x010B,
  0x00A7, 0x0084, 0x0064, 0x0064, 0x0064, 0x0064, 0x0001, 0x0023, 0x0063, 0x0043, 0x0043, 0x0043,
  0x0042, 0x0042, 0x0022, 0x0021, 0x0022, 0x0021, 0x0021, 0x0021, 0x0021, 0x0021, 0x0001, 0x0021,
  0x0001, 0x0001, 0x0021, 0x0001, 0x0001, 0x0000, 0x0000, 0x0000, 0x0000, 0x0000, 0x0000, 0x0000,
  0x0000, 0x0000, 0x0000, 0x0000, 0x0000, 0x0000, 0x0000, 0x0000, 0x0000, 0x0000, 0x10C3, 0x1105,
  0x0041, 0x0000, 0x0000, 0x0000, 0x0000, 0x0000, 0x0002, 0x00A6, 0x016C, 0x0129, 0x0000, 0x0001,
  0x0022, 0x0042, 0x0022, 0x0042, 0x0084, 0x0001, 0x00C5, 0x0927, 0x0022, 0x0063, 0x0023, 0x00A5,
  0x0108, 0x0086, 0x0949, 0x0064, 0x00A6, 0x00E6, 0x00E7, 0x0929, 0x098B, 0x018C, 0x094A, 0x012A,
  0x2B32, 0x01CE, 0x09EF, 0x0A51, 0x0252, 0x0298, 0x6E9F, 0xFFFF, 0x8F1F, 0x8EBE, 0xE7DF, 0x9E9D,
  0x759B, 0xBEDD, 0xC6DD, 0x6DDD, 0x24DD, 0x041B, 0x4D5A, 0x863C, 0x5D5A, 0x2439, 0x13B7, 0x0378,
  0x1C3A, 0x1BD8, 0x0317, 0x01D2, 0x4458, 0x33F6, 0x8DFC, 0xD79F, 0xD77F, 0xD7BF, 0xE7FF, 0xC6DE,
  0xCF1F, 0xB69D, 0x002A, 0x0001, 0x8539, 0x53F4, 0x0000, 0x8D9A, 0xAE7E, 0x2271, 0x1A30, 0xB6DD,
  0xD7BF, 0xC7DF, 0xB7DF, 0xAF5F, 0x755C, 0x6459, 0x5C57, 0x3B54, 0x11AF, 0x0089, 0x0048, 0x0049,
  0x00CA, 0x010B, 0x012C, 0x012C, 0x092C, 0x092C, 0x010B, 0x010B, 0x010B, 0x00EA, 0x00C9, 0x092B,
  0x0026, 0x3AB2, 0x19CE, 0x098C, 0x220E, 0x118C, 0x094A, 0x092A, 0x2A4E, 0x3B11, 0x19CD, 0x222D,
  0x4B52, 0x1231, 0x01F1, 0x016F, 0x1210, 0x7497, 0xDF3E, 0xFFFF, 0xEFDF, 0xE79F, 0xFFFF, 0xA5BA,
  0x016F, 0x0A10, 0x1210, 0x01AF, 0x2292, 0xE79F, 0xEFBF, 0xEFBF, 0xEFBF, 0xEFBF, 0xEFBF, 0xEFBF,
  0xEFBF, 0xEFBF, 0xF7FF, 0xC6BD, 0x09D0, 0x01D0, 0x4352, 0x8CD5, 0x63D3, 0x0A10, 0x016F, 0x8D39,
  0xFFFF, 0xE79F, 0xEFBF, 0xEFBF, 0xEFBF, 0xEFBF, 0xEFBF, 0xFFFF, 0x5C16, 0x018F, 0x018F, 0x4354,
  0xEFBF, 0xEFBF, 0xEFBF, 0xEFBF, 0xEFBF, 0xEFBF, 0xEFBF, 0xEFBF, 0xEFBF, 0xEFBF, 0xEFBF, 0xEFBF,
  0xEFBF, 0x2AB2, 0x01AF, 0x1A51, 0x0A10, 0x018F, 0xADFB, 0xFFFF, 0xEF9F, 0xEFBF, 0xE79F, 0xEFDF,
  0xFFFF, 0xE77E, 0x84D8, 0x09D0, 0x09F0, 0x09F0, 0x1210, 0x1230, 0x2C15, 0xAD96, 0xB5B7, 0x2417,
  0x12B1, 0x1A4E, 0x118B, 0x11AB, 0x09AA, 0x09AB, 0x09AD, 0x3B10, 0xADB8, 0x1A4E, 0x1A2E, 0x11CC,
  0x09AC, 0x1A2E, 0x1A2E, 0x11ED, 0x1A2E, 0x124E, 0x122D, 0x11CC, 0x19CB, 0xB65D, 0x4353, 0x2A91,
  0x09CD, 0x010A, 0x014B, 0x11AC, 0x00E8, 0x016B, 0x0A31, 0x2315, 0x1B37, 0x4C16, 0x62C9, 0x7B8C,
  0x6B2C, 0x3185, 0x18C3, 0x0000, 0x0000, 0x0084, 0x0001, 0x1A50, 0x875F, 0xB7FF, 0xA7DF, 0x0235,
  0x035A, 0x0B78, 0x0293, 0x12F4, 0x4439, 0x1272, 0x09EF, 0x01AD, 0x010A, 0x00E9, 0x00E8, 0x0025,
  0x00A8, 0x012B, 0x010E, 0x0B99, 0x359F, 0x0A50, 0x094B, 0x0087, 0x00A6, 0x00A5, 0x0084, 0x0064,
  0x0063, 0x0044, 0x118B, 0x08E7, 0x0002, 0x0043, 0x0043, 0x0043, 0x0001, 0x0862, 0x08A5, 0x0021,
  0x0022, 0x0021, 0x0021, 0x0021, 0x0021, 0x0021, 0x0021, 0x0021, 0x0001, 0x0001, 0x0001, 0x0001,
  0x0021, 0x0000, 0x0000, 0x0000, 0x0000, 0x0000, 0x0000, 0x0000, 0x0021, 0x0000, 0x0000, 0x0000,
  0x0000, 0x0000, 0x0000, 0x0000, 0x0000, 0x0000, 0x0000, 0x0000, 0x0000, 0x0000, 0x0000, 0x0000,
  0x0000, 0x0000, 0x0003, 0xC7FF, 0x661F, 0x0002, 0x0001, 0x0022, 0x0042, 0x0042, 0x0022, 0x0083,
  0x0063, 0x0001, 0x1989, 0x0083, 0x0022, 0x0043, 0x0085, 0x00E7, 0x00A5, 0x0085, 0x11CC, 0x0065,
  0x00A5, 0x00E7, 0x0086, 0x094A, 0x1250, 0x018D, 0x014B, 0x2291, 0x128F, 0x01CD, 0x0AF3, 0x0272,
  0x02B8, 0x2D1C, 0xFFFF, 0xAF9F, 0x6E9F, 0xC77F, 0xBF1E, 0x863C, 0xD71E, 0xFFFF, 0x8E7D, 0x0CBC,
  0x049D, 0x1CBB, 0x6D9B, 0x653A, 0x2C7A, 0x245C, 0x02D8, 0x03D7, 0x861C, 0x0215, 0x0194, 0x2BB6,
  0xE7FF, 0xAEDE, 0xCFBF, 0xF7FF, 0xEFFF, 0xC75F, 0x5CB7, 0x018E, 0x7CFA, 0x010E, 0x004B, 0x4BD5,
  0x4B74, 0x0006, 0x8D9C, 0xAE5E, 0x6457, 0x5C16, 0xE7FF, 0xF7FF, 0x6D38, 0x763E, 0xFFFF, 0xC7FF,
  0x2BD9, 0x3334, 0x1210, 0x012F, 0x00CC, 0x014D, 0x016D, 0x098E, 0x09AE, 0x014C, 0x012B, 0x012B,
  0x010B, 0x010B, 0x00EB, 0x010B, 0x010B, 0x00C9, 0x0088, 0x0047, 0x5B93, 0x851A, 0x19AC, 0x0909,
  0x08E9, 0x08E9, 0x11CC, 0x5393, 0x6456, 0x3AF1, 0x2A90, 0x1210, 0x01F1, 0x016F, 0x11F0, 0x7456,
  0xDF1D, 0xFFFF, 0xF7DF, 0xE79F, 0xEFBF, 0xEFBF, 0xEFBF, 0xEFDF, 0x32F3, 0x018F, 0x1210, 0x0A10,
  0x016F, 0x8D39, 0xFFFF, 0xE79F, 0xEFBF, 0xEFBF, 0xEFBF, 0xEFBF, 0xEFBF, 0xEFBF, 0xE79F, 0xFFFF,
  0x5BF5, 0x016F, 0x1A51, 0x5BD3, 0x6C14, 0x2A91, 0x018F, 0x2291, 0xE77E, 0xEFDF, 0xEFBF, 0xEFBF,
  0xEFBF, 0xEFBF, 0xEFBF, 0xF7FF, 0xCEDD, 0x09F0, 0x09F0, 0x016F, 0x5BD5, 0xF7FF, 0xEFBF, 0xEFBF,
  0xEFBF, 0xEFBF, 0xEFBF, 0xEFBF, 0xEFBF, 0xEFBF, 0xEFBF, 0xEFBF, 0xFFFF, 0x53D5, 0x016F, 0x2AB1,
  0x2291, 0x018F, 0x3B33, 0xF7DF, 0xE79F, 0xEFBF, 0xFFFF, 0xEF7E, 0x8D18, 0x2251, 0x016E, 0x09F1,
  0x09F0, 0x2A6E, 0x21EC, 0x1149, 0x0A70, 0x4D37, 0x5D98, 0x0AF2, 0x01AD, 0x19AB, 0x1108, 0x0907,
  0x00C6, 0x0086, 0x00A6, 0x0045, 0x00A6, 0x0064, 0x0086, 0x00A6, 0x0086, 0x08E7, 0x0907, 0x00E7,
  0x00C7, 0x00E7, 0x0908, 0x00E6, 0x0045, 0x326E, 0x19ED, 0x00C9, 0x096A, 0x09CD, 0x016B, 0x11AC,
  0x096B, 0x09AD, 0x0A51, 0x0A52, 0x5479, 0x6B8E, 0x734B, 0x8C10, 0x39A6, 0x2124, 0x1081, 0x0000,
  0x0022, 0x0063, 0x0001, 0x3BF6, 0x7F3F, 0x5DDF, 0xB7DF, 0x6DBC, 0x0276, 0x243A, 0x0252, 0x018F,
  0x1AB3, 0x0A71, 0x01AE, 0x098D, 0x09AD, 0x012A, 0x0129, 0x09AC, 0x1A0E, 0x00E9, 0x014C, 0x1293,
  0x1B97, 0x09EF, 0x094A, 0x11AB, 0x0045, 0x00A6, 0x0085, 0x0063, 0x0064, 0x0063, 0x114A, 0x0928,
  0x0022, 0x0043, 0x0043, 0x0043, 0x0042, 0x0042, 0x0023, 0x0022, 0x0022, 0x0021, 0x0021, 0x0021,
  0x0021, 0x0021, 0x0021, 0x0021, 0x0021, 0x0001, 0x0001, 0x0001, 0x0001, 0x0001, 0x0001, 0x0000,
  0x0000, 0x0000, 0x0000, 0x0000, 0x0000, 0x0000, 0x0000, 0x0000, 0x0000, 0x0000, 0x0000, 0x0000,
  0x0000, 0x0000, 0x0000, 0x0000, 0x0000, 0x0000, 0x0000, 0x0000, 0x0000, 0x0000, 0x0045, 0x1B15,
  0x0A0F, 0x0085, 0x0022, 0x0022, 0x0022, 0x0021, 0x0022, 0x0084, 0x0001, 0x0085, 0x118A, 0x0002,
  0x0064, 0x08A6, 0x00A5, 0x00A5, 0x0085, 0x00C6, 0x11ED, 0x0085, 0x00A5, 0x00C7, 0x00C6, 0x00E7,
  0x3C16, 0x016C, 0x09AD, 0x2AF1, 0x016B, 0x12D3, 0x02B2, 0x02D7, 0x03FC, 0xDFFF, 0xCFFF, 0x7EDE,
  0xB77F, 0x9EDF, 0x861D, 0xE7BF, 0xFFFF, 0xDF9F, 0x147D, 0x14FD, 0x03B7, 0x0BD7, 0x6DFC, 0x65BD,
  0x3C9C, 0x0B99, 0x02D6, 0xC7BF, 0x4497, 0x01B2, 0x33B8, 0xF7FF, 0xFFFF, 0xEFFF, 0xFFFF, 0xBF1F,
  0x22F3, 0x018F, 0x0007, 0x3BB5, 0x0231, 0x008F, 0x2AD3, 0x3B54, 0x3B33, 0xAE7E, 0xC75F, 0x8DBD,
  0x6476, 0x4BB4, 0x4B95, 0x1A92, 0x0253, 0x3C5A, 0x865E, 0x1BD7, 0x00AC, 0x00AB, 0x016E, 0x1A30,
  0x11AE, 0x096D, 0x096D, 0x094D, 0x00EB, 0x00EA, 0x010A, 0x010A, 0x00EA, 0x010A, 0x00E9, 0x00E9,
  0x00C9, 0x0088, 0x118C, 0x19EC, 0x6415, 0x116B, 0x08E8, 0x0909, 0x10C8, 0x118B, 0x4B32, 0x5BF5,
  0x32F2, 0x1231, 0x01F1, 0x016F, 0x11F0, 0x6C56, 0xD71D, 0xFFFF, 0xF7DF, 0xE79F, 0xEFBF, 0xEFBF,
  0xEFBF, 0xEFBF, 0xEF9F, 0xFFFF, 0xA5DA, 0x016F, 0x0A10, 0x1210, 0x01AF, 0x2291, 0xE77F, 0xEFDF,
  0xEFBF, 0xEFBF, 0xEFBF, 0xEFBF, 0xEFBF, 0xEFBF, 0xEFBF, 0xF7FF, 0xCEDD, 0x09F0, 0x01D0, 0x32F2,
  0x6BF4, 0x4B53, 0x0A10, 0x016F, 0x8518, 0xFFFF, 0xE79F, 0xEFBF, 0xEFBF, 0xEFBF, 0xEFBF, 0xE7BF,
  0xFFFF, 0x6436, 0x016F, 0x1210, 0x016E, 0x7497, 0xFFFF, 0xEFBF, 0xEFBF, 0xEFBF, 0xEFBF, 0xEFBF,
  0xEFBF, 0xEFBF, 0xEFBF, 0xE79F, 0xFFFF, 0x8D18, 0x016F, 0x1A51, 0x3B12, 0x09F0, 0x018F, 0xA5DA,
  0xFFFF, 0xE79F, 0x9538, 0x2271, 0x016E, 0x01D0, 0x0A11, 0x11CE, 0x1149, 0x1148, 0x0907, 0x08A5,
  0x098B, 0x0291, 0x020F, 0x1313, 0x010B, 0x0045, 0x1948, 0x0927, 0x0929, 0x1A0D, 0x092A, 0x00E8,
  0x094A, 0x0087, 0x00C7, 0x0107, 0x00E7, 0x00C7, 0x0107, 0x0908, 0x0908, 0x0928, 0x0928, 0x00C6,
  0x0108, 0x0929, 0x098B, 0x0109, 0x0108, 0x014B, 0x018B, 0x016B, 0x1A2E, 0x014B, 0x012E, 0x0210,
  0x7411, 0x5227, 0x9CD2, 0x5AAA, 0x2945, 0x2124, 0x0821, 0x0000, 0x0042, 0x0042, 0x0063, 0x3C5A,
  0x45BF, 0x3CDD, 0x5D7F, 0xDFFF, 0x4D5C, 0x143C, 0x0B57, 0x01F0, 0x01AE, 0x1291, 0x01AE, 0x018E,
  0x098D, 0x016C, 0x1270, 0x122F, 0x014B, 0x012A, 0x09EE, 0x016D, 0x1AB3, 0x22D2, 0x0045, 0x11AB,
  0x118C, 0x0025, 0x0064, 0x0083, 0x0064, 0x0063, 0x0023, 0x0043, 0x0063, 0x0043, 0x0043, 0x0043,
  0x0043, 0x0022, 0x0022, 0x0022, 0x0022, 0x0021, 0x0021, 0x0021, 0x0021, 0x0041, 0x0021, 0x0021,
  0x0021, 0x0021, 0x0021, 0x0001, 0x0001, 0x0001, 0x0001, 0x0000, 0x0000, 0x0000, 0x0000, 0x0000,
  0x0000, 0x0000, 0x0000, 0x0000, 0x0000, 0x0000, 0x0000, 0x0000, 0x0000, 0x0000, 0x0000, 0x0000,
  0x0000, 0x0000, 0x0000, 0x0000, 0x0000, 0x0001, 0x0084, 0x0004, 0x0001, 0x0042, 0x0062, 0x0042,
  0x0043, 0x0001, 0x0042, 0x0063, 0x0000, 0x00E7, 0x00A6, 0x00A5, 0x0086, 0x0023, 0x0083, 0x00A5,
  0x00A5, 0x0085, 0x11CC, 0x00A6, 0x00A5, 0x00E7, 0x00E7, 0x0129, 0x1A70, 0x012B, 0x3312, 0x014B,
  0x09EE, 0x12B3, 0x02F6, 0x039A, 0xBFFF, 0xE7FF, 0x7EDF, 0x9F5E, 0xAF1E, 0xA67D, 0xD73E, 0x8E7D,
  0x8E9C, 0x5D7C, 0x1C7C, 0x1C3A, 0x553B, 0xBF5F, 0xC79F, 0x6DBD, 0x0B77, 0x0254, 0x96BF, 0xFFFF,
  0x54B9, 0x85DB, 0xFFFF, 0xFFFF, 0xFFFF, 0xDFFF, 0xB6FF, 0x12F5, 0x010E, 0x00AB, 0x014D, 0x4BB6,
  0x01B0, 0x00EE, 0x010C, 0x2271, 0xFFFF, 0xC75F, 0x6436, 0x222F, 0x0089, 0x098D, 0x00AA, 0x01CE,
  0x5C39, 0x22B4, 0x0254, 0x2B57, 0x016E, 0x018E, 0x21F0, 0x00EB, 0x012B, 0x094C, 0x00EB, 0x00EB,
  0x00EA, 0x010A, 0x00C9, 0x00E9, 0x0109, 0x00E9, 0x00C8, 0x0088, 0x0067, 0x118C, 0x19CC, 0x4332,
  0x328F, 0x114A, 0x114A, 0x10E8, 0x21AB, 0x4B32, 0x3B13, 0x1231, 0x09F1, 0x016F, 0x11D0, 0x6C36,
  0xD6FD, 0xFFFF, 0xF7DF, 0xE79F, 0xEFBF, 0xEFBF, 0xEFBF, 0xEFBF, 0xEFBF, 0xEFBF, 0xEFBF, 0xEFBF,
  0xEFBF, 0x3B13, 0x018F, 0x1210, 0x09F0, 0x016F, 0x8518, 0xFFFF, 0xE79F, 0xEFBF, 0xEFBF, 0xEFBF,
  0xEFBF, 0xEFBF, 0xEFBF, 0xEF9F, 0xFFFF, 0x6416, 0x016F, 0x1231, 0x5BB3, 0x63D3, 0x2A91, 0x01AF,
  0x2271, 0xDF7E, 0xEFDF, 0xEFBF, 0xEFBF, 0xEFBF, 0xEFBF, 0xEFBF, 0xF7DF, 0xCEFD, 0x1210, 0x09D0,
  0x09F0, 0x016F, 0x8D39, 0xFFFF, 0xE79F, 0xEFBF, 0xEFBF, 0xEFBF, 0xEFBF, 0xEFBF, 0xEFBF, 0xEFBF,
  0xF7FF, 0xBE5C, 0x01AF, 0x09F0, 0x3B10, 0x1A50, 0x018F, 0x3B13, 0x9559, 0x2271, 0x016E, 0x01D0,
  0x0A11, 0x11CE, 0x1169, 0x1106, 0x1968, 0x1128, 0x1127, 0x00A5, 0x19AA, 0x196A, 0x08C8, 0x014B,
  0x1290, 0x00C7, 0x0023, 0x00A5, 0x00A6, 0x0908, 0x0969, 0x0969, 0x222E, 0x0108, 0x00C7, 0x0108,
  0x0108, 0x00E7, 0x0108, 0x0108, 0x0108, 0x0108, 0x0908, 0x0929, 0x0108, 0x198B, 0x3AD0, 0x014A,
  0x098B, 0x09AD, 0x120E, 0x018C, 0x014C, 0x4417, 0x6D5C, 0x3AAE, 0x41E5, 0x6B2B, 0x6B0C, 0x2965,
  0x2945, 0x18E3, 0x0000, 0x0000, 0x0041, 0x0000, 0x1125, 0x449C, 0x245C, 0x13FA, 0x347C, 0x867F,
  0xC7FF, 0x557C, 0x13F9, 0x0AD5, 0x01D0, 0x12B3, 0x1231, 0x01CF, 0x0A0F, 0x1272, 0x0A10, 0x016C,
  0x018C, 0x012A, 0x1A70, 0x00C8, 0x1A4F, 0x1270, 0x0109, 0x0046, 0x19CD, 0x1129, 0x0003, 0x0064,
  0x08C5, 0x0064, 0x0065, 0x0064, 0x0063, 0x0023, 0x0063, 0x08A5, 0x0043, 0x0042, 0x0022, 0x0022,
  0x0022, 0x0022, 0x0022, 0x0021, 0x0021, 0x0021, 0x0021, 0x0001, 0x0021, 0x0000, 0x0001, 0x0001,
  0x0001, 0x0001, 0x0001, 0x0000, 0x0000, 0x0000, 0x0000, 0x0000, 0x0000, 0x0000, 0x0000, 0x0000,
  0x0000, 0x0000, 0x0000, 0x0000, 0x0042, 0x0000, 0x0000, 0x0000, 0x0000, 0x0000, 0x0000, 0x0000,
  0x0000, 0x0001, 0x0063, 0x0001, 0x0022, 0x0022, 0x0001, 0x0043, 0x08A4, 0x0022, 0x0021, 0x0000,
  0x0064, 0x3B73, 0x0066, 0x0064, 0x0044, 0x0044, 0x0085, 0x00A6, 0x00A5, 0x0065, 0x11EC, 0x00C7,
  0x00C7, 0x0109, 0x0108, 0x09ED, 0x010B, 0x22D2, 0x1A91, 0x018D, 0x12B2, 0x02B4, 0x0319, 0x7F1F,
  0xFFFF, 0x8EFF, 0xB77F, 0x7E5D, 0xA69D, 0xFFFF, 0x9E7D, 0x049C, 0x047B, 0x145B, 0x249B, 0xAEDE,
  0xFFFF, 0xC75F, 0xDFFF, 0x2C39, 0x01B1, 0x0253, 0x961D, 0xEFFF, 0x4C58, 0x9E5D, 0xFFFF, 0xFFFF,
  0xB67D, 0x5417, 0x014E, 0x01D1, 0x018F, 0x014D, 0x22D1, 0x2AF3, 0x00EE, 0x2271, 0x9DFB, 0xAE3D,
  0x4393, 0x00AA, 0x0007, 0x09AD, 0x32F3, 0x3312, 0x09AC, 0x1A0F, 0x2AB3, 0x016E, 0x2230, 0x2252,
  0x32F4, 0x00CB, 0x016D, 0x096D, 0x00EB, 0x00EB, 0x00EB, 0x010B, 0x010B, 0x00CA, 0x116C, 0x010A,
  0x00E9, 0x0067, 0x0067, 0x0087, 0x19CC, 0x118B, 0x3AB0, 0x4B52, 0x198B, 0x1129, 0x1928, 0x19AB,
  0x2AB1, 0x1251, 0x09F1, 0x016F, 0x09CF, 0x6415, 0xD6FD, 0xFFFF, 0xF7FF, 0xE79F, 0xEFBF, 0xEFBF,
  0xEFBF, 0xEFBF, 0xEFBF, 0xEFBF, 0xEFBF, 0xEFBF, 0xE79F, 0xEFBF, 0xFFFF, 0xA5DA, 0x018F, 0x1210,
  0x1A31, 0x01B0, 0x1A71, 0xE77E, 0xEFDF, 0xEFBF, 0xEFBF, 0xEFBF, 0xEFBF, 0xEFBF, 0xEFBF, 0xEFBF,
  0xF7DF, 0xCEFD, 0x09F0, 0x01D0, 0x3AF2, 0x8495, 0x53B3, 0x0A10, 0x016F, 0x84F8, 0xFFFF, 0xE79F,
  0xEFBF, 0xEFBF, 0xEFBF, 0xEFBF, 0xE7BF, 0xFFFF, 0x6C56, 0x016F, 0x0A10, 0x09F0, 0x018F, 0xA5DA,
  0xFFFF, 0xE79F, 0xEFBF, 0xEFBF, 0xEFBF, 0xEFBF, 0xEFBF, 0xEFBF, 0xEFDF, 0xDF5E, 0x1A51, 0x01D0,
  0x3290, 0x32B0, 0x09F1, 0x01D0, 0x016F, 0x01D0, 0x0A11, 0x11EE, 0x1169, 0x1147, 0x1126, 0x10E6,
  0x1128, 0x1128, 0x08E7, 0x0907, 0x1969, 0x1107, 0x08C6, 0x31E9, 0x1169, 0x1A4D, 0x00C6, 0x0085,
  0x00E7, 0x0086, 0x0085, 0x00A5, 0x218A, 0x00C6, 0x0107, 0x092A, 0x0909, 0x00E8, 0x00E8, 0x0108,
  0x0908, 0x0908, 0x00E8, 0x00E8, 0x0929, 0x090A, 0x0109, 0x0129, 0x098B, 0x11EE, 0x0A0E, 0x120E,
  0x3316, 0x4CDD, 0xBF7F, 0x0800, 0x62CA, 0x8C4F, 0x1082, 0x0000, 0x1082, 0x0861, 0x0000, 0x0001,
  0x08A3, 0x0020, 0x19EC, 0x44DE, 0x2C3B, 0x345B, 0x1C1A, 0x4D3E, 0x86FF, 0xC7FF, 0x1438, 0x0214,
  0x0275, 0x0B17, 0x0AD6, 0x0274, 0x2377, 0x016D, 0x01AE, 0x01AD, 0x016C, 0x012B, 0x222E, 0x0004,
  0x120E, 0x09EE, 0x096B, 0x00E8, 0x00A7, 0x11AB, 0x08E9, 0x0065, 0x1107, 0x0043, 0x0064, 0x0064,
  0x0063, 0x0043, 0x0043, 0x0044, 0x0884, 0x0043, 0x0042, 0x0022, 0x0022, 0x0022, 0x0022, 0x0021,
  0x0001, 0x0842, 0x0021, 0x0000, 0x0000, 0x0863, 0x0862, 0x0000, 0x0001, 0x0001, 0x0001, 0x0001,
  0x0001, 0x0000, 0x0000, 0x0000, 0x0041, 0x0000, 0x0000, 0x0000, 0x0000, 0x0000, 0x0000, 0x0000,
  0x0883, 0x0000, 0x0000, 0x0000, 0x0000, 0x0000, 0x0000, 0x0000, 0x0000, 0x0863, 0x0041, 0x0001,
  0x0043, 0x0022, 0x0021, 0x0042, 0x0043, 0x0021, 0x0043, 0x08C8, 0x09EF, 0x228F, 0x0001, 0x0043,
  0x0043, 0x0023, 0x0085, 0x00A5, 0x00A5, 0x0065, 0x11AB, 0x00E8, 0x0108, 0x0109, 0x09CD, 0x09CD,
  0x118C, 0x3BB4, 0x018D, 0x1AD3, 0x0AB4, 0x0298, 0x3D7E, 0xFFFF, 0xB7DF, 0xAF9F, 0xA6FE, 0x963C,
  0xFFFF, 0x865D, 0x2D1D, 0x2D5E, 0x0C9C, 0x0358, 0xBF5E, 0xFFFF, 0x85FC, 0xBF1F, 0xBF3F, 0x0212,
  0x1BB7, 0x653B, 0xCF7E, 0xE7DF, 0xC71F, 0xDFFF, 0xF7FF, 0x7D3A, 0x014F, 0x00AD, 0x01D0, 0x0231,
  0x0190, 0x014D, 0x1A90, 0x0A10, 0x01B0, 0x4313, 0x2A70, 0x00AA, 0x006A, 0x008A, 0x32D2, 0x4BB5,
  0x1A2F, 0x014B, 0x4333, 0x19EF, 0x00CB, 0x11F0, 0x11EF, 0x012B, 0x012C, 0x11EE, 0x010B, 0x092C,
  0x012B, 0x010B, 0x010A, 0x00EA, 0x00EA, 0x00A9, 0x112B, 0x00E9, 0x00A8, 0x19AC, 0x00E9, 0x0067,
  0x11CB, 0x7497, 0x5372, 0x10C7, 0x18E7, 0x1928, 0x224F, 0x1A51, 0x09F1, 0x016F, 0x09AF, 0x63F5,
  0xCEDD, 0xFFFF, 0xF7FF, 0xE79F, 0xEFBF, 0xEFBF, 0xEFBF, 0xEFBF, 0xEFBF, 0xEFBF, 0xEFBF, 0xEFBF,
  0xE79F, 0xEFBF, 0xFFFF, 0xEF9F, 0x8D18, 0x2A71, 0x01D0, 0x09F0, 0x3AD0, 0x1211, 0x016F, 0x84F8,
  0xFFFF, 0xE79F, 0xEFBF, 0xEFBF, 0xEFBF, 0xEFBF, 0xEFBF, 0xEFBF, 0xE79F, 0xFFFF, 0x6436, 0x016F,
  0x1231, 0x63D3, 0x6C13, 0x2AB1, 0x01AF, 0x1A71, 0xDF5E, 0xEFDF, 0xEFBF, 0xEFBF, 0xEFBF, 0xEFBF,
  0xEFBF, 0xF7DF, 0xD6FD, 0x1210, 0x09D0, 0x09F0, 0x01D0, 0x09D0, 0xBE7C, 0xFFFF, 0xE79F, 0xEFBF,
  0xEFBF, 0xEFBF, 0xEFBF, 0xEFBF, 0xE79F, 0xF7FF, 0x4B74, 0x018F, 0x1A0F, 0x29CA, 0x11ED, 0x09F0,
  0x0A10, 0x120F, 0x118A, 0x29A8, 0x2188, 0x1968, 0x0907, 0x29C9, 0x00C6, 0x1989, 0x2189, 0x0928,
  0x0906, 0x0064, 0x00A4, 0x21A8, 0x10E5, 0x00A6, 0x226F, 0x00C7, 0x0086, 0x00E6, 0x00C5, 0x0023,
  0x39C8, 0x08E5, 0x00A5, 0x00C7, 0x00E8, 0x00E8, 0x00E7, 0x00E8, 0x0108, 0x0108, 0x0908, 0x0929,
  0x0949, 0x00E9, 0x094A, 0x014A, 0x010A, 0x11ED, 0x01AD, 0x018D, 0x01D1, 0x1293, 0x31C7, 0x3101,
  0xAD13, 0x5269, 0x0820, 0x0020, 0x0000, 0x0000, 0x0000, 0x0883, 0x29C8, 0x10C2, 0x2AB2, 0x13BB,
  0x23B9, 0x447B, 0x34BD, 0x143B, 0x5D7F, 0xA7BF, 0x977F, 0x02D7, 0x0276, 0x1C1A, 0xA7FF, 0x0BB9,
  0x01D0, 0x11EF, 0x1210, 0x01CE, 0x00EA, 0x11ED, 0x1A0E, 0x0004, 0x11ED, 0x09EE, 0x118B, 0x0087,
  0x0908, 0x0065, 0x11AB, 0x0908, 0x0023, 0x0084, 0x0064, 0x0064, 0x0064, 0x0063, 0x0063, 0x0043,
  0x0042, 0x0022, 0x0042, 0x0042, 0x0022, 0x0022, 0x0022, 0x0022, 0x0000, 0x21A8, 0x0042, 0x0000,
  0x0883, 0x0884, 0x0863, 0x0000, 0x0001, 0x0001, 0x0001, 0x0001, 0x0001, 0x0021, 0x0000, 0x0000,
  0x0000, 0x0000, 0x0000, 0x0000, 0x0000, 0x0000, 0x0000, 0x0000, 0x0000, 0x0000, 0x0000, 0x0000,
  0x0000, 0x0000, 0x0000, 0x0000, 0x0021, 0x0064, 0x0001, 0x0062, 0x0022, 0x0001, 0x0041, 0x0043,
  0x0022, 0x0023, 0x0065, 0x11CD, 0x75BC, 0x0045, 0x0001, 0x0001, 0x0083, 0x0063, 0x00A5, 0x00A6,
  0x00A5, 0x0064, 0x11CB, 0x0129, 0x0129, 0x014B, 0x120F, 0x010A, 0x22AF, 0x122F, 0x1292, 0x0AF4,
  0x02B7, 0x03DC, 0xD7FF, 0xE7FF, 0xC7DF, 0x971E, 0x75DC, 0xB6FE, 0x55BD, 0x253D, 0x257D, 0x1CFC,
  0x0398, 0xBF9F, 0xFFFF, 0x3C78, 0x963D, 0xFFFF, 0x85BA, 0x7558, 0xFFFF, 0xCF3F, 0xD79F, 0xEFFF,
  0xF7FF, 0xE7FF, 0x3375, 0x00CF, 0x0191, 0x016D, 0x1AD3, 0x1253, 0x016F, 0x1A51, 0x4376, 0x2273,
  0x32F3, 0x00CA, 0x0089, 0x00EB, 0x09EF, 0x53B5, 0x2A92, 0x2251, 0x010A, 0x5375, 0x2230, 0x00EB,
  0x1A30, 0x11CF, 0x010B, 0x010B, 0x00AA, 0x19AD, 0x00EA, 0x00CA, 0x012B, 0x010B, 0x00EA, 0x00E9,
  0x00EA, 0x00A9, 0x0088, 0x0067, 0x012A, 0x2A4F, 0x11AB, 0x3AAF, 0x63F5, 0x2A2D, 0x1108, 0x1929,
  0x118C, 0x1231, 0x0A11, 0x016F, 0x09AF, 0x5BD5, 0xCEDC, 0xFFFF, 0xF7FF, 0xE79F, 0xEFBF, 0xEFBF,
  0xEFBF, 0xEFBF, 0xEFBF, 0xEFBF, 0xEFBF, 0xEFBF, 0xE79F, 0xEFBF, 0xFFFF, 0xEF9F, 0x9538, 0x2271,
  0x016E, 0x01B0, 0x09F0, 0x3290, 0x7C11, 0x32B0, 0x01B0, 0x1A51, 0xDF5E, 0xEFDF, 0xEFBF, 0xEFBF,
  0xEFBF, 0xEFBF, 0xEFBF, 0xEFBF, 0xEFBF, 0xF7DF, 0xD6FD, 0x09F0, 0x01B0, 0x32D1, 0x7433, 0x63F3,
  0x0A10, 0x016F, 0x7CD8, 0xFFFF, 0xE79F, 0xEFBF, 0xEFBF, 0xEFBF, 0xEFBF, 0xE79F, 0xFFFF, 0x6C76,
  0x016F, 0x09F0, 0x09F0, 0x01AF, 0x1A31, 0xCEFD, 0xF7FF, 0xE79F, 0xEFBF, 0xEFBF, 0xEF9F, 0xEFBF,
  0xFFFF, 0xFFFF, 0x53D5, 0x018F, 0x120F, 0x1988, 0x29C8, 0x21CA, 0x1149, 0x1148, 0x1147, 0x21EB,
  0x2A6D, 0x19AA, 0x1127, 0x00A4, 0x0064, 0x08E5, 0x1988, 0x3209, 0x31A8, 0x2147, 0x2147, 0x0884,
  0x29C7, 0x0024, 0x0109, 0x228F, 0x00A7, 0x00A6, 0x08E6, 0x0084, 0x18E5, 0x08A5, 0x00A7, 0x00C7,
  0x00C7, 0x00C7, 0x0928, 0x0108, 0x0929, 0x0108, 0x0908, 0x08E8, 0x08E8, 0x00E9, 0x0929, 0x098B,
  0x092A, 0x096C, 0x018C, 0x014C, 0x014C, 0x5BB3, 0x20E1, 0x83CE, 0x9CB2, 0x18E3, 0x0020, 0x0841,
  0x0000, 0x0000, 0x0000, 0x0000, 0x0841, 0x18E5, 0x2B76, 0x0B38, 0x0AF6, 0x33FA, 0x2C1B, 0x4D1C,
  0xBFBF, 0x7E7F, 0xA7FF, 0x65DC, 0x02FA, 0x3D1D, 0xFFFF, 0x5E1D, 0x014E, 0x016C, 0x09AE, 0x122F,
  0x09AD, 0x1AF2, 0x096D, 0x0046, 0x11CD, 0x0A0F, 0x098C, 0x0065, 0x00A6, 0x094A, 0x0066, 0x19ED,
  0x0907, 0x0024, 0x0085, 0x0043, 0x0064, 0x0064, 0x0063, 0x0063, 0x0043, 0x0043, 0x0022, 0x0042,
  0x0001, 0x0001, 0x0022, 0x0021, 0x0000, 0x0001, 0x0001, 0x0001, 0x0021, 0x0000, 0x0000, 0x0021,
  0x0001, 0x0001, 0x0001, 0x0001, 0x0001, 0x0021, 0x0000, 0x0000, 0x0000, 0x0000, 0x0000, 0x0000,
  0x0000, 0x0000, 0x0000, 0x0000, 0x0000, 0x0000, 0x0000, 0x0000, 0x0000, 0x0000, 0x0000, 0x0000,
  0x0043, 0x0002, 0x0022, 0x0043, 0x0001, 0x0021, 0x0021, 0x00A5, 0x0065, 0x0087, 0x0001, 0x0084,
  0x226F, 0x0044, 0x00A5, 0x0085, 0x0064, 0x0064, 0x00C7, 0x0085, 0x00A5, 0x0064, 0x09CB, 0x016A,
  0x0109, 0x09CE, 0x01CE, 0x22B1, 0x098D, 0x1271, 0x1B77, 0x02F7, 0x0399, 0xA7BF, 0xDFFF, 0xBFBF,
  0xA71F, 0x7E1D, 0x8E3E, 0x559D, 0x2D7D, 0x2D5D, 0x24FC, 0x0C3A, 0xB73F, 0xFFFF, 0x13B8, 0x1BF8,
  0xD79F, 0xDFDF, 0xC75F, 0xDFDF, 0x7D5A, 0x64DA, 0xC73F, 0xF7FF, 0x9E3D, 0x0A51, 0x008D, 0x014F,
  0x018F, 0x016D, 0x22B3, 0x0A31, 0x014D, 0x014C, 0x1A50, 0x016E, 0x010A, 0x010A, 0x0088, 0x096C,
  0x4BB5, 0x4334, 0x11D0, 0x09AD, 0x3AD1, 0x010B, 0x118D, 0x3291, 0x010B, 0x00AA, 0x094C, 0x094C,
  0x00AA, 0x010A, 0x19AC, 0x00EA, 0x096C, 0x00EA, 0x00C9, 0x00A9, 0x00A9, 0x0088, 0x092A, 0x21ED,
  0x00A8, 0x00C9, 0x4B31, 0x5BB3, 0x2A2D, 0x116A, 0x116C, 0x11F0, 0x0A11, 0x018F, 0x01AF, 0x5BB5,
  0xC6BC, 0xFFFF, 0xF7FF, 0xE79F, 0xEFBF, 0xEFBF, 0xEFBF, 0xEFBF, 0xEFBF, 0xEFBF, 0xEFBF, 0xEFBF,
  0xEFBF, 0xEFBF, 0xFFFF, 0xEFBF, 0x9559, 0x2A91, 0x016E, 0x01B0, 0x0A11, 0x120F, 0x3AAF, 0x94F5,
  0x94F5, 0x6BD0, 0x1211, 0x016F, 0x7CD8, 0xFFFF, 0xE79F, 0xEFBF, 0xEFBF, 0xEFBF, 0xEFBF, 0xEFBF,
  0xEFBF, 0xE79F, 0xFFFF, 0x6C56, 0x016F, 0x1231, 0x7454, 0x8495, 0x2AB1, 0x01AF, 0x1A51, 0xDF5E,
  0xF7DF, 0xEFBF, 0xEFBF, 0xEFBF, 0xEFBF, 0xEFBF, 0xF7DF, 0xD71E, 0x1230, 0x01D0, 0x2AB2, 0x1231,
  0x018F, 0x2A92, 0xDF5E, 0xF7DF, 0xE79F, 0xEFBF, 0xFFFF, 0xF7DF, 0xA5BA, 0x32D2, 0x01AF, 0x0A11,
  0x11CD, 0x428B, 0x52ED, 0x0885, 0x0906, 0x08E6, 0x0864, 0x0064, 0x1127, 0x198A, 0x3ACE, 0x1989,
  0x19A9, 0x00E6, 0x0044, 0x0948, 0x1928, 0x1107, 0x1927, 0x2127, 0x29C8, 0x08C7, 0x00A6, 0x00C6,
  0x1A0D, 0x00A7, 0x00A6, 0x00A5, 0x2988, 0x08E6, 0x00A7, 0x00A6, 0x00C6, 0x00A6, 0x08E7, 0x08E7,
  0x0908, 0x0908, 0x00C8, 0x00A7, 0x00E8, 0x0949, 0x00E8, 0x0949, 0x090A, 0x014A, 0x09CC, 0x00E9,
  0x2AD0, 0x5B0C, 0x3944, 0xBD96, 0x5ACB, 0x0841, 0x0061, 0x0061, 0x0000, 0x0000, 0x0000, 0x0000,
  0x0000, 0x21AA, 0x2335, 0x12D5, 0x0254, 0x33D9, 0x4CDC, 0x657C, 0xA71D, 0x6E1F, 0x7E9F, 0xD7FF,
  0x24BB, 0x02D9, 0x3D7D, 0x771F, 0x1355, 0x018D, 0x00E9, 0x014A, 0x01EE, 0x1B55, 0x09CF, 0x012B,
  0x098C, 0x09CE, 0x098B, 0x00C7, 0x0023, 0x00E7, 0x012A, 0x00A6, 0x1169, 0x00A5, 0x0023, 0x0064,
  0x0064, 0x0064, 0x0063, 0x0063, 0x0043, 0x0043, 0x0042, 0x0022, 0x0044, 0x1929, 0x0002, 0x0021,
  0x0021, 0x0862, 0x0022, 0x0001, 0x0021, 0x0021, 0x0021, 0x0001, 0x0001, 0x0001, 0x0001, 0x0001,
  0x0001, 0x0021, 0x0000, 0x0000, 0x0000, 0x0041, 0x0000, 0x0000, 0x0000, 0x0000, 0x0000, 0x0000,
  0x0000, 0x0000, 0x0000, 0x0000, 0x0000, 0x0000, 0x0000, 0x0000, 0x0043, 0x0022, 0x0863, 0x0000,
  0x0001, 0x0001, 0x0063, 0x1129, 0x0065, 0x0042, 0x0000, 0x0907, 0x0045, 0x0000, 0x0043, 0x1148,
  0x00A6, 0x00A6, 0x00C7, 0x0085, 0x00A5, 0x0065, 0x11CC, 0x098B, 0x0129, 0x01CE, 0x2313, 0x1A71,
  0x012C, 0x0A72, 0x0B98, 0x037B, 0x76BE, 0xF7FF, 0xAF7F, 0x96DE, 0x8E9E, 0xB73E, 0xBF1E, 0x2D5D,
  0x355D, 0x351D, 0x1C9B, 0x1C3A, 0x8E5F, 0x44DB, 0x01B4, 0x0B56, 0xA6DE, 0xD7BF, 0xCF7F, 0x3BD5,
  0x3C17, 0xDFBF, 0xD75F, 0x5458, 0x00CD, 0x010F, 0x01B0, 0x01AF, 0x01AE, 0x018D, 0x22D3, 0x01AF,
  0x09AE, 0x122F, 0x012C, 0x012B, 0x00A8, 0x0088, 0x222E, 0x4332, 0x4332, 0x4373, 0x010C, 0x4BD6,
  0x11EE, 0x2230, 0x11CE, 0x0089, 0x00C9, 0x012B, 0x010B, 0x00EB, 0x00EB, 0x0089, 0x092B, 0x19AE,
  0x0089, 0x00C9, 0x0088, 0x0089, 0x096C, 0x2A90, 0x19CC, 0x0066, 0x0026, 0x5352, 0x6C55, 0x2A0D,
  0x19EE, 0x09CF, 0x0A11, 0x018F, 0x01AF, 0x5394, 0xC69C, 0xFFFF, 0xF7FF, 0xE79F, 0xEFBF, 0xEFBF,
  0xEFBF, 0xEFBF, 0xEFBF, 0xEFBF, 0xEFBF, 0xEFBF, 0xEFBF, 0xEFBF, 0xEFBF, 0xEF9F, 0x9D79, 0x2A92,
  0x016E, 0x01B0, 0x0A11, 0x1A0F, 0x21CC, 0x426C, 0x73D0, 0x94F5, 0x8C70, 0x9CD1, 0x3AF1, 0x01D0,
  0x1A51, 0xDF5E, 0xEFDF, 0xEFBF, 0xEFBF, 0xEFBF, 0xEFBF, 0xEFBF, 0xEFBF, 0xEFBF, 0xF7DF, 0xD71D,
  0x1210, 0x01B0, 0x4353, 0x9536, 0x5BB3, 0x1210, 0x016F, 0x7CB7, 0xFFFF, 0xE79F, 0xEFBF, 0xEFBF,
  0xEFBF, 0xEFBF, 0xE79F, 0xFFFF, 0x7497, 0x016F, 0x1A51, 0x3B11, 0x0A10, 0x018F, 0x3B13, 0xEF9F,
  0xFFFF, 0xF7DF, 0xADDA, 0x3AF2, 0x016F, 0x01B0, 0x0A11, 0x09CE, 0x3A4B, 0x320A, 0x08E6, 0x1148,
  0x1147, 0x08C5, 0x0063, 0x0042, 0x08A4, 0x0085, 0x0085, 0x00C6, 0x1168, 0x21E9, 0x6BF2, 0x52ED,
  0x1126, 0x0024, 0x0002, 0x0002, 0x1105, 0x29CA, 0x00A6, 0x0064, 0x0064, 0x19EB, 0x00E8, 0x0085,
  0x29A9, 0x1107, 0x0085, 0x0086, 0x00C6, 0x00A5, 0x00A6, 0x08A6, 0x0885, 0x0907, 0x116A, 0x11CD,
  0x09AC, 0x098B, 0x00C8, 0x00A7, 0x098B, 0x00E9, 0x09AC, 0x016C, 0x6C33, 0x3123, 0x840F, 0xA514,
  0x2124, 0x0020, 0x0841, 0x0000, 0x0000, 0x0000, 0x0000, 0x0000, 0x0000, 0x1A2D, 0x3377, 0x1AB4,
  0x1AD4, 0x4C59, 0x4419, 0x3C5A, 0x4CBB, 0x343A, 0x65FE, 0x9F1F, 0x86FE, 0x0110, 0x0359, 0x0399,
  0x1BB7, 0x0232, 0x01CF, 0x016D, 0x018D, 0x09CD, 0x014A, 0x120F, 0x1AB3, 0x2353, 0x01AA, 0x0109,
  0x0044, 0x0085, 0x012A, 0x0129, 0x0085, 0x0948, 0x00A5, 0x0063, 0x0064, 0x0064, 0x0043, 0x0043,
  0x0043, 0x0043, 0x0043, 0x0042, 0x0064, 0x29EB, 0x0022, 0x0021, 0x0021, 0x0021, 0x0022, 0x0021,
  0x0021, 0x0021, 0x0021, 0x0021, 0x0001, 0x0001, 0x0001, 0x0001, 0x0021, 0x0042, 0x0000, 0x0000,
  0x0000, 0x0000, 0x0000, 0x0821, 0x0000, 0x0000, 0x0000, 0x0000, 0x0000, 0x0000, 0x0000, 0x0000,
  0x0000, 0x0000, 0x0000, 0x0000, 0x0002, 0x0083, 0x0000, 0x0000, 0x0043, 0x08C6, 0x0084, 0x0042,
  0x0022, 0x0022, 0x0043, 0x1169, 0x0044, 0x0063, 0x0042, 0x0043, 0x00A5, 0x098B, 0x094A, 0x0086,
  0x00A6, 0x00A6, 0x11AC, 0x098C, 0x012A, 0x12B2, 0x2B55, 0x01AF, 0x1231, 0x0253, 0x0359, 0x459C,
  0xFFFF, 0xF7FF, 0xC77F, 0xA6DF, 0x865E, 0x8E9E, 0x459C, 0x2D7D, 0x351D, 0x249C, 0x0C3A, 0x243A,
  0x2C3A, 0x02D6, 0x0236, 0x4C79, 0xE7FF, 0xCF9F, 0x8E5E, 0x5C57, 0xDFDF, 0xDF9F, 0x01F0, 0x006B,
  0x01B1, 0x01D1, 0x01CF, 0x018E, 0x01AE, 0x01CE, 0x2314, 0x014D, 0x32F2, 0x22D0, 0x012C, 0x010B,
  0x014C, 0x11EE, 0x5C15, 0x2A8F, 0x012A, 0x010A, 0x4335, 0x2A71, 0x19CE, 0x11CE, 0x0089, 0x00EA,
  0x012B, 0x010A, 0x00A9, 0x00EA, 0x00EA, 0x00C9, 0x0068, 0x3291, 0x090B, 0x0068, 0x198C, 0x19ED,
  0x2A2F, 0x19ED, 0x0047, 0x0088, 0x42F1, 0x63F4, 0x19EC, 0x09CF, 0x0A11, 0x018F, 0x018F, 0x4B74,
  0xBE7C, 0xFFFF, 0xF7FF, 0xEF9F, 0xEFBF, 0xEFBF, 0xEFBF, 0xEFBF, 0xEFBF, 0xEFBF, 0xEFBF, 0xEFBF,
  0xEFBF, 0xEFBF, 0xEFBF, 0xEFBF, 0xF7DF, 0x4B74, 0x012E, 0x01AF, 0x0A10, 0x2270, 0x42F0, 0x6B90,
  0x83CF, 0x94F1, 0x94F5, 0x9515, 0x940E, 0x9CB1, 0x8495, 0x1211, 0x016F, 0x7CB7, 0xFFFF, 0xE79F,
  0xEFBF, 0xEFBF, 0xEFBF, 0xEFBF, 0xEFBF, 0xEFBF, 0xE79F, 0xFFFF, 0x6C76, 0x016F, 0x1231, 0x5BB2,
  0x6C13, 0x2AB1, 0x01B0, 0x1A31, 0xDF3E, 0xF7DF, 0xEFBF, 0xEFBF, 0xEFBF, 0xEFBF, 0xEFBF, 0xF7DF,
  0xD73E, 0x1231, 0x01B0, 0x2AB0, 0x3AB0, 0x09F0, 0x016E, 0x53D5, 0xADFA, 0x3AF3, 0x016F, 0x01B0,
  0x0A11, 0x11EF, 0x116A, 0x1127, 0x31A7, 0x1947, 0x08E6, 0x0084, 0x1167, 0x08C5, 0x1906, 0x08A5,
  0x0085, 0x08A5, 0x08E6, 0x0064, 0x0022, 0x2127, 0x2969, 0x2127, 0x6B6E, 0x4A4B, 0x4A4A, 0x2187,
  0x0021, 0x0044, 0x00A6, 0x0085, 0x0022, 0x0063, 0x3A6D, 0x1968, 0x320B, 0x1128, 0x0024, 0x0064,
  0x00A5, 0x08E7, 0x0908, 0x1129, 0x1129, 0x0929, 0x0949, 0x014B, 0x09AE, 0x09EE, 0x09EE, 0x014C,
  0x01EE, 0x014D, 0x00EB, 0x2AB0, 0x6B6D, 0x2923, 0xBDF7, 0x6B2D, 0x0841, 0x0840, 0x0020, 0x0000,
  0x0000, 0x0000, 0x0000, 0x0000, 0x0881, 0x224F, 0x1AB4, 0x1271, 0x1A73, 0x2315, 0x0A94, 0x33FA,
  0x3BF9, 0x2BB9, 0x4CDB, 0x7E1E, 0x9F3F, 0x3479, 0x0276, 0x03B9, 0x02D6, 0x2BB8, 0x0231, 0x018E,
  0x1211, 0x098C, 0x00A7, 0x00C8, 0x014B, 0x33F6, 0x3416, 0x22F2, 0x0086, 0x0045, 0x0066, 0x0128,
  0x00E7, 0x0085, 0x116A, 0x0064, 0x0063, 0x0063, 0x0063, 0x0063, 0x0063, 0x0063, 0x0043, 0x0042,
  0x0022, 0x0001, 0x0042, 0x0022, 0x0021, 0x0022, 0x0022, 0x0021, 0x0021, 0x0021, 0x0021, 0x0021,
  0x0021, 0x0001, 0x0001, 0x0001, 0x0042, 0x0022, 0x0000, 0x0000, 0x0000, 0x0000, 0x0000, 0x0000,
  0x0000, 0x10A4, 0x18E5, 0x0000, 0x0000, 0x0000, 0x0000, 0x0000, 0x0000, 0x0000, 0x0000, 0x0000,
  0x0063, 0x0001, 0x0023, 0x0885, 0x08A6, 0x0043, 0x0001, 0x0042, 0x0042, 0x0022, 0x08E8, 0x0908,
  0x0043, 0x0084, 0x0084, 0x0085, 0x00A5, 0x00C7, 0x00E7, 0x0108, 0x00E8, 0x0066, 0x09CD, 0x09AC,
  0x01CD, 0x2B96, 0x0211, 0x0252, 0x0293, 0x0398, 0x2D5C, 0xFFFF, 0xFFFF, 0xD7DF, 0xB71E, 0x75FE,
  0x6E1F, 0x4DFE, 0x359E, 0x3D7E, 0x2CDC, 0x1C5A, 0x0BD8, 0x1398, 0x02B4, 0x0213, 0x4459, 0xFFFF,
  0xAEDF, 0x3B95, 0x01F0, 0xC73F, 0xD75F, 0x09F0, 0x004B, 0x018E, 0x01AF, 0x01D0, 0x01AF, 0x018E,
  0x018E, 0x01AF, 0x22D3, 0x016D, 0x012C, 0x010B, 0x01AE, 0x7CFB, 0x851A, 0x32B1, 0x00C9, 0x19CD,
  0x0067, 0x7CB8, 0x3251, 0x1A0F, 0x012C, 0x00A9, 0x010B, 0x118D, 0x010A, 0x00C8, 0x00C9, 0x00C9,
  0x00C9, 0x00C9, 0x0088, 0x00A9, 0x096D, 0x096C, 0x2A6E, 0x08E8, 0x0025, 0x0088, 0x198C, 0x118C,
  0x42F1, 0x328F, 0x09CF, 0x09F1, 0x01AF, 0x4B54, 0xBE5B, 0xFFFF, 0xF7FF, 0xEFBF, 0xEFBF, 0xEFBF,
  0xEFBF, 0xEFBF, 0xEFBF, 0xEFBF, 0xEFBF, 0xEFBF, 0xEFBF, 0xEFBF, 0xEFBF, 0xEFBF, 0xEFBF, 0xEF9F,
  0xFFFF, 0x8D38, 0x018F, 0x0A10, 0x3290, 0x4AAE, 0x7BF0, 0x9491, 0x9515, 0x9D15, 0x9D35, 0x9D33,
  0x9D34, 0x94D2, 0xA554, 0x3AD0, 0x01D0, 0x1230, 0xDF3E, 0xEFDF, 0xEFBF, 0xEFBF, 0xEFBF, 0xEFBF,
  0xEFBF, 0xEFBF, 0xEFBF, 0xF7DF, 0xD71E, 0x1210, 0x01B0, 0x32D1, 0x7433, 0x5BB3, 0x1210, 0x016F,
  0x74B7, 0xFFFF, 0xE79F, 0xEFBF, 0xEFBF, 0xEFBF, 0xEFBF, 0xE79F, 0xFFFF, 0x74B7, 0x016F, 0x0A10,
  0x3A8D, 0x222E, 0x09F1, 0x01AF, 0x018F, 0x01B0, 0x0A11, 0x11EF, 0x11AB, 0x21EB, 0x2146, 0x2166,
  0x2146, 0x1106, 0x1126, 0x08C5, 0x00C4, 0x1906, 0x2988, 0x10E5, 0x0064, 0x10E6, 0x1107, 0x0022,
  0x3187, 0x18E6, 0x0003, 0x00A7, 0x0064, 0x2168, 0x39EA, 0x2188, 0x5AEC, 0x8C10, 0x0022, 0x0044,
  0x0063, 0x0023, 0x1127, 0x5BB2, 0x4372, 0x098B, 0x0909, 0x0949, 0x094A, 0x098C, 0x11CD, 0x098C,
  0x096B, 0x014B, 0x11CE, 0x09EE, 0x1250, 0x1A4F, 0x0A30, 0xB79F, 0x75DC, 0x01AF, 0x01CF, 0x7475,
  0x2903, 0x734C, 0xAD75, 0x2965, 0x0841, 0x0861, 0x0000, 0x0000, 0x0000, 0x0000, 0x0000, 0x0000,
  0x1145, 0x2AB2, 0x22B4, 0x3B55, 0x0233, 0x0273, 0x0AF5, 0x12F7, 0x4C9C, 0x2398, 0x33FA, 0x6D9D,
  0x869F, 0x8EFF, 0x1BD9, 0x0C3B, 0x0274, 0x3CDC, 0x1397, 0x0231, 0x1AF5, 0x018D, 0x00E9, 0x0086,
  0x0908, 0x090A, 0x018C, 0x4C7B, 0x22B2, 0x014A, 0x0045, 0x0023, 0x0948, 0x0086, 0x0909, 0x116A,
  0x0043, 0x0063, 0x0084, 0x0084, 0x0084, 0x0063, 0x0063, 0x0043, 0x0043, 0x0042, 0x0042, 0x0043,
  0x0042, 0x0022, 0x0022, 0x0021, 0x0021, 0x0021, 0x0021, 0x0021, 0x0001, 0x0001, 0x0001, 0x0001,
  0x0022, 0x0002, 0x0000, 0x0000, 0x0000, 0x0000, 0x0000, 0x0000, 0x0000, 0x0021, 0x0000, 0x0000,
  0x0000, 0x0000, 0x0000, 0x0000, 0x0000, 0x0000, 0x0000, 0x0000, 0x0085, 0x0065, 0x0885, 0x0042,
  0x0002, 0x0021, 0x0022, 0x0043, 0x0042, 0x0022, 0x08E8, 0x0044, 0x0084, 0x0084, 0x0084, 0x0085,
  0x00C6, 0x00C7, 0x00A5, 0x00C7, 0x014A, 0x120D, 0x09CE, 0x01AE, 0x1B13, 0x01D0, 0x0231, 0x23B9,
  0x34BC, 0x14FD, 0xC7FF, 0xF7FF, 0xD7DF, 0x9EBE, 0x5DBD, 0x5DDE, 0x55DE, 0x3D9D, 0x3D7E, 0x34FD,
  0x1C9A, 0x0BB7, 0x2C19, 0x1377, 0x01B1, 0x5CFA, 0xFFFF, 0x859B, 0x0231, 0x00EB, 0x9E1E, 0xAE9E,
  0x01B0, 0x00ED, 0x01AE, 0x01AE, 0x01AE, 0x01CF, 0x01AE, 0x01AD, 0x018E, 0x09CF, 0x1A71, 0x014C,
  0x016C, 0x018D, 0x01AD, 0x09AD, 0x00A8, 0x32B1, 0x012A, 0x0047, 0x4B93, 0x6C77, 0x19EF, 0x00A9,
  0x0068, 0x11AE, 0x19AE, 0x00A9, 0x00C9, 0x00C8, 0x00C8, 0x00A8, 0x00A8, 0x0067, 0x00C9, 0x096C,
  0x222F, 0x090A, 0x0005, 0x00C8, 0x092A, 0x196B, 0x114B, 0x0068, 0x5BB4, 0x19EE, 0x0A11, 0x01AF,
  0x9D9A, 0xFFFF, 0xF7FF, 0xEFBF, 0xEFBF, 0xEFBF, 0xEFBF, 0xEFBF, 0xEFBF, 0xEFBF, 0xEFBF, 0xEFBF,
  0xEFBF, 0xEFBF, 0xEFBF, 0xEFBF, 0xEFBF, 0xEFBF, 0xEFBF, 0xEFBF, 0xEFBF, 0xEFBF, 0x2A92, 0x01B0,
  0x2AB1, 0x8431, 0x6AEC, 0x734D, 0x9CB2, 0x83CF, 0x944F, 0x734B, 0x628A, 0x41E7, 0x41E8, 0x7BF0,
  0x1230, 0x016F, 0x7497, 0xFFFF, 0xE79F, 0xEFBF, 0xEFBF, 0xEFBF, 0xEFBF, 0xEFBF, 0xEFBF, 0xE79F,
  0xFFFF, 0x7497, 0x016F, 0x1211, 0x63D2, 0x8494, 0x2A91, 0x01B0, 0x1231, 0xD73E, 0xF7DF, 0xEFBF,
  0xEFBF, 0xEFBF, 0xEFBF, 0xEFBF, 0xEFBF, 0xDF3E, 0x1A71, 0x01D0, 0x1A0E, 0x29C9, 0x1A0E, 0x09F0,
  0x09F0, 0x11CF, 0x118A, 0x2188, 0x1947, 0x2A4B, 0x29E9, 0x10E5, 0x0084, 0x00A4, 0x1106, 0x2167,
  0x1906, 0x08C6, 0x2187, 0x3188, 0x10E5, 0x10E6, 0x0044, 0x39C8, 0x29C8, 0x0024, 0x08E7, 0x08E7,
  0x00C7, 0x0086, 0x0066, 0x0024, 0x08E6, 0x4A4A, 0x10E5, 0x10E6, 0x08C5, 0x1106, 0x2167, 0x328F,
  0xFFFF, 0x4D7D, 0x014D, 0x0108, 0x08E8, 0x0909, 0x0109, 0x0929, 0x092A, 0x094B, 0x114B, 0x096B,
  0x096B, 0x00A7, 0x014B, 0x8DBA, 0x5C98, 0x0028, 0x1A50, 0x6BB0, 0x0840, 0xAD54, 0x738D, 0x0861,
  0x0861, 0x0041, 0x0000, 0x0000, 0x0000, 0x0000, 0x0000, 0x0000, 0x21CA, 0x22D3, 0x3BB7, 0x12B3,
  0x0255, 0x22D3, 0x2B55, 0x1AF6, 0x2B97, 0x1B57, 0x1B17, 0x33DA, 0x759E, 0x96BF, 0x7EBF, 0x147C,
  0x02F7, 0x02F6, 0x44BB, 0x0232, 0x1B57, 0x0A92, 0x01CE, 0x010A, 0x092A, 0x116B, 0x00A9, 0x2316,
  0x018D, 0x096A, 0x0908, 0x00C5, 0x00E8, 0x0086, 0x0045, 0x0129, 0x0929, 0x0024, 0x0084, 0x0085,
  0x0085, 0x0063, 0x0063, 0x0064, 0x0043, 0x0042, 0x0022, 0x0022, 0x0003, 0x08A5, 0x0002, 0x0021,
  0x0021, 0x0022, 0x0021, 0x0021, 0x0001, 0x0001, 0x0001, 0x0001, 0x0862, 0x0042, 0x0001, 0x0001,
  0x0000, 0x0000, 0x0000, 0x0000, 0x0000, 0x0000, 0x0000, 0x0000, 0x0000, 0x0000, 0x0000, 0x0000,
  0x0000, 0x0000, 0x0000, 0x0000, 0x096B, 0x0084, 0x0000, 0x0001, 0x0042, 0x0022, 0x0022, 0x0042,
  0x0001, 0x00A5, 0x08E7, 0x0022, 0x0063, 0x0064, 0x0084, 0x0085, 0x00C6, 0x00C7, 0x00C6, 0x0108,
  0x010A, 0x0271, 0x0B16, 0x2C9B, 0x0315, 0x1B76, 0x44FC, 0x349C, 0x037A, 0x459C, 0xD7FF, 0x9F5F,
  0xA71F, 0x967D, 0x763E, 0x3DDD, 0x359D, 0x3D7E, 0x353D, 0x249B, 0x0BB8, 0x1397, 0x345B, 0x02F6,
  0x02F5, 0xFFFF, 0x755A, 0x008E, 0x010E, 0x5438, 0x4C39, 0x00CD, 0x0190, 0x01F0, 0x01AF, 0x018E,
  0x01CE, 0x01AD, 0x018D, 0x016C, 0x016E, 0x0A52, 0x1A92, 0x00CB, 0x010B, 0x00A9, 0x00CA, 0x00EA,
  0x016C, 0x006A, 0x0068, 0x9DDD, 0x7CFA, 0x0087, 0x0006, 0x096C, 0x3AB0, 0x090B, 0x00EB, 0x00C9,
  0x00C8, 0x00C7, 0x00A7, 0x0087, 0x00C8, 0x220D, 0x012A, 0x092A, 0x090A, 0x094B, 0x19ED, 0x012A,
  0x0909, 0x00C7, 0x1149, 0x0929, 0x42F1, 0x0888, 0x09F0, 0x016F, 0x7C97, 0xFFFF, 0xE79F, 0xEFBF,
  0xEFBF, 0xEFBF, 0xEFBF, 0xEFBF, 0xEFBF, 0xEFBF, 0xEF9F, 0xEFBF, 0xEFDF, 0xEFBF, 0xEFBF, 0xEFBF,
  0xEFBF, 0xEFBF, 0xEFBF, 0xEFBF, 0xE79F, 0xFFFF, 0x9D79, 0x016E, 0x0A11, 0x73D1, 0x942F, 0x9D13,
  0x6ACB, 0x528A, 0x2105, 0x2105, 0x732B, 0x94D2, 0x52AB, 0x732C, 0x4B52, 0x01D0, 0x1230, 0xDF3E,
  0xF7DF, 0xEFBF, 0xEFBF, 0xEFBF, 0xEFBF, 0xEFBF, 0xEFBF, 0xEFBF, 0xF7DF, 0xDF3E, 0x1230, 0x01B0,
  0x3B33, 0x9537, 0x63D3, 0x1210, 0x016F, 0x7497, 0xFFFF, 0xEF9F, 0xEFBF, 0xEFBF, 0xEFBF, 0xEFBF,
  0xF7FF, 0xFFFF, 0x6416, 0x018F, 0x11F0, 0x2A0B, 0x3A8D, 0x1969, 0x1148, 0x29C9, 0x1926, 0x1947,
  0x1967, 0x21C9, 0x1988, 0x1905, 0x08C4, 0x2967, 0x2126, 0x08A3, 0x1947, 0x1126, 0x1125, 0x1905,
  0x4A8C, 0x0063, 0x0042, 0x52CB, 0x4AAD, 0x0045, 0x08E6, 0x00C7, 0x00C6, 0x08E7, 0x00C7, 0x00C6,
  0x0064, 0x0003, 0x00A6, 0x10E7, 0x08E7, 0x1127, 0x1967, 0x0129, 0x1AF2, 0x1B54, 0x016B, 0x094B,
  0x08E8, 0x08E7, 0x08C7, 0x00C7, 0x00C6, 0x00C7, 0x00A6, 0x08C6, 0x00A6, 0x00E9, 0x092B, 0x00AA,
  0x09AE, 0x008A, 0x63D2, 0x3144, 0x734C, 0xC5D6, 0x39C7, 0x0041, 0x0861, 0x0000, 0x0000, 0x0000,
  0x0000, 0x0000, 0x0000, 0x08A3, 0x2A2F, 0x01D1, 0x01CF, 0x1AB1, 0x5C37, 0x63D4, 0x4374, 0x12F4,
  0x2317, 0x3316, 0x0A93, 0x33D9, 0x4C9B, 0x9E9F, 0x8EDF, 0x76FF, 0x02F7, 0x0253, 0x0232, 0x449A,
  0x1AF5, 0x018E, 0x01AD, 0x012A, 0x094A, 0x0109, 0x098C, 0x2397, 0x016C, 0x0065, 0x0043, 0x00E7,
  0x096A, 0x11EC, 0x0023, 0x0001, 0x00E7, 0x094A, 0x0065, 0x0085, 0x0085, 0x0064, 0x0063, 0x0064,
  0x0063, 0x0042, 0x0043, 0x0021, 0x00C4, 0x21A9, 0x0002, 0x0001, 0x0021, 0x0042, 0x0021, 0x0021,
  0x0001, 0x0001, 0x0001, 0x0001, 0x0000, 0x0000, 0x0001, 0x0001, 0x0000, 0x0000, 0x0000, 0x0000,
  0x0000, 0x0000, 0x0000, 0x0000, 0x0000, 0x0000, 0x0000, 0x0000, 0x0000, 0x0000, 0x0000, 0x0000,
  0x014C, 0x0044, 0x0021, 0x0043, 0x0043, 0x0042, 0x0022, 0x0043, 0x0021, 0x10C7, 0x0064, 0x0063,
  0x0063, 0x0084, 0x0084, 0x00A5, 0x00C7, 0x00E7, 0x00E6, 0x0108, 0x00E9, 0x010D, 0xC7FF, 0xFFFF,
  0x24BB, 0x12F5, 0x0252, 0x0296, 0x0C3B, 0xE7FF, 0xAFBF, 0x8EFF, 0x3D7E, 0x869E, 0x7E7D, 0x2D5D,
  0x3D7E, 0x3D5D, 0x24BB, 0x13F8, 0x0B77, 0x1BB9, 0x2419, 0x02D5, 0x6D5C, 0x64D9, 0x014E, 0x01F1,
  0x7DBC, 0x4BB6, 0x00EC, 0x01CF, 0x01F0, 0x01CF, 0x01CF, 0x09CE, 0x098D, 0x018D, 0x014B, 0x22B3,
  0x1252, 0x1293, 0x2292, 0x00EB, 0x00AA, 0x4333, 0x95DD, 0x11AD, 0x00A9, 0x012C, 0xA67F, 0x853B,
  0x0089, 0x0002, 0x0949, 0x42F2, 0x00EA, 0x00A8, 0x00C9, 0x00A9, 0x00A8, 0x0066, 0x0087, 0x1129,
  0x198B, 0x116A, 0x00A7, 0x0026, 0x010A, 0x1A0F, 0x2A70, 0x00A8, 0x0004, 0x320D, 0x0045, 0x220C,
  0x118C, 0x08EA, 0x120F, 0x01F1, 0x09D0, 0xD71D, 0xF7DF, 0xEFBF, 0xEFBF, 0xEFBF, 0xEFBF, 0xEFBF,
  0xEFBF, 0xEFBF, 0xFFFF, 0xEFDF, 0xDF5E, 0xEFDF, 0xEFBF, 0xEFBF, 0xEFBF, 0xEFBF, 0xEFBF, 0xEFBF,
  0xEFBF, 0xEFBF, 0xEFBF, 0x2AB2, 0x01B0, 0x2A90, 0x9D36, 0x9D36, 0x9C90, 0x8BEE, 0x7BAE, 0x2946,
  0xA4D1, 0xAD94, 0x9470, 0x8C0F, 0x8CF3, 0x1210, 0x016F, 0x7497, 0xFFFF, 0xE79F, 0xEFBF, 0xEFBF,
  0xEFBF, 0xEFBF, 0xEFBF, 0xEFBF, 0xE79F, 0xFFFF, 0x7497, 0x016F, 0x1211, 0x7434, 0x8CB4, 0x32B1,
  0x01D0, 0x1210, 0xD71E, 0xF7DF, 0xE79F, 0xEFBF, 0xF7FF, 0xFFFF, 0xBE5B, 0x4B53, 0x09CF, 0x09F1,
  0x09AE, 0x29EA, 0x21CA, 0x1947, 0x528A, 0x3A4A, 0x1127, 0x1907, 0x08C4, 0x00C5, 0x220A, 0x1926,
  0x08C5, 0x2988, 0x2988, 0x10C4, 0x08A5, 0x2989, 0x31A8, 0x10C5, 0x2126, 0x08A4, 0x0083, 0x0884,
  0x08A6, 0x00C7, 0x00C6, 0x08C6, 0x00C6, 0x08E7, 0x08E7, 0x00C6, 0x0085, 0x0086, 0x0086, 0x00C6,
  0x00C7, 0x0086, 0x0087, 0x11CC, 0x0086, 0x0109, 0x010A, 0x096C, 0x096A, 0x00E8, 0x092A, 0x092A,
  0x094A, 0x096A, 0x092A, 0x0929, 0x0908, 0x090A, 0x012A, 0x092A, 0x00C9, 0x2A91, 0x9CF2, 0x1020,
  0x41E7, 0x4207, 0x10A2, 0x1082, 0x0020, 0x0000, 0x0000, 0x0000, 0x0000, 0x0000, 0x0020, 0x1988,
  0x4354, 0x43D4, 0x014C, 0x63D3, 0x6454, 0x5BD5, 0x2293, 0x0AB3, 0x1AF4, 0x6C58, 0x0A73, 0x1B35,
  0x6D1A, 0x653B, 0x8E7F, 0xA79F, 0x243A, 0x01B2, 0x01D1, 0xAFFF, 0x455C, 0x01D1, 0x016D, 0x012A,
  0x014A, 0x012A, 0x010A, 0x12B2, 0x118D, 0x0066, 0x0084, 0x0085, 0x0084, 0x09CB, 0x114A, 0x08E6,
  0x0065, 0x00E8, 0x092A, 0x0086, 0x00C7, 0x00A6, 0x0065, 0x0064, 0x0063, 0x0063, 0x0043, 0x0002,
  0x08C4, 0x21AA, 0x0001, 0x0022, 0x0022, 0x0022, 0x0022, 0x0022, 0x0021, 0x0021, 0x0001, 0x0001,
  0x0001, 0x0000, 0x0000, 0x0001, 0x0000, 0x0000, 0x0000, 0x0000, 0x0000, 0x0000, 0x0000, 0x0000,
  0x0000, 0x0000, 0x0000, 0x0000, 0x0000, 0x0000, 0x0000, 0x0000, 0x0129, 0x0064, 0x0021, 0x0043,
  0x0043, 0x0043, 0x0043, 0x0022, 0x0063, 0x0908, 0x0044, 0x0063, 0x0063, 0x0085, 0x0085, 0x00A6,
  0x00E8, 0x00C8, 0x00A6, 0x00A7, 0x016C, 0x02B4, 0xBFFF, 0xBFFF, 0x02B5, 0x014E, 0x0233, 0x0278,
  0xA77F, 0xE7FF, 0x86FF, 0x6E7F, 0x4DFE, 0x6E1E, 0x3D7D, 0x357E, 0x3D5E, 0x2CDB, 0x2CDC, 0x0B57,
  0x0B17, 0x0AD6, 0x0254, 0x449A, 0x6D1B, 0x016F, 0x016F, 0x33D7, 0x22D4, 0x010D, 0x01AF, 0x01F0,
  0x01F0, 0x01CF, 0x01CF, 0x09CE, 0x098D, 0x012C, 0x3355, 0x1AD4, 0x014E, 0x1AB4, 0x1210, 0x00CA,
  0x00AA, 0x4B74, 0x32B1, 0x00A9, 0x222E, 0xEFDF, 0x5C15, 0x0004, 0x0002, 0x4B31, 0x5BB2, 0x00A8,
  0x0087, 0x00A8, 0x00A7, 0x0087, 0x0046, 0x196A, 0x08E8, 0x08E8, 0x00A7, 0x0046, 0x00C8, 0x19EF,
  0x3AF2, 0x00E9, 0x0046, 0x116B, 0x114B, 0x196B, 0x0066, 0x21CC, 0x00EA, 0x1A0E, 0x094B, 0x0A10,
  0x016F, 0x6C36, 0xFFFF, 0xE79F, 0xEFBF, 0xEFBF, 0xEFBF, 0xEFBF, 0xF7FF, 0xF7FF, 0xB61B, 0x3AD2,
  0x4374, 0xF7FF, 0xEFBF, 0xEFBF, 0xEFBF, 0xEFBF, 0xEFBF, 0xEFBF, 0xEFBF, 0xE79F, 0xFFFF, 0x9D9A,
  0x016E, 0x0A11, 0x7454, 0xA575, 0x942E, 0x9C2E, 0x8BAE, 0x5A8A, 0x6AEA, 0x6289, 0x8BAE, 0xA4B1,
  0x9C90, 0x4B73, 0x01D0, 0x1210, 0xD71E, 0xF7DF, 0xEFBF, 0xEFBF, 0xEFBF, 0xEFBF, 0xEFBF, 0xEFBF,
  0xEFBF, 0xEFDF, 0xDF5E, 0x1230, 0x01D0, 0x2A70, 0x6BD1, 0x3AAE, 0x1210, 0x016F, 0x6C76, 0xFFFF,
  0xF7DF, 0xFFFF, 0xBE7C, 0x4B74, 0x018F, 0x018F, 0x09F1, 0x09EF, 0x19AA, 0x21CA, 0x1147, 0x08A4,
  0x08E5, 0x0085, 0x00E6, 0x1125, 0x39C8, 0x10E5, 0x1947, 0x1105, 0x08C5, 0x0084, 0x1926, 0x10A4,
  0x18E5, 0x2147, 0x31A9, 0x2988, 0x0022, 0x08C4, 0x10E5, 0x0023, 0x0085, 0x00C7, 0x00A6, 0x08C6,
  0x08C6, 0x08C6, 0x08E7, 0x08E7, 0x1128, 0x0085, 0x08C6, 0x08C6, 0x08C7, 0x08A7, 0x00C8, 0x1169,
  0x0063, 0x08C6, 0x114B, 0x094A, 0x094A, 0x096A, 0x0929, 0x00E8, 0x112A, 0x116B, 0x116B, 0x096A,
  0x0929, 0x0909, 0x094A, 0x0109, 0x00A8, 0x5330, 0x0840, 0x2923, 0x8430, 0x39E7, 0x0000, 0x0000,
  0x0000, 0x0000, 0x0000, 0x0000, 0x0000, 0x0000, 0x08A3, 0x2A6F, 0x014C, 0x7433, 0x2A8F, 0x1A50,
  0x4BB5, 0x1210, 0x2272, 0x22F4, 0x12D3, 0x63F7, 0x4BF7, 0x0294, 0x5479, 0x5CBA, 0x8E3F, 0x8E7F,
  0x7E9F, 0x01B2, 0x0272, 0x4D7C, 0x0252, 0x2BD8, 0x018F, 0x012C, 0x014A, 0x018B, 0x010A, 0x1A2F,
  0x096B, 0x00C7, 0x096A, 0x00A7, 0x00A6, 0x00A5, 0x116B, 0x00E7, 0x096B, 0x094A, 0x098B, 0x094B,
  0x0088, 0x00EA, 0x00E9, 0x0066, 0x0063, 0x0042, 0x0043, 0x0043, 0x0002, 0x0000, 0x0043, 0x0042,
  0x0042, 0x0021, 0x0022, 0x0022, 0x0021, 0x0001, 0x0001, 0x0001, 0x0001, 0x0000, 0x0001, 0x0001,
  0x0000, 0x0000, 0x0000, 0x0000, 0x0000, 0x0000, 0x0000, 0x0000, 0x0000, 0x0000, 0x0000, 0x0000,
  0x0000, 0x0000, 0x0000, 0x0000, 0x0129, 0x0023, 0x0042, 0x0043, 0x0042, 0x0042, 0x0043, 0x0022,
  0x0907, 0x0085, 0x0064, 0x0064, 0x0084, 0x0085, 0x00A6, 0x00C6, 0x00E6, 0x0044, 0x00E8, 0x1250,
  0x1230, 0x0A91, 0x1BF9, 0x02F6, 0x0254, 0x0294, 0x01F5, 0x34FB, 0xEFFF, 0x975F, 0x86FF, 0x45BE,
  0x7EDF, 0x765F, 0x355D, 0x357D, 0x24DC, 0x34FC, 0x243A, 0x3459, 0x2376, 0x4C99, 0x2B78, 0x6D5D,
  0x12D5, 0x01B1, 0x3397, 0x2B55, 0x0170, 0x01D0, 0x01CF, 0x01CE, 0x01AE, 0x09AF, 0x09CE, 0x014C,
  0x014C, 0x1A52, 0x09F0, 0x014D, 0x00EC, 0x1250, 0x014C, 0x0068, 0x2AB1, 0x32F2, 0x0003, 0x5BB4,
  0xCF7F, 0x11CC, 0x0001, 0x00C8, 0x95BB, 0x7477, 0x0045, 0x0087, 0x00A7, 0x00A7, 0x00E8, 0x198A,
  0x2A2D, 0x2A0D, 0x00C8, 0x0087, 0x0066, 0x0909, 0x326F, 0x21EC, 0x0046, 0x0045, 0x08E9, 0x220E,
  0x21EE, 0x00AA, 0x01CE, 0x0A0E, 0x09AD, 0x090A, 0x08E9, 0x09AD, 0x09F1, 0x09D0, 0xD6FD, 0xF7DF,
  0xE79F, 0xEFBF, 0xF7FF, 0xFFFF, 0xB63B, 0x4333, 0x018F, 0x018F, 0x01AF, 0xB63B, 0xF7FF, 0xEFBF,
  0xEFBF, 0xEFBF, 0xEFBF, 0xEFBF, 0xEFBF, 0xEFBF, 0xEFBF, 0xF7BF, 0x32D2, 0x01B0, 0x2A90, 0x7B2B,
  0x5209, 0x62EB, 0x526A, 0x424A, 0x424A, 0x62AA, 0x8BEE, 0x5AEB, 0x6B0B, 0x8C52, 0x1230, 0x016F,
  0x6C76, 0xFFFF, 0xE79F, 0xEFBF, 0xEFBF, 0xEFBF, 0xEFBF, 0xEFBF, 0xEFBF, 0xE79F, 0xFFFF, 0x7CB7,
  0x016F, 0x0A10, 0x3AAF, 0x4AEE, 0x226F, 0x01D0, 0x1210, 0xD71D, 0xCEBC, 0x5394, 0x018F, 0x018F,
  0x0A11, 0x11EF, 0x118B, 0x2988, 0x5B0E, 0x29EA, 0x08E5, 0x08C5, 0x1106, 0x1106, 0x08A4, 0x08A4,
  0x2987, 0x1905, 0x3A49, 0x638F, 0x630C, 0x4A28, 0x0063, 0x00A4, 0x0084, 0x1105, 0x10E5, 0x1926,
  0x29E8, 0x00A4, 0x0884, 0x41E8, 0x2128, 0x00C7, 0x00E7, 0x08C6, 0x08C6, 0x00C6, 0x00E7, 0x08E7,
  0x08E7, 0x00C6, 0x08C6, 0x08C6, 0x08C6, 0x00C7, 0x08E8, 0x08E7, 0x0084, 0x08A6, 0x0908, 0x198B,
  0x0949, 0x00E8, 0x094A, 0x0929, 0x0908, 0x00E8, 0x0928, 0x0129, 0x0109, 0x0929, 0x094A, 0x00C7,
  0x094A, 0x3208, 0x0000, 0xBDD7, 0xFFFF, 0x4208, 0x18E3, 0x0000, 0x0000, 0x0000, 0x0000, 0x0000,
  0x0000, 0x0000, 0x2189, 0x1A2F, 0x010A, 0x11CC, 0x32B2, 0x0A53, 0x6479, 0x32D2, 0x1A0F, 0x2292,
  0x1231, 0x2AD3, 0x74BA, 0x4BF8, 0x4C57, 0x859C, 0x5CFB, 0x7E3F, 0x86FF, 0x3D3B, 0x02F7, 0x0BFA,
  0x012F, 0x1211, 0x1251, 0x016C, 0x018D, 0x018D, 0x00E9, 0x118C, 0x094A, 0x00E7, 0x0109, 0x00E8,
  0x00C8, 0x0086, 0x094A, 0x00E6, 0x0044, 0x00C6, 0x098B, 0x0231, 0x1377, 0x0B57, 0x016E, 0x00A8,
  0x0084, 0x0043, 0x0043, 0x0043, 0x0063, 0x0042, 0x0042, 0x0042, 0x0022, 0x0043, 0x0022, 0x0022,
  0x0021, 0x0021, 0x0021, 0x0021, 0x0001, 0x0001, 0x0001, 0x0000, 0x0000, 0x0000, 0x0000, 0x0000,
  0x0000, 0x0000, 0x0000, 0x0000, 0x0000, 0x0000, 0x0000, 0x0000, 0x0000, 0x0000, 0x0000, 0x0000,
  0x1128, 0x0085, 0x0022, 0x0042, 0x0042, 0x0042, 0x0022, 0x0064, 0x1107, 0x0043, 0x0064, 0x0064,
  0x0084, 0x00A4, 0x00A5, 0x0085, 0x00E7, 0x11CB, 0x1A4F, 0x09AC, 0x014B, 0x1B74, 0x01F0, 0x12B5,
  0x0213, 0x02D5, 0x0317, 0xBFFF, 0x9FFF, 0x86FF, 0x6E7F, 0x45DD, 0x8EDE, 0x457D, 0x3D7E, 0x1C9B,
  0x2CDC, 0x2C3B, 0x0337, 0x02B5, 0xAEFD, 0x64F9, 0x2BB7, 0x0232, 0x010F, 0x1AD4, 0x2B56, 0x01B0,
  0x01F1, 0x01F0, 0x01AF, 0x018D, 0x01CE, 0x01AE, 0x09EF, 0x1A51, 0x09EF, 0x0210, 0x018E, 0x010D,
  0x0007, 0x014D, 0x014C, 0x7D38, 0xAE9E, 0x6C78, 0x2A91, 0x4312, 0x0087, 0x0004, 0x19CD, 0xAE7D,
  0x5BD3, 0x0088, 0x0025, 0x00A6, 0x00A7, 0x116A, 0x196A, 0x1128, 0x0908, 0x0887, 0x08A7, 0x0886,
  0x0909, 0x2A2D, 0x0909, 0x0045, 0x0065, 0x0086, 0x194B, 0x090A, 0x010B, 0x44BA, 0x4D9B, 0x0231,
  0x010B, 0x092A, 0x0909, 0x114B, 0x09F0, 0x016F, 0x6415, 0xFFFF, 0xF7FF, 0xFFFF, 0xBE5B, 0x4B53,
  0x018F, 0x018F, 0x09F0, 0x1210, 0x018F, 0x4354, 0xF7DF, 0xEFBF, 0xEFBF, 0xEFBF, 0xEFBF, 0xEFBF,
  0xEFBF, 0xEFBF, 0xEF9F, 0xFFFF, 0xA5BA, 0x016E, 0x0A11, 0x4ACE, 0x526B, 0x31C8, 0x2126, 0x1106,
  0x0885, 0x72EA, 0x9C0D, 0x20E4, 0x6ACA, 0x5A28, 0x21ED, 0x01F0, 0x1210, 0xD71D, 0xF7DF, 0xEFBF,
  0xEFBF, 0xEFBF, 0xEFBF, 0xEFBF, 0xEFBF, 0xEFBF, 0xEFDF, 0xDF5E, 0x1A31, 0x01D0, 0x1A0E, 0x4ACD,
  0x3A8D, 0x09F0, 0x01D0, 0x2A92, 0x09D0, 0x016F, 0x0A11, 0x11F0, 0x198B, 0x10E6, 0x08A4, 0x08C4,
  0x3A4B, 0x21A8, 0x00C5, 0x08A4, 0x10E5, 0x0884, 0x18E5, 0x2967, 0x2967, 0x0883, 0x21C8, 0x64B4,
  0x31E9, 0x7ACA, 0xBCB1, 0x3187, 0x08A4, 0x10E5, 0x10C4, 0x08C4, 0x1926, 0x1906, 0x0002, 0xAD13,
  0x734F, 0x0046, 0x10E8, 0x08C6, 0x0086, 0x00A6, 0x08C7, 0x218A, 0x1149, 0x00C7, 0x08E7, 0x08C6,
  0x08C6, 0x08C6, 0x08C6, 0x00A5, 0x00A5, 0x08A6, 0x08E7, 0x0128, 0x19AB, 0x00C8, 0x08A7, 0x0929,
  0x116B, 0x096A, 0x0908, 0x00E8, 0x0109, 0x0109, 0x00E9, 0x0045, 0x4B10, 0x2945, 0x3145, 0xE6FB,
  0xA534, 0x0000, 0x18E3, 0x0000, 0x0000, 0x0000, 0x0000, 0x0000, 0x0000, 0x08C3, 0x2A6E, 0x014B,
  0x00E8, 0x018C, 0x2250, 0x22D4, 0x5C58, 0x32B2, 0x4B13, 0x1A51, 0x1A71, 0x2250, 0x5BF7, 0x64B9,
  0x74F8, 0x6D1A, 0x0B18, 0x657E, 0x8EDF, 0xCFFF, 0x5E1F, 0x1C7D, 0x0234, 0x00ED, 0x1231, 0x1291,
  0x016D, 0x018E, 0x00C9, 0x096B, 0x096A, 0x0108, 0x00C7, 0x00E8, 0x00C7, 0x0086, 0x00E8, 0x0949,
  0x0023, 0x0022, 0x0066, 0x01F2, 0xF7FF, 0xFFFF, 0x0170, 0x00E8, 0x0085, 0x0085, 0x0064, 0x0043,
  0x0043, 0x0022, 0x0042, 0x0042, 0x0042, 0x0022, 0x0021, 0x0021, 0x0021, 0x0021, 0x0021, 0x0021,
  0x0021, 0x0021, 0x0001, 0x0000, 0x0000, 0x0000, 0x0000, 0x0000, 0x2188, 0x0021, 0x0000, 0x0000,
  0x0000, 0x0000, 0x0000, 0x0000, 0x0000, 0x0000, 0x0000, 0x0000, 0x0001, 0x1148, 0x0022, 0x0022,
  0x0022, 0x0022, 0x0001, 0x08E6, 0x08C5, 0x0042, 0x0044, 0x0064, 0x00A4, 0x0043, 0x0043, 0x19CB,
  0x222E, 0x116A, 0x0086, 0x0086, 0x122E, 0x12B3, 0x0211, 0x1335, 0x0294, 0x0296, 0x76DD, 0xCFFF,
  0x76FF, 0x769F, 0x45DD, 0x86DE, 0x65DD, 0x3D7C, 0x2CFC, 0x24DB, 0x2C9B, 0x02F6, 0x1359, 0x859B,
  0xF7FF, 0x1B77, 0x01B1, 0x00AD, 0x43F7, 0x2B35, 0x0190, 0x0232, 0x0211, 0x01F0, 0x018E, 0x09AF,
  0x018E, 0x016E, 0x01AF, 0x2B14, 0x2AF4, 0x014D, 0x00AC, 0x00EC, 0x1A0F, 0x74FA, 0xB6BF, 0x8D3A,
  0x53D7, 0x7D19, 0x53D5, 0x0005, 0x0006, 0x014A, 0x5BF4, 0x3AB0, 0x0068, 0x0068, 0x00A7, 0x08E7,
  0x08E8, 0x08C7, 0x08C7, 0x0885, 0x08A5, 0x08C7, 0x08E9, 0x09AE, 0x1210, 0x098D, 0x0887, 0x08C7,
  0x0909, 0x08E7, 0x0908, 0x00E9, 0x0291, 0xDEFB, 0xDEDB, 0x0B99, 0x0A0F, 0x09AC, 0x118B, 0x114A,
  0x09AD, 0x09F1, 0x09CF, 0xCEDD, 0xC69C, 0x4B54, 0x018F, 0x018F, 0x0A11, 0x1210, 0x328F, 0x32B0,
  0x09F0, 0x018F, 0xAE1B, 0xFFFF, 0xEF9F, 0xEFBF, 0xEFBF, 0xEFBF, 0xEFBF, 0xEFBF, 0xEFBF, 0xEFBF,
  0xF7DF, 0x32F2, 0x01B0, 0x1A2F, 0x2147, 0x4A8A, 0x6B8D, 0x634D, 0x524A, 0xAC8D, 0xBCAE, 0xB593,
  0x8C0F, 0x8C0E, 0x4A8B, 0x1210, 0x016F, 0x6C56, 0xFFFF, 0xE79F, 0xEFBF, 0xEFBF, 0xEFBF, 0xEFBF,
  0xEFBF, 0xEFBF, 0xE79F, 0xFFFF, 0x7CD7, 0x016E, 0x1211, 0x52EE, 0x6B4E, 0x222D, 0x0A11, 0x01D0,
  0x09F1, 0x09EF, 0x118B, 0x31EA, 0x2146, 0x10E5, 0x08A5, 0x1147, 0x0906, 0x00A4, 0x08C5, 0x10E6,
  0x10C5, 0x1926, 0x0884, 0x0063, 0x2988, 0xCE19, 0x1906, 0x1A2C, 0x11EB, 0x838E, 0xFFDE, 0x9410,
  0xA534, 0x7BCF, 0x1905, 0x18E5, 0x2147, 0x2147, 0x426B, 0x0023, 0x0044, 0x3A0A, 0x2988, 0x0085,
  0x08C5, 0x08C5, 0x1107, 0x1928, 0x1907, 0x1107, 0x08E7, 0x00A6, 0x08C6, 0x08C6, 0x08C5, 0x08C6,
  0x08A6, 0x08A5, 0x0907, 0x0128, 0x00E9, 0x19CC, 0x0109, 0x00A7, 0x00A5, 0x0927, 0x116A, 0x19AB,
  0x094A, 0x00E9, 0x00A8, 0x012A, 0x5B2E, 0x0000, 0x6B4D, 0xF79E, 0x2124, 0x10A2, 0x0000, 0x0000,
  0x0000, 0x0000, 0x0000, 0x0000, 0x0020, 0x2189, 0x1A2F, 0x010A, 0x0129, 0x3AAF, 0x32D2, 0x01D0,
  0x22D3, 0x09D0, 0x2A91, 0x1A30, 0x09CE, 0x2A91, 0x4356, 0x3356, 0x7CF9, 0x5C38, 0x0AB6, 0x3C5B,
  0x7E3F, 0x8F1F, 0xB7FF, 0x1D7E, 0x03D9, 0x0B15, 0x0232, 0x01F0, 0x01AF, 0x018E, 0x00EA, 0x014B,
  0x09AC, 0x016B, 0x00C8, 0x00E8, 0x00C7, 0x0086, 0x0044, 0x0108, 0x0086, 0x00E6, 0x09CD, 0x0190,
  0x4D9F, 0x771F, 0x0170, 0x00C8, 0x0064, 0x0043, 0x0043, 0x0042, 0x0042, 0x0042, 0x0042, 0x0042,
  0x0043, 0x0042, 0x0021, 0x0021, 0x0021, 0x0021, 0x0021, 0x0001, 0x0021, 0x0021, 0x0862, 0x0001,
  0x0021, 0x0001, 0x0000, 0x0000, 0x0042, 0x0000, 0x0000, 0x0000, 0x0000, 0x0000, 0x0000, 0x0000,
  0x0000, 0x0000, 0x0000, 0x0000, 0x0000, 0x0063, 0x10E7, 0x0001, 0x0043, 0x0043, 0x0043, 0x1148,
  0x0064, 0x0064, 0x0044, 0x0044, 0x0065, 0x19AA, 0x226F, 0x118B, 0x00A7, 0x0086, 0x00C7, 0x0949,
  0x3313, 0x01EF, 0x0231, 0x1337, 0x0257, 0x2CBB, 0xE7FF, 0x8F5F, 0x6EDF, 0x461F, 0x5E3E, 0x8F1F,
  0x353D, 0x2D3B, 0x24DB, 0x557D, 0x02D6, 0x0295, 0x7D9B, 0xFFFF, 0xB75F, 0x2336, 0x0150, 0x3BD6,
  0x4C16, 0x012D, 0x01F0, 0x01F0, 0x01F0, 0x01CF, 0x01AE, 0x018E, 0x014C, 0x01AE, 0x1250, 0x01AF,
  0x00CB, 0x00EA, 0x22B2, 0x853B, 0x53D6, 0x5C16, 0x11CC, 0x7D3A, 0x74FA, 0x32F2, 0x0049, 0x00EA,
  0x00CA, 0x00C9, 0x3ACF, 0x0046, 0x00C9, 0x0088, 0x00C8, 0x08C6, 0x0885, 0x08A5, 0x10E6, 0x1107,
  0x116B, 0x11CF, 0x0A11, 0x01B0, 0x018F, 0x0A11, 0x09CF, 0x19CC, 0x196B, 0x0908, 0x00A7, 0x0909,
  0x01F0, 0x457B, 0x3D9B, 0x0213, 0x014B, 0x0929, 0x08E8, 0x114A, 0x19CC, 0x09F0, 0x01D0, 0x2271,
  0x09D0, 0x018F, 0x0A11, 0x11F0, 0x19ED, 0x31EB, 0x3A4C, 0x428D, 0x1A30, 0x018F, 0x3B33, 0xF7DF,
  0xEFBF, 0xEFBF, 0xEFBF, 0xEFBF, 0xEFBF, 0xEFBF, 0xEFBF, 0xEF9F, 0xFFFF, 0xA5DA, 0x016F, 0x0A11,
  0x198A, 0x6ACA, 0x734C, 0x39A7, 0xA46E, 0xBDF3, 0x838D, 0x420A, 0x0885, 0x426B, 0x39E9, 0x19ED,
  0x01F1, 0x09F0, 0xCEFD, 0xF7DF, 0xEFBF, 0xEFBF, 0xEFBF, 0xEFBF, 0xEFBF, 0xEFBF, 0xEFBF, 0xEFBF,
  0xEF9F, 0x2AB2, 0x01D0, 0x222E, 0x2167, 0x29C9, 0x42AF, 0x222E, 0x11AC, 0x1107, 0x0863, 0x10E5,
  0x4209, 0x0084, 0x2127, 0x39EA, 0x0084, 0x08A5, 0x00A4, 0x08C5, 0x1126, 0x0002, 0x2988, 0x6B8F,
  0x0001, 0x420A, 0x528B, 0x00C7, 0x4370, 0x632C, 0x6B8C, 0x08C4, 0x2986, 0xEE98, 0x0001, 0x31C8,
  0x2968, 0x3A09, 0x634D, 0x0086, 0x08A6, 0x10C5, 0x4A8A, 0x2127, 0x10A4, 0x08A5, 0x2107, 0x18C7,
  0x83B0, 0x528C, 0x1927, 0x08E7, 0x08C6, 0x00C6, 0x08C6, 0x08C6, 0x08C6, 0x08E7, 0x08C6, 0x1108,
  0x320B, 0x5B2F, 0x1129, 0x00A7, 0x00C7, 0x0908, 0x0908, 0x1149, 0x19CC, 0x220C, 0x0068, 0x2A4F,
  0x0000, 0x0000, 0x94D2, 0x6B6D, 0x0000, 0x0861, 0x0000, 0x0000, 0x0000, 0x0000, 0x0000, 0x0000,
  0x0001, 0x32AF, 0x224F, 0x19AC, 0x322E, 0x3A6D, 0x1A0E, 0x016F, 0x0A10, 0x3335, 0x2292, 0x09CE,
  0x2250, 0x2230, 0x2272, 0x22B5, 0x5417, 0xBE3B, 0x2315, 0x1B57, 0x655C, 0x5D9D, 0xBFFF, 0x4E1E,
  0x0399, 0x03D9, 0x141A, 0x0B9A, 0x1359, 0x0A10, 0x00CA, 0x018C, 0x0A50, 0x014D, 0x00E9, 0x010A,
  0x0087, 0x00A6, 0x0108, 0x11CC, 0x0949, 0x0087, 0x0086, 0x0087, 0x01D1, 0x1317, 0x010B, 0x0065,
  0x00C6, 0x0064, 0x0023, 0x0042, 0x0042, 0x0043, 0x0043, 0x0043, 0x0043, 0x0042, 0x0021, 0x0022,
  0x0021, 0x0021, 0x0021, 0x0021, 0x0001, 0x0001, 0x0021, 0x0022, 0x0842, 0x0000, 0x0042, 0x0022,
  0x0000, 0x0000, 0x0000, 0x0000, 0x0000, 0x0000, 0x0000, 0x0000, 0x0000, 0x0000, 0x0000, 0x0000,
  0x0022, 0x0000, 0x08A4, 0x08C5, 0x0043, 0x0042, 0x0108, 0x0949, 0x0043, 0x0022, 0x0043, 0x0928,
  0x1A0E, 0x19CC, 0x00C7, 0x0065, 0x00A7, 0x0129, 0x0109, 0x19ED, 0x1AB2, 0x016C, 0x01F0, 0x0B58,
  0x02B9, 0xB7FF, 0xCFFF, 0x7F1F, 0x5E7F, 0x3DDE, 0x8F1F, 0x455D, 0x34FD, 0x2CDB, 0x761E, 0x241A,
  0x13B8, 0x44DB, 0x85FD, 0xDFDF, 0x5CDA, 0x5CD9, 0x6D1A, 0x3BD7, 0x014F, 0x01AE, 0x01CE, 0x01AE,
  0x018E, 0x018E, 0x016D, 0x014C, 0x012C, 0x01EE, 0x012C, 0x008B, 0x226F, 0x8D98, 0x4313, 0x3B14,
  0x2B13, 0x1AB3, 0x2B33, 0x759D, 0x5CD9, 0x008A, 0x0089, 0x00A9, 0x0067, 0x220E, 0x00A7, 0x0045,
  0x08E9, 0x094B, 0x19EE, 0x11AC, 0x198A, 0x218A, 0x19CC, 0x11EF, 0x0A11, 0x01D0, 0x014E, 0x32D2,
  0x6415, 0x01AF, 0x09F0, 0x116C, 0x08A7, 0x08C7, 0x1148, 0x0929, 0x090C, 0x00EC, 0x018E, 0x016D,
  0x00A9, 0x08C9, 0x08E8, 0x0087, 0x08A7, 0x096C, 0x0A11, 0x01D0, 0x09F1, 0x1210, 0x1A0E, 0x2A4E,
  0x3ACF, 0x2A6D, 0x326D, 0x3A6D, 0x2A6F, 0x09F1, 0x018F, 0xADFB, 0xFFFF, 0xEF9F, 0xEFBF, 0xEFBF,
  0xEFBF, 0xEFBF, 0xEFBF, 0xEFBF, 0xEFBF, 0xF7DF, 0x3B13, 0x01B0, 0x222F, 0xAD72, 0x8B8B, 0x834A,
  0x9C4E, 0x632D, 0x320B, 0x0862, 0x20C3, 0x20E5, 0x2967, 0x424B, 0x1210, 0x016F, 0x6436, 0xFFFF,
  0xE79F, 0xEFBF, 0xEFBF, 0xEFBF, 0xEFBF, 0xE79F, 0xF7FF, 0xFFFF, 0xD6FD, 0x3B13, 0x01B0, 0x11EF,
  0x1927, 0x4A8B, 0x2987, 0x0883, 0x31A8, 0x3A09, 0x08A4, 0x0043, 0x2125, 0x41E8, 0x83AF, 0x2126,
  0x6B6E, 0x2967, 0x0024, 0x0885, 0x3A09, 0x39E7, 0x0863, 0x10E4, 0x0063, 0x3986, 0x732C, 0x0044,
  0x2A8D, 0x2189, 0x0024, 0x6B6E, 0x83EE, 0x8C0F, 0x0002, 0x2186, 0x08E5, 0x08E6, 0x1947, 0x08A6,
  0x0065, 0x0885, 0x08C6, 0x2127, 0x31A7, 0x2905, 0x2946, 0x1906, 0x0064, 0x0065, 0x1948, 0x1947,
  0x10E6, 0x08C6, 0x08C6, 0x08C6, 0x08A6, 0x08E7, 0x00E7, 0x0043, 0x5A8B, 0x31C9, 0x9452, 0x29A8,
  0x0106, 0x00A7, 0x0908, 0x1108, 0x08C7, 0x00E8, 0x0048, 0x7C95, 0xB594, 0xE73C, 0xFFFF, 0x7BEF,
  0x0000, 0x0000, 0x0000, 0x0000, 0x0000, 0x0000, 0x0000, 0x0020, 0x08C5, 0x1A4F, 0x098C, 0x19ED,
  0x0129, 0x29EC, 0x118D, 0x016E, 0x016D, 0x2271, 0x53B5, 0x19EE, 0x11EE, 0x19EF, 0x2AD3, 0x1AB4,
  0x1AD3, 0xBE3B, 0x3BB7, 0x1B78, 0x4459, 0x7E3F, 0x86BF, 0x8F3F, 0x0398, 0x03BA, 0x141B, 0x143C,
  0x24BD, 0x1C9B, 0x0211, 0x018E, 0x02B3, 0x018E, 0x00EA, 0x018D, 0x09AE, 0x016B, 0x0169, 0x0108,
  0x0108, 0x00A7, 0x0085, 0x00A7, 0x092B, 0x098B, 0x098D, 0x0023, 0x0083, 0x0084, 0x0064, 0x0043,
  0x0043, 0x0043, 0x0043, 0x0042, 0x0042, 0x0043, 0x0022, 0x0021, 0x0022, 0x0021, 0x0021, 0x0021,
  0x0021, 0x0001, 0x0021, 0x0001, 0x0000, 0x0000, 0x1947, 0x1927, 0x0000, 0x0000, 0x0041, 0x0000,
  0x0000, 0x0000, 0x0000, 0x0000, 0x0000, 0x0000, 0x0000, 0x0000, 0x0042, 0x0022, 0x0000, 0x0907,
  0x00A6, 0x0044, 0x098B, 0x0023, 0x0022, 0x08E7, 0x19CB, 0x1189, 0x00A5, 0x0085, 0x00C7, 0x00C7,
  0x00E8, 0x096B, 0x09AC, 0x1A71, 0x01EF, 0x016E, 0x0252, 0x035A, 0x459C, 0xEFFF, 0x9F9F, 0x76DF,
  0x3DDE, 0x5E1E, 0x765D, 0x0C7C, 0x351C, 0x867E, 0x4D1C, 0x0358, 0xBF9F, 0x6DDD, 0x2C19, 0x0AF4,
  0x00AD, 0x6D1B, 0x9EBE, 0x0252, 0x1B15, 0x1B14, 0x2313, 0x1AD2, 0x22F3, 0x22F3, 0x1A92, 0x0A51,
  0x0A30, 0x018E, 0x3314, 0x95FE, 0x2A91, 0x222E, 0x0006, 0x5418, 0xB79E, 0x9F1E, 0x869D, 0x5D3B,
  0x016D, 0x00A9, 0x098D, 0x11AD, 0x3290, 0x7CB7, 0x114A, 0x19CC, 0x118C, 0x11AC, 0x114A, 0x1129,
  0x116A, 0x09AE, 0x0A11, 0x01D0, 0x016E, 0x2271, 0x9538, 0xEFBF, 0xF7FF, 0x2AB2, 0x01B0, 0x09AE,
  0x1108, 0x0929, 0x198C, 0x096B, 0x0087, 0x00A7, 0x00A8, 0x010A, 0x092B, 0x00EA, 0x08C9, 0x110A,
  0x0909, 0x08E8, 0x092A, 0x098D, 0x094A, 0x08C6, 0x10A6, 0x198A, 0x19CB, 0x21CB, 0x21CA, 0x2A0B,
  0x3A4D, 0x1230, 0x018F, 0x3B33, 0xF7DF, 0xEFBF, 0xEFBF, 0xEFBF, 0xEFBF, 0xEFBF, 0xEFBF, 0xEFBF,
  0xEF9F, 0xFFFF, 0xADFB, 0x018F, 0x0A11, 0x7454, 0xB591, 0xACCF, 0x62EB, 0x31C8, 0x5248, 0x9C2D,
  0xBD70, 0x8369, 0x6A88, 0x836B, 0x42AE, 0x09F1, 0x09F0, 0xCEDD, 0xF7FF, 0xEFBF, 0xEFBF, 0xE79F,
  0xF7DF, 0xFFFF, 0xD6FD, 0x6C36, 0x09CF, 0x01AF, 0x0A11, 0x21EC, 0x4A6A, 0x3A09, 0x0862, 0x2988,
  0x630C, 0x4A08, 0x2946, 0x0021, 0x0042, 0x93EE, 0x41C7, 0x0001, 0x4A4A, 0x3A08, 0x526A, 0xACD3,
  0x5A8A, 0x83EF, 0x18C4, 0x2166, 0x2125, 0x0042, 0x18C4, 0x62CC, 0x322A, 0x6B4F, 0x2128, 0x39E9,
  0x4A49, 0x2905, 0x0002, 0x18E5, 0x2988, 0x08A5, 0x08E7, 0x08A5, 0x0085, 0x0085, 0x08C7, 0x08E7,
  0x524A, 0xE5B5, 0x0062, 0x0022, 0x0043, 0x0044, 0x0024, 0x2927, 0x10E7, 0x2168, 0x3188, 0x0086,
  0x08E7, 0x1128, 0x00E7, 0x0044, 0x0085, 0x00C7, 0x21A9, 0x4AAB, 0x528B, 0x39C9, 0x1129, 0x0928,
  0x00C7, 0x0001, 0x4B0F, 0xFFFF, 0xFFFF, 0xFFFF, 0xFFFF, 0xFFFF, 0xFFFF, 0x7BEF, 0x0000, 0x0000,
  0x0000, 0x0000, 0x0000, 0x00A2, 0x2A8D, 0x09ED, 0x014B, 0x0088, 0x0046, 0x6AEE, 0x2A2D, 0x09CD,
  0x19ED, 0x094B, 0x116C, 0x2A70, 0x4B73, 0x3292, 0x3334, 0x1273, 0x1253, 0x5C56, 0x7D39, 0x1B57,
  0x2338, 0x4C9C, 0x761F, 0xA7DF, 0x3D5D, 0x03DB, 0x0BB9, 0x0B78, 0x1399, 0x1C5B, 0x1C3C, 0x0B59,
  0x875F, 0x3519, 0x012C, 0x0A2F, 0x01AC, 0x00A6, 0x0065, 0x00A6, 0x016A, 0x0109, 0x0065, 0x0908,
  0x114A, 0x00C7, 0x1270, 0x0045, 0x0064, 0x0064, 0x0084, 0x0064, 0x0063, 0x0063, 0x0042, 0x0041,
  0x0042, 0x0043, 0x0023, 0x0021, 0x0022, 0x0022, 0x0021, 0x0021, 0x0021, 0x0021, 0x0021, 0x0001,
  0x0000, 0x0000, 0x0000, 0x0000, 0x0001, 0x0000, 0x0841, 0x0001, 0x0000, 0x0000, 0x0000, 0x0000,
  0x0000, 0x0000, 0x0000, 0x0000, 0x0022, 0x0022, 0x0042, 0x0044, 0x016B, 0x00EC, 0x014C, 0x00E7,
  0x11EC, 0x118B, 0x0085, 0x0023, 0x0043, 0x00C6, 0x00C6, 0x00C6, 0x0129, 0x00C9, 0x09EE, 0x2313,
  0x0230, 0x01D1, 0x0276, 0x0C9D, 0xD7FF, 0xBFFF, 0x86FF, 0x4DFF, 0x3D9D, 0xA71E, 0x147C, 0x149D,
  0x765E, 0x555C, 0x23D8, 0x5D1C, 0x8E1D, 0x1B77, 0x12F6, 0x00EE, 0x018F, 0x1AB4, 0x016F, 0x01F0,
  0x01D0, 0x01B0, 0x018E, 0x016D, 0x018D, 0x01AE, 0x01AF, 0x01CF, 0x018E, 0x3B96, 0x5418, 0x4375,
  0x016E, 0x098E, 0x9DDD, 0x975E, 0xDF7D, 0xEF5D, 0xB73D, 0x24B8, 0x0A0E, 0x224F, 0x2270, 0x11EF,
  0x3290, 0x5BB3, 0x0067, 0x00A7, 0x08A6, 0x08E7, 0x1109, 0x09AD, 0x0A11, 0x01D0, 0x016E, 0x2271,
  0x9538, 0xEF9F, 0xFFFF, 0xEFBF, 0xF7FF, 0x9D9A, 0x016F, 0x0A11, 0x116A, 0x1149, 0x11CC, 0x0909,
  0x08C8, 0x08C8, 0x0066, 0x00A7, 0x118C, 0x00EA, 0x00A8, 0x114A, 0x21AB, 0x2A0C, 0x08C7, 0x08E8,
  0x08C7, 0x0886, 0x0865, 0x114A, 0x21AA, 0x1108, 0x1108, 0x1928, 0x218A, 0x21ED, 0x0A11, 0x018F,
  0xA5DA, 0xFFFF, 0xEF9F, 0xEFBF, 0xEFBF, 0xEFBF, 0xEFBF, 0xEFBF, 0xEFBF, 0xEFBF, 0xF7DF, 0x3B13,
  0x018F, 0x2A70, 0x93ED, 0x836D, 0x5269, 0x838C, 0xBD8F, 0xBE17, 0xBE18, 0xBDF8, 0xB5D5, 0xB510,
  0x9D35, 0x1A51, 0x018F, 0x6416, 0xFFFF, 0xE79F, 0xF7DF, 0xFFFF, 0xD71D, 0x6C36, 0x11F0, 0x016F,
  0x09F1, 0x09F0, 0x322D, 0x528A, 0x62CB, 0x1905, 0x0044, 0x1926, 0x2966, 0x628A, 0x0863, 0x08A6,
  0x08A5, 0x3986, 0x41E7, 0x2104, 0x3186, 0x0842, 0x5A8A, 0xB532, 0x0001, 0x00A6, 0x31E9, 0x39A8,
  0x3166, 0x39A7, 0x2988, 0x1928, 0x00C8, 0x00E8, 0x0044, 0x0883, 0x2105, 0x41E8, 0x39E9, 0x2946,
  0x2946, 0x2967, 0x4AAD, 0x424C, 0x0864, 0x2127, 0x2147, 0x18E7, 0x29A9, 0x1947, 0x0064, 0x0064,
  0x0065, 0x0065, 0x0065, 0x1907, 0x10E7, 0x00C5, 0x10E5, 0x08E7, 0x08E6, 0x1107, 0x08E7, 0x00C7,
  0x00A6, 0x00C6, 0x08E7, 0x08C8, 0x1129, 0x3A2A, 0x52AD, 0x198A, 0x0087, 0x0002, 0xFFFF, 0xFFFF,
  0xFFFF, 0xFFFF, 0xF79E, 0xB5D7, 0xB5B7, 0xEF7D, 0xBE17, 0x2104, 0x0000, 0x0000, 0x0000, 0x1167,
  0x3B73, 0x09AD, 0x012B, 0x096A, 0x93CF, 0x6ACC, 0x010B, 0x11CD, 0x19ED, 0x09AC, 0x19ED, 0x222F,
  0x32B0, 0x2271, 0x2292, 0x4B75, 0x1A30, 0x3314, 0xA61D, 0x2B36, 0x1B38, 0x2B98, 0x54FC, 0xA77F,
  0x767F, 0x0275, 0x1BFA, 0x1C1B, 0x1399, 0x13D9, 0x13BA, 0x039B, 0xAFFF, 0x76FF, 0x01B0, 0x0108,
  0x00A6, 0x00A6, 0x00E8, 0x00C8, 0x00E8, 0x0109, 0x0066, 0x112A, 0x0064, 0x00A5, 0x1A91, 0x0066,
  0x0044, 0x0085, 0x0064, 0x0064, 0x0064, 0x0064, 0x0063, 0x0022, 0x0021, 0x0044, 0x0044, 0x0002,
  0x0022, 0x0022, 0x0021, 0x0021, 0x0021, 0x0001, 0x0001, 0x0001, 0x0000, 0x0083, 0x0883, 0x0021,
  0x0000, 0x0000, 0x0000, 0x0041, 0x0000, 0x0000, 0x0000, 0x0000, 0x0000, 0x0000, 0x0000, 0x0000,
  0x0022, 0x0022, 0x0083, 0x0046, 0x0230, 0xE7FF, 0x349B, 0x01CE, 0x0087, 0x0044, 0x0085, 0x0085,
  0x0065, 0x00A6, 0x0065, 0x00A7, 0x012A, 0x012B, 0x2AF2, 0x0A50, 0x0231, 0x0295, 0x0298, 0x6EDF,
  0xE7FF, 0x871F, 0x665F, 0x355D, 0x767E, 0x6DFE, 0x037A, 0x867F, 0x4D3B, 0x44FB, 0xB6FF, 0x7DBC,
  0x1B15, 0x3419, 0x0213, 0x01F1, 0x2334, 0x01D0, 0x0211, 0x0231, 0x0211, 0x01F0, 0x01AF, 0x018D,
  0x016C, 0x012C, 0x012B, 0x00C9, 0x3B12, 0x3312, 0x010C, 0x00CB, 0x012C, 0x00AA, 0x2AD2, 0x2C59,
  0x971D, 0xE73C, 0x463B, 0x01AF, 0x0089, 0x0088, 0x0067, 0x0109, 0x118B, 0x00A7, 0x08E8, 0x08E8,
  0x0908, 0x1149, 0x09CF, 0x09F1, 0x016E, 0x2251, 0x8D18, 0xEF9E, 0xFFFF, 0xEFBF, 0xE79F, 0xEFBF,
  0xEFBF, 0xEFBF, 0x32D2, 0x01B0, 0x11CE, 0x21CB, 0x114A, 0x08E9, 0x0908, 0x08E8, 0x0087, 0x00A7,
  0x092A, 0x094C, 0x0088, 0x0087, 0x0086, 0x08E7, 0x08E8, 0x0909, 0x08E9, 0x0065, 0x3A2B, 0xBDF6,
  0x83F0, 0x4A8C, 0x4A8C, 0x426C, 0x1969, 0x2169, 0x120F, 0x01B0, 0x3313, 0xF7DF, 0xEFBF, 0xEFBF,
  0xEFBF, 0xEFBF, 0xEFBF, 0xEFBF, 0xEFBF, 0xEF9F, 0xFFFF, 0xB61B, 0x018F, 0x0A11, 0x21AB, 0x420A,
  0x41A8, 0xB5D1, 0xBDF1, 0xBD2F, 0xBD31, 0xBE18, 0xBDF6, 0xB590, 0xBDD1, 0x5350, 0x09F1, 0x09D0,
  0xCEDD, 0xFFFF, 0xD71D, 0x7456, 0x11F0, 0x016F, 0x09F1, 0x09F0, 0x2A2D, 0x422A, 0x7B6B, 0x5227,
  0x62CB, 0x2967, 0x1967, 0x6B6D, 0x0862, 0x08A4, 0x4229, 0x7BAF, 0x29A7, 0x18C3, 0x4A08, 0x732C,
  0x41C7, 0x6289, 0x5AAA, 0x0002, 0x0065, 0x0065, 0x0004, 0x0001, 0x08A4, 0x3987, 0x18C6, 0x0005,
  0x00E7, 0x0086, 0x0044, 0x0001, 0x0001, 0x4A29, 0x20E5, 0x49E7, 0x730A, 0x3186, 0x08E5, 0x1106,
  0x2948, 0x2927, 0x2968, 0x2968, 0x2148, 0x0067, 0x0066, 0x0065, 0x0065, 0x0085, 0x31EB, 0x39EA,
  0x1928, 0x08E6, 0x08C6, 0x08C6, 0x1107, 0x10E7, 0x5B52, 0x00A7, 0x0065, 0x0907, 0x1948, 0x1908,
  0x1108, 0x08E7, 0x08C7, 0x196A, 0x0025, 0x63B1, 0xFFFF, 0xFFFF, 0xFFFF, 0xFFFF, 0xFFFF, 0xDEFB,
  0xA514, 0x8C51, 0x7BF0, 0x8431, 0x2986, 0x0000, 0x0000, 0x32AD, 0x1A0F, 0x012B, 0x018C, 0x8C53,
  0xC554, 0x29EC, 0x018C, 0x016B, 0x096C, 0x096C, 0x19EE, 0x11AD, 0x3250, 0x120F, 0x01AF, 0x2A71,
  0x1271, 0x0A51, 0xBE1B, 0x4BB7, 0x1AD5, 0x2316, 0x2BD8, 0xA6FF, 0xC7FF, 0x13B7, 0x0150, 0x1B15,
  0x347B, 0x2CBD, 0x0BBA, 0x0BFC, 0x147D, 0x141D, 0x0A96, 0x1270, 0x014B, 0x0087, 0x00C8, 0x014B,
  0x00E8, 0x00E8, 0x00C7, 0x11ED, 0x0022, 0x00A5, 0x222E, 0x00C7, 0x0044, 0x0085, 0x0084, 0x0064,
  0x0064, 0x0063, 0x0023, 0x0043, 0x0022, 0x0003, 0x0005, 0x0023, 0x0002, 0x0042, 0x0022, 0x0021,
  0x0021, 0x0001, 0x0001, 0x0001, 0x0021, 0x0042, 0x0001, 0x0021, 0x0000, 0x0000, 0x0001, 0x0021,
  0x0000, 0x0000, 0x0000, 0x0000, 0x0842, 0x0000, 0x0000, 0x0000, 0x0022, 0x0022, 0x0043, 0x0025,
  0x0A93, 0xEFFF, 0x3CDB, 0x0005, 0x00C7, 0x0108, 0x0129, 0x0129, 0x0109, 0x096A, 0x0909, 0x014B,
  0x01AD, 0x22D2, 0x1AB1, 0x022F, 0x0AF5, 0x02D8, 0x03FA, 0xD7FF, 0x9F7F, 0x6EFF, 0x359E, 0x55FD,
  0x86DF, 0x14DB, 0x65FD, 0xBF5F, 0x4CDB, 0x8E5F, 0x54DA, 0x3C37, 0x6519, 0x0AF4, 0x0275, 0x33B6,
  0x01EF, 0x01D0, 0x0A31, 0x01D0, 0x01F0, 0x01CF, 0x09AE, 0x01AE, 0x016D, 0x014C, 0x0089, 0x32D1,
  0x4B93, 0x00EB, 0x00CB, 0x016D, 0x22B2, 0x3B54, 0x1A50, 0x018E, 0x347A, 0x0C18, 0x02D3, 0x1A91,
  0x092B, 0x00A8, 0x08A8, 0x21AB, 0x3A4D, 0x08C7, 0x08E8, 0x1129, 0x1949, 0x118C, 0x09F1, 0x09D0,
  0x84F8, 0xE77E, 0xFFFF, 0xEFBF, 0xE79F, 0xEFBF, 0xEFBF, 0xEFBF, 0xEF9F, 0xFFFF, 0xA5BA, 0x016F,
  0x0A11, 0x198C, 0x1129, 0x1129, 0x08C7, 0x29CB, 0x08C8, 0x0087, 0x0087, 0x116A, 0x00C7, 0x0066,
  0x0087, 0x08E8, 0x00C8, 0x00A8, 0x0026, 0x39E9, 0xB48F, 0x834B, 0x3166, 0x18C5, 0x6B4D, 0xAD34,
  0x420A, 0x7BAF, 0x7412, 0x0A11, 0x018F, 0xA5DA, 0xFFFF, 0xEF9F, 0xEFBF, 0xEFBF, 0xEFBF, 0xEFBF,
  0xEFBF, 0xEFBF, 0xEFBF, 0xF7FF, 0x4333, 0x018F, 0x1A30, 0x52AC, 0x10C4, 0x93CB, 0xBDD0, 0xBD2F,
  0x8AE7, 0x8B09, 0xBD71, 0xBDF5, 0xB52E, 0x62AA, 0x09CF, 0x018F, 0x53D5, 0x84D7, 0x11F0, 0x016F,
  0x01F1, 0x1210, 0x2A4E, 0x1947, 0x528A, 0x5209, 0xBD93, 0xC618, 0x62AA, 0x0023, 0x0023, 0x1125,
  0x0084, 0x0000, 0x49C7, 0x6AA8, 0x6A27, 0x7289, 0x62A9, 0x734C, 0x2125, 0x41E8, 0x0863, 0x0002,
  0x0045, 0x0886, 0x0025, 0x4A6B, 0x83CE, 0x6ACB, 0x6B0C, 0x1967, 0x428B, 0x734D, 0x6B0C, 0x5A69,
  0xC5D3, 0xFEB7, 0x49A7, 0xACB1, 0x940F, 0x62EC, 0x10E5, 0x2146, 0x528C, 0x18E7, 0x18C6, 0x3188,
  0x0085, 0x0045, 0x0025, 0x0004, 0x0003, 0x31A9, 0x2128, 0x08E7, 0x1107, 0x2169, 0x08A6, 0x10C6,
  0x10C6, 0x10C8, 0x216A, 0x0907, 0x0024, 0x0044, 0x1128, 0x1948, 0x1948, 0x1128, 0x08E7, 0x00C8,
  0x00C7, 0xB5B6, 0x9CD2, 0xFFFF, 0x6B6D, 0x0861, 0xEF9E, 0xE71C, 0xCE39, 0x9492, 0x632C, 0x5ACB,
  0x632C, 0x10A1, 0x0000, 0x32AF, 0x00A9, 0x0006, 0x736F, 0xDDB6, 0x21CB, 0x010B, 0x11CD, 0x096C,
  0x096C, 0x010A, 0x09AC, 0x094B, 0x730F, 0x3A6F, 0x016E, 0x09EF, 0x09CF, 0x1231, 0xEF7E, 0x53B5,
  0x1295, 0x5438, 0x4439, 0x64FB, 0xDFFF, 0x76BF, 0x0191, 0x010B, 0x016F, 0x1377, 0x1C7C, 0x145D,
  0x24BD, 0x661F, 0x02B6, 0x0214, 0x0AD6, 0x1AF5, 0x0A0F, 0x0109, 0x0087, 0x00C7, 0x00C7, 0x1A4E,
  0x0107, 0x00C9, 0x0908, 0x0928, 0x0085, 0x0044, 0x0085, 0x0064, 0x0885, 0x0065, 0x0064, 0x0084,
  0x0065, 0x0A50, 0x75FF, 0x012C, 0x0023, 0x0022, 0x0022, 0x0021, 0x0021, 0x0021, 0x0021, 0x0001,
  0x0001, 0x0001, 0x0000, 0x0001, 0x0001, 0x0021, 0x0001, 0x0020, 0x0000, 0x0000, 0x0000, 0x0000,
  0x0000, 0x0000, 0x0000, 0x0000, 0x0002, 0x0001, 0x0062, 0x0907, 0x014C, 0x01F2, 0x2B96, 0x1A2E,
  0x0046, 0x00A6, 0x00A5, 0x00A6, 0x00A5, 0x0085, 0x00C6, 0x0108, 0x016B, 0x1B13, 0x020F, 0x0AB3,
  0x0295, 0x0257, 0x7EFE, 0xCFFF, 0x771F, 0x3DDF, 0x4DDD, 0x6E9F, 0x459C, 0x55BD, 0xBF5F, 0xA6BE,
  0xD7FF, 0x4CB9, 0x0233, 0x3C38, 0x5CD8, 0x0272, 0x7D9D, 0x0232, 0x0210, 0x0A30, 0x01EF, 0x01CE,
  0x01AE, 0x01CE, 0x01AE, 0x018D, 0x018D, 0x00EA, 0x2A2F, 0x5374, 0x0047, 0x00CA, 0x11AE, 0x2A71,
  0x3B13, 0x2271, 0x018D, 0x2270, 0x1A10, 0x09CF, 0x1A51, 0x00EA, 0x1A0E, 0x19CD, 0x2A2D, 0x21AA,
  0x0909, 0x11CD, 0x09AD, 0x118B, 0x1989, 0x19AC, 0x09F0, 0x09CF, 0xC69C, 0xFFFF, 0xE79F, 0xEFBF,
  0xEFBF, 0xEFBF, 0xEFBF, 0xEFBF, 0xEFBF, 0xEFBF, 0xF7DF, 0x32F2, 0x01B0, 0x11CF, 0x1989, 0x1128,
  0x08E8, 0x1108, 0x08C7, 0x00A7, 0x0085, 0x0086, 0x198A, 0x0087, 0x08C8, 0x08C7, 0x00C7, 0x00E8,
  0x0005, 0x7B8E, 0xD592, 0x1062, 0x1106, 0x0064, 0x39E8, 0x39A7, 0x10A3, 0x2987, 0x7B0B, 0x32D1,
  0x01B0, 0x32F2, 0xEFBF, 0xEFBF, 0xEFBF, 0xEFBF, 0xEFBF, 0xEFBF, 0xEFBF, 0xEFBF, 0xEFBF, 0xFFFF,
  0xB63B, 0x018F, 0x0A11, 0x29EB, 0x5ACB, 0x730B, 0x6B2C, 0x08E7, 0x6B8E, 0x72EA, 0x59A4, 0x8B6C,
  0xBDF6, 0xACF1, 0x0929, 0x0A11, 0x01AF, 0x016F, 0x01F1, 0x1210, 0x098B, 0x1927, 0x2126, 0x2146,
  0x4A6A, 0x0883, 0x732C, 0xB533, 0x940F, 0x0002, 0x3A0A, 0x5A8B, 0x3987, 0x8B6D, 0x9B6A, 0xC50F,
  0xF79E, 0xB40D, 0x3145, 0x39A5, 0xBD53, 0x2967, 0x08C5, 0x0043, 0x08A6, 0x0086, 0x0086, 0x0004,
  0x738E, 0xD593, 0x41A6, 0x31A7, 0x2107, 0x4A29, 0x7B6D, 0x836C, 0xAD31, 0xACF1, 0x8B8E, 0x62CB,
  0x4A2A, 0x39A8, 0x730D, 0x838D, 0x3126, 0x18E7, 0x0003, 0x18C5, 0x0884, 0x00A6, 0x21CB, 0x3A6D,
  0x324D, 0x52CD, 0x31CA, 0x1908, 0x08C7, 0x1928, 0x2128, 0x1085, 0x10E7, 0x1108, 0x194A, 0x0928,
  0x0024, 0x1128, 0x1968, 0x1108, 0x1108, 0x1128, 0x1128, 0x0003, 0x94F6, 0xD658, 0x9492, 0xFFFF,
  0x0000, 0x2144, 0xFFFF, 0x3186, 0x0000, 0x73AE, 0x630C, 0x4A8A, 0x4228, 0x530C, 0x118A, 0x2A0E,
  0x21CB, 0x196A, 0x4A2B, 0x426D, 0x0109, 0x118C, 0x11AD, 0x118C, 0x118C, 0x096B, 0x00E9, 0x428E,
  0x9C73, 0x9454, 0x09CE, 0x09AE, 0x010B, 0x2210, 0x7C55, 0x6C35, 0x0253, 0x43D7, 0x5C9A, 0x3377,
  0xBF3F, 0xA77F, 0x13D7, 0x016F, 0x018D, 0x01CE, 0x1B55, 0x23B8, 0x0BB9, 0x45FF, 0x141B, 0x141B,
  0x02F9, 0x0339, 0x1B98, 0x0A0F, 0x0086, 0x0044, 0x116A, 0x09CD, 0x014A, 0x0129, 0x0108, 0x114A,
  0x00C7, 0x0044, 0x0085, 0x0064, 0x0063, 0x0064, 0x0064, 0x0043, 0x0003, 0x12B3, 0xBFFF, 0x01B0,
  0x0023, 0x0002, 0x0022, 0x0021, 0x0021, 0x0021, 0x0021, 0x0021, 0x0001, 0x0001, 0x0001, 0x0001,
  0x0001, 0x0001, 0x0001, 0x0000, 0x0000, 0x0000, 0x0000, 0x0000, 0x0000, 0x0000, 0x0000, 0x0000,
  0x0000, 0x0062, 0x0907, 0x0003, 0x00A7, 0x09CD, 0x0025, 0x3352, 0x1A0D, 0x0003, 0x0906, 0x00C6,
  0x0085, 0x00E7, 0x00E8, 0x00C8, 0x01AC, 0x0A50, 0x12F4, 0x0AF6, 0x0235, 0x0BF9, 0xE7FF, 0x9F9F,
  0x7F3F, 0x45BD, 0xAF9F, 0x457D, 0x4D7C, 0xA71E, 0xC73F, 0xD7DF, 0x863D, 0x0B37, 0x4C58, 0x963D,
  0x0212, 0x8DFE, 0x2313, 0x0191, 0x0A32, 0x01EF, 0x01CE, 0x01AE, 0x01AE, 0x01AD, 0x018D, 0x018D,
  0x018D, 0x012B, 0x3AD1, 0x00EA, 0x11AD, 0x226F, 0x014B, 0x1A0F, 0x014C, 0x11EF, 0x3313, 0x19CF,
  0x098C, 0x092A, 0x116B, 0x090A, 0x116B, 0x220D, 0x2A6F, 0x09AD, 0x1211, 0x01F0, 0x01F1, 0x09F0,
  0x21AC, 0x29EB, 0x1210, 0x018F, 0x3B33, 0xF7DF, 0xEFBF, 0xEFBF, 0xEFBF, 0xEFBF, 0xEFBF, 0xEFBF,
  0xEFBF, 0xEF9F, 0xFFFF, 0xA5DA, 0x016F, 0x0A11, 0x19AC, 0x1948, 0x1108, 0x08E8, 0x08C8, 0x00A7,
  0x00A6, 0x0024, 0x1109, 0x08C8, 0x00A7, 0x08C7, 0x00A7, 0x00C8, 0x0087, 0x738E, 0x6A8A, 0x0882,
  0x2147, 0x2147, 0x39C7, 0x838D, 0x1905, 0x2146, 0x7B8C, 0x73B0, 0x0A11, 0x018F, 0x9DBA, 0xFFFF,
  0xE79F, 0xEFBF, 0xEFBF, 0xEFBF, 0xEFBF, 0xEFBF, 0xEFBF, 0xEFBF, 0xFFFF, 0x4353, 0x018F, 0x1A50,
  0x52EC, 0x2168, 0x08C7, 0x08C8, 0x0044, 0x8C2F, 0xC5D2, 0x93CC, 0x2081, 0xACD0, 0xB513, 0x19CD,
  0x09F0, 0x09F0, 0x3A8F, 0x8BCE, 0x4A07, 0x0883, 0x0863, 0x10C4, 0x10C4, 0x0021, 0x2946, 0x49E7,
  0x5207, 0x0884, 0x420A, 0x3166, 0x20E4, 0x39E7, 0x7287, 0xF5D1, 0xF7BE, 0xFDF3, 0xC4F1, 0xA42E,
  0xB48F, 0x20E5, 0x18E6, 0x2946, 0x18C5, 0x0886, 0x0086, 0x0004, 0x29A8, 0x3145, 0x0000, 0x0004,
  0x0025, 0x0002, 0x0063, 0x39C8, 0x3188, 0x0085, 0x0064, 0x31A8, 0x3187, 0x39A7, 0x39C7, 0xDDB3,
  0x93AC, 0x4208, 0x424C, 0x9CF4, 0xC638, 0xBDB7, 0xBDD7, 0xA514, 0x9CD3, 0xA513, 0x8C91, 0x73F0,
  0x426C, 0x3A0B, 0x834F, 0x524B, 0x2989, 0x1128, 0x0908, 0x198B, 0x092A, 0x0908, 0x0907, 0x1989,
  0x1129, 0x10C6, 0x08A5, 0x00A6, 0xA595, 0x2944, 0xFFFF, 0xFFFF, 0x0000, 0xFFFF, 0xB5B6, 0x0000,
  0x2944, 0x0000, 0x4A49, 0x4228, 0x3A28, 0x74B6, 0x7D1A, 0x00A8, 0x21CB, 0x526D, 0x524B, 0x00C8,
  0x012A, 0x19AD, 0x116C, 0x116C, 0x118C, 0x42D0, 0x4AAF, 0x4B11, 0x1A10, 0x3A8F, 0x5B72, 0x6371,
  0xA514, 0x328E, 0x5353, 0x6415, 0x4C18, 0x1AF5, 0x5458, 0x4BF8, 0x753C, 0x9F1F, 0x6E7F, 0x0234,
  0x0210, 0x01EF, 0x1292, 0x00C9, 0x096C, 0x669F, 0x24DD, 0x0319, 0x34DF, 0x1C1C, 0x0275, 0x0A73,
  0x1270, 0x00C8, 0x118C, 0x00EA, 0x00E9, 0x00A6, 0x118B, 0x00E8, 0x092A, 0x0064, 0x0085, 0x0063,
  0x0064, 0x0064, 0x0063, 0x0022, 0x0002, 0x0004, 0x00CB, 0x0087, 0x0001, 0x0001, 0x0021, 0x0021,
  0x0021, 0x0001, 0x0021, 0x0021, 0x0001, 0x0001, 0x0001, 0x0001, 0x0001, 0x0000, 0x0000, 0x0001,
  0x0000, 0x2147, 0x2168, 0x0000, 0x0000, 0x0000, 0x0000, 0x0000, 0x0883, 0x08E7, 0x0043, 0x0042,
  0x0109, 0x016B, 0x0066, 0x0003, 0x2A8F, 0x11CB, 0x0085, 0x00E7, 0x00C7, 0x0149, 0x0129, 0x00E9,
  0x3333, 0x0A51, 0x1B36, 0x0213, 0x0277, 0x8F3F, 0xD7FF, 0x7F1F, 0x7EDE, 0xAF7F, 0x4DFE, 0x24BB,
  0x9EDE, 0xBF3F, 0xC73F, 0xD7BF, 0x0B36, 0x1356, 0x9EBF, 0x2B74, 0x0213, 0x1B34, 0x0231, 0x01F1,
  0x09F0, 0x01CF, 0x01AD, 0x016C, 0x018D, 0x016C, 0x014C, 0x098D, 0x010B, 0x018C, 0x120E, 0x11CD,
  0x11CD, 0x0047, 0x11AC, 0x2A90, 0x014B, 0x1A4F, 0x092B, 0x19AD, 0x0109, 0x08C7, 0x0909, 0x324D,
  0x19AC, 0x11AE, 0x0A10, 0x01F1, 0x016E, 0x1A31, 0x1230, 0x01D0, 0x120F, 0x324C, 0x222E, 0x09F0,
  0x01AF, 0xAE1B, 0xFFFF, 0xEF9F, 0xEFBF, 0xEFBF, 0xEFBF, 0xEFBF, 0xEFBF, 0xEFBF, 0xEFBF, 0xF7DF,
  0x3B13, 0x01AF, 0x11EF, 0x1968, 0x1128, 0x08E7, 0x08C7, 0x00A7, 0x00A6, 0x00A6, 0x0044, 0x10E8,
  0x0086, 0x08A7, 0x08A7, 0x00A8, 0x0087, 0xDEDA, 0x942F, 0x0883, 0x0041, 0x10E4, 0x31A8, 0x7B2B,
  0x6B0C, 0x732C, 0x2106, 0x4A6A, 0x32D1, 0x01B0, 0x32D2, 0xEFBF, 0xEFBF, 0xEFBF, 0xEFBF, 0xEFBF,
  0xEFBF, 0xEFBF, 0xEFBF, 0xEFBF, 0xF7FF, 0xB63B, 0x018F, 0x0A11, 0x114A, 0x10C7, 0x10E7, 0x10E7,
  0x0044, 0x39E8, 0x2904, 0x5227, 0x49C6, 0x28A2, 0xC5F4, 0xC636, 0x4A6B, 0x4A6B, 0x3166, 0x9C4F,
  0xBE15, 0x49A7, 0x0883, 0x21A8, 0x0021, 0x10E5, 0x2187, 0x10C4, 0x7B8C, 0x4A48, 0x0001, 0x18C4,
  0x41C7, 0x5AA9, 0x5206, 0x8B4B, 0xBC6F, 0x7AEB, 0x62A9, 0x834A, 0xDD52, 0x59C8, 0x51CA, 0x4968,
  0x30E6, 0x20E6, 0x2127, 0x18A8, 0x0004, 0x0003, 0x0025, 0x0065, 0x0086, 0x10C6, 0x1085, 0x0044,
  0x29A8, 0x4229, 0x3187, 0x10A4, 0x31C9, 0x3188, 0x1105, 0xB532, 0xFFFF, 0xC5F7, 0xBE39, 0x8450,
  0x39E7, 0x10A2, 0x0861, 0x0020, 0x0000, 0x0860, 0x2123, 0x4247, 0x6B6D, 0x6B6D, 0x83F0, 0x7391,
  0x322D, 0x0929, 0x00C8, 0x31EC, 0x21AC, 0x0909, 0x0908, 0x1969, 0x1969, 0x2927, 0x10A5, 0x4AED,
  0x7BCE, 0xBDD7, 0xFFFF, 0x0000, 0x0000, 0xFFFF, 0xBDD6, 0x31A6, 0x2945, 0x4A49, 0x4207, 0x41E7,
  0x42CC, 0x9EDF, 0x5459, 0x0007, 0x00A8, 0x4A6B, 0x9C91, 0x012A, 0x010B, 0x118C, 0x116C, 0x118B,
  0x010A, 0x42AF, 0x4AD2, 0x01AD, 0x016D, 0x012C, 0x198C, 0x5331, 0x5B92, 0x226F, 0x9D18, 0x5353,
  0x3B75, 0x5C59, 0x7CF9, 0x43B6, 0x4C59, 0x863F, 0x977F, 0x2C7B, 0x01F2, 0x01EF, 0x1250, 0x014B,
  0x0067, 0x120E, 0x2C9A, 0x0B59, 0x0B38, 0x0B79, 0x243D, 0x0B18, 0x0234, 0x12D5, 0x2356, 0x0088,
  0x0087, 0x0065, 0x0109, 0x00A8, 0x11AC, 0x0065, 0x00A5, 0x0084, 0x0084, 0x0084, 0x0063, 0x0063,
  0x0063, 0x0001, 0x0085, 0x0065, 0x0000, 0x0001, 0x0022, 0x0021, 0x0021, 0x0001, 0x0001, 0x0021,
  0x0001, 0x0001, 0x0001, 0x0001, 0x0000, 0x0000, 0x0000, 0x0001, 0x0000, 0x3A6B, 0x326D, 0x0000,
  0x0000, 0x0000, 0x0000, 0x0000, 0x0064, 0x0001, 0x0043, 0x00A6, 0x00C7, 0x00E9, 0x0065, 0x0063,
  0x0003, 0x2AD1, 0x098B, 0x0044, 0x00E8, 0x012A, 0x014A, 0x09CC, 0x2374, 0x1334, 0x01F1, 0x0192,
  0x1C5B, 0xEFFF, 0xA7BF, 0x76DF, 0xAFBE, 0x973F, 0x045D, 0x6DDD, 0xB6BE, 0x8DFC, 0x8E3D, 0x7DFE,
  0x01D2, 0x2396, 0x1B14, 0x018F, 0x1B36, 0x0A92, 0x0A51, 0x0210, 0x01AF, 0x01AE, 0x018D, 0x018D,
  0x098C, 0x012A, 0x00EA, 0x012B, 0x2230, 0x2A90, 0x118C, 0x010A, 0x0027, 0x4352, 0x53B4, 0x0129,
  0x11CD, 0x098C, 0x00E9, 0x220E, 0x08E8, 0x0908, 0x19CC, 0x19EE, 0x0A10, 0x01F1, 0x016F, 0x11F0,
  0x7476, 0xE75E, 0x84F8, 0x016F, 0x0A10, 0x324E, 0x428E, 0x1230, 0x018F, 0x3B33, 0xF7DF, 0xEFBF,
  0xEFBF, 0xEFBF, 0xEFBF, 0xEFBF, 0xEFBF, 0xEFBF, 0xEF9F, 0xFFFF, 0xADFB, 0x018F, 0x0A11, 0x19AB,
  0x1948, 0x1107, 0x08C7, 0x08A6, 0x08A7, 0x08E8, 0x0085, 0x08A7, 0x08C8, 0x0086, 0x00A7, 0x0067,
  0x1108, 0xD6DB, 0x8B8B, 0x4A28, 0x4A29, 0x08A4, 0x5269, 0x9C90, 0x4A8A, 0x08A4, 0x10C5, 0x3209,
  0x5AED, 0x0A11, 0x018F, 0x9D9A, 0xFFFF, 0xE79F, 0xEFBF, 0xEFBF, 0xEFBF, 0xEFBF, 0xEFBF, 0xEFBF,
  0xEFBF, 0xFFFF, 0x4B54, 0x018F, 0x11EF, 0x1128, 0x1927, 0x5ACB, 0x2107, 0x18E7, 0x2967, 0x3165,
  0x4184, 0x6268, 0x51E5, 0xBD11, 0x6229, 0x834D, 0x628B, 0x49C8, 0x5A48, 0x9BCC, 0x7288, 0x0842,
  0x0883, 0x10C5, 0x08A3, 0x0001, 0x0041, 0x3A06, 0x4A69, 0x0002, 0x0001, 0x41C7, 0x5A68, 0x41E7,
  0x5249, 0x3986, 0x3164, 0x630A, 0x1843, 0x2066, 0x3128, 0x28C6, 0x1864, 0x20C6, 0x18C6, 0x2107,
  0x2907, 0x18A5, 0x0844, 0x08C6, 0x00A6, 0x1907, 0x20E6, 0x1926, 0x10E5, 0x18E5, 0x5229, 0x4A29,
  0x31C8, 0x0023, 0x10C5, 0xA5B6, 0xD6B9, 0x4A89, 0x0040, 0x0000, 0x0000, 0x0840, 0x0861, 0x1082,
  0x1081, 0x0861, 0x0840, 0x0000, 0x0861, 0x2103, 0x39E7, 0x5AAB, 0x6B6E, 0x634E, 0x3A8C, 0x3A4C,
  0x218A, 0x00C8, 0x194A, 0x1949, 0x1969, 0x3167, 0x00C5, 0xA578, 0xDEFB, 0xFFFF, 0xFFFF, 0xB5B7,
  0xB596, 0x6B8E, 0x0000, 0xDEFB, 0x0000, 0x3186, 0x18C2, 0x0000, 0x5BD3, 0xB79F, 0x114A, 0x18E7,
  0x0066, 0x52CD, 0x8451, 0x00E9, 0x196C, 0x098B, 0x118B, 0x090A, 0x6B4F, 0x630F, 0x19AD, 0x11AD,
  0x010B, 0x00A9, 0x0069, 0x006A, 0x00CA, 0x014C, 0x7C35, 0x73D6, 0x1A73, 0x6478, 0x5BF8, 0x6CDA,
  0x33F8, 0x6D3D, 0x7E5F, 0x8EFF, 0x02B6, 0x0230, 0x098D, 0x016C, 0x018D, 0x098C, 0x1292, 0x0210,
  0x2B96, 0x1B38, 0x02B7, 0x141C, 0x13FB, 0x1399, 0x1378, 0x0A52, 0x0129, 0x0001, 0x0909, 0x0109,
  0x094B, 0x00E8, 0x0024, 0x0065, 0x00A5, 0x0085, 0x0064, 0x0084, 0x0023, 0x0022, 0x0084, 0x00A5,
  0x0001, 0x0041, 0x0022, 0x0022, 0x0022, 0x0021, 0x0001, 0x0001, 0x0021, 0x0001, 0x0001, 0x0001,
  0x0001, 0x0000, 0x0001, 0x0001, 0x0001, 0x0000, 0x0000, 0x0021, 0x0000, 0x0000, 0x0000, 0x0000,
  0x0001, 0x0022, 0x0022, 0x0044, 0x0044, 0x00C6, 0x0085, 0x00A4, 0x0065, 0x0066, 0x2AD0, 0x11CC,
  0x00A7, 0x012A, 0x014D, 0x1B14, 0x1314, 0x0272, 0x01D1, 0x0BFA, 0xA7BF, 0xD7FF, 0x76FF, 0x86DE,
  0xA77E, 0x5DFE, 0x037A, 0x6DDD, 0x4D1C, 0x6D5C, 0x9E9F, 0x02B3, 0x0273, 0x2377, 0x0253, 0x0AF5,
  0x1AF5, 0x01AF, 0x01CE, 0x01AF, 0x018F, 0x01AE, 0x018D, 0x014C, 0x00EA, 0x010A, 0x2250, 0x2AD1,
  0x11CD, 0x00EA, 0x00A8, 0x00C9, 0x19CE, 0x5373, 0x094A, 0x0087, 0x21CC, 0x0046, 0x094A, 0x118B,
  0x0909, 0x11EE, 0x0A10, 0x09F1, 0x016F, 0x11F0, 0x7456, 0xD71D, 0xFFFF, 0xF7FF, 0xDF5E, 0x1A71,
  0x01B0, 0x2250, 0x5B92, 0x32D1, 0x09F0, 0x018F, 0xADFB, 0xFFFF, 0xEF9F, 0xEFBF, 0xEFBF, 0xEFBF,
  0xEFBF, 0xEFBF, 0xEFBF, 0xEFBF, 0xF7DF, 0x3B13, 0x018F, 0x11EF, 0x218A, 0x1949, 0x10E7, 0x08C7,
  0x0087, 0x00A7, 0x00A7, 0x0065, 0x08C8, 0x00A6, 0x00A6, 0x0025, 0x6B6D, 0xD570, 0x4985, 0x72EA,
  0x0023, 0x2967, 0x7B4C, 0x41A6, 0x7B0B, 0x6ACA, 0x10A5, 0x10E5, 0x39C8, 0x2A70, 0x01B0, 0x2AD2,
  0xEFBF, 0xEFBF, 0xEFBF, 0xEFBF, 0xEFBF, 0xEFBF, 0xEFBF, 0xEFBF, 0xEFBF, 0xF7FF, 0xBE5C, 0x016E,
  0x0A11, 0x094A, 0x4209, 0x4A49, 0x08A4, 0x0023, 0x0025, 0x3166, 0x732A, 0x3185, 0x0801, 0xA42F,
  0x6A8A, 0x3166, 0x6AAC, 0x628C, 0x5A4A, 0x6249, 0x8B0A, 0xA3CC, 0x7B0A, 0x1863, 0x4A09, 0xB490,
  0x3125, 0x2925, 0x08C5, 0x528B, 0xA4B0, 0x0800, 0x0822, 0x5268, 0x3145, 0x2905, 0x836C, 0x8C4F,
  0x0001, 0x0885, 0x10A6, 0x18C6, 0x18A5, 0x18A5, 0x1885, 0x1085, 0x10A5, 0x18A6, 0x1085, 0x08A5,
  0x08C5, 0x2928, 0x2127, 0x1927, 0x2126, 0x18E6, 0x0044, 0x3187, 0x736D, 0x522A, 0xCE5A, 0xAD75,
  0x0020, 0x0000, 0x0020, 0x0882, 0x10A2, 0x18A2, 0x18A3, 0x10A2, 0x10A2, 0x10A2, 0x1082, 0x1082,
  0x0841, 0x0020, 0x0020, 0x1081, 0x20E3, 0x39A5, 0x5268, 0x6B2D, 0x738F, 0x530E, 0x426C, 0x29AA,
  0x196A, 0x0046, 0x63D4, 0xFFFF, 0xFFFF, 0xFFFF, 0xFFFF, 0xFFFF, 0xF7BF, 0xA555, 0x10A3, 0x0000,
  0x0000, 0x4A48, 0x0000, 0x08E4, 0x859A, 0x6D5A, 0x0002, 0x3168, 0x0045, 0x5ACC, 0x320B, 0x00C9,
  0x112B, 0x29CB, 0x19AB, 0x2969, 0xEDB4, 0x7B4D, 0x426E, 0x324F, 0x4BD8, 0x2313, 0x0A71, 0x1292,
  0x00EA, 0x012A, 0x09AC, 0x3A91, 0x3314, 0x2B33, 0x01D1, 0x74D9, 0x64B9, 0x5CDB, 0x7DDE, 0xBFFF,
  0x1C18, 0x0295, 0x016C, 0x014B, 0x016C, 0x022E, 0x1AF3, 0x01CD, 0x0066, 0x1A4F, 0x2376, 0x0295,
  0x02F6, 0x667F, 0x243B, 0x02B7, 0x0AB4, 0x09CE, 0x08EA, 0x00C8, 0x00E8, 0x116A, 0x0066, 0x0065,
  0x00A5, 0x00E7, 0x0085, 0x0063, 0x0063, 0x0062, 0x0064, 0x00A5, 0x0021, 0x0022, 0x0022, 0x0022,
  0x0022, 0x0022, 0x0001, 0x0001, 0x0021, 0x0021, 0x0001, 0x0001, 0x0001, 0x0001, 0x0001, 0x0001,
  0x0001, 0x0001, 0x0021, 0x0021, 0x0000, 0x0000, 0x0000, 0x0000, 0x0022, 0x0043, 0x0064, 0x0086,
  0x0002, 0x00E5, 0x00A6, 0x00A4, 0x0085, 0x0065, 0x00A6, 0x3B53, 0x1290, 0x00EA, 0x0A52, 0x2C7B,
  0x1397, 0x1336, 0x1B9A, 0x0BF9, 0xBFFF, 0x875F, 0x6EBF, 0x9F7F, 0x457D, 0x147B, 0x3CFC, 0x759C,
  0x3CBA, 0x9E9F, 0x6D7C, 0x01D1, 0x1357, 0x02D5, 0x02D5, 0x33D8, 0x0211, 0x01AF, 0x09CF, 0x018E,
  0x01AE, 0x016D, 0x010B, 0x012B, 0x222E, 0x32D1, 0x1A0D, 0x00E9, 0x00C9, 0x00E9, 0x00C9, 0x09AC,
  0x222F, 0x1A0D, 0x0046, 0x21EC, 0x08C7, 0x0066, 0x19AB, 0x096B, 0x09D0, 0x01F1, 0x016F, 0x11D0,
  0x6C36, 0xD71D, 0xFFFF, 0xF7DF, 0xE79F, 0xE79F, 0xFFFF, 0x84F8, 0x016F, 0x0A10, 0x4312, 0x5371,
  0x1A51, 0x018F, 0x3B33, 0xF7DF, 0xEFBF, 0xEFBF, 0xEFBF, 0xEFBF, 0xEFBF, 0xEFBF, 0xEFBF, 0xEF9F,
  0xFFFF, 0xAE1B, 0x018F, 0x0A11, 0x19AC, 0x1968, 0x1128, 0x10E7, 0x1129, 0x10E8, 0x00C7, 0x0065,
  0x0045, 0x0086, 0x0025, 0x08E7, 0xA46E, 0x6266, 0x6AAA, 0x4A28, 0x2147, 0x2946, 0x0841, 0x838B,
  0xBDF8, 0xB5D7, 0x5A48, 0x10C6, 0x1927, 0x198A, 0x0A11, 0x016F, 0x9579, 0xFFFF, 0xE79F, 0xEFBF,
  0xEFBF, 0xEFBF, 0xEFBF, 0xEFBF, 0xEFBF, 0xE79F, 0xFFFF, 0x5BD5, 0x018F, 0x09CF, 0x2987, 0x2946,
  0x0023, 0x00A5, 0x0087, 0x0044, 0xE71C, 0xE71B, 0x0000, 0x4227, 0x7BAC, 0x4208, 0x0000, 0x41C8,
  0x628B, 0x5A6A, 0x6269, 0x932A, 0xEE31, 0xE5B0, 0x3145, 0x7B4C, 0xB491, 0x732B, 0x0000, 0x4A6A,
  0x7B8D, 0x39A6, 0x3985, 0x62CB, 0x41E8, 0x5228, 0x736C, 0x0022, 0x0001, 0x0024, 0x0044, 0x0865,
  0x0865, 0x0864, 0x1064, 0x1064, 0x1085, 0x0845, 0x0844, 0x0844, 0x0885, 0x41C9, 0x39A9, 0x2146,
  0x2147, 0x1907, 0x1106, 0x0004, 0x1927, 0xFFFF, 0x8C51, 0x0020, 0x0841, 0x0841, 0x0861, 0x10A2,
  0x18E3, 0x18E3, 0x18C3, 0x18C2, 0x18C2, 0x18A3, 0x10A2, 0x10A2, 0x10A2, 0x1082, 0x1081, 0x0861,
  0x0020, 0x0020, 0x0840, 0x20E2, 0x39A6, 0x4A68, 0x5B0B, 0x634D, 0x5B2D, 0x31E9, 0xFFFF, 0xFFFF,
  0xFFFF, 0xFFFF, 0xFFFF, 0xEF5D, 0xAD55, 0x8C92, 0x9CD3, 0x5B0B, 0x5289, 0x5A89, 0x0000, 0x228C,
  0x7DBB, 0x53B0, 0x3166, 0x5A49, 0xC4D0, 0xB4B1, 0x00A9, 0x114B, 0x196C, 0x3A4E, 0x19CB, 0x7B2C,
  0x5A2B, 0x090A, 0x094C, 0x014C, 0x2315, 0x5CDB, 0x4C59, 0x2B96, 0x01CE, 0x014B, 0x09AD, 0x42F1,
  0x2291, 0x0A51, 0x0211, 0x8D58, 0xFFFF, 0x3377, 0x5CFE, 0x9F7F, 0x6E1D, 0x01B1, 0x0A72, 0x016E,
  0x09EE, 0x01AE, 0x12D3, 0x1A71, 0x0087, 0x0087, 0x014B, 0x12D2, 0x0A72, 0x1398, 0x3CFF, 0x1C1D,
  0x02D7, 0x0AF6, 0x2B98, 0x120F, 0x0002, 0x0149, 0x00C8, 0x0065, 0x0064, 0x00A6, 0x0085, 0x0063,
  0x0043, 0x0043, 0x0063, 0x0085, 0x0043, 0x0022, 0x0042, 0x0022, 0x0022, 0x0022, 0x0022, 0x0022,
  0x0021, 0x0001, 0x0001, 0x0021, 0x0021, 0x0001, 0x0001, 0x0000, 0x0000, 0x0000, 0x0000, 0x0000,
  0x0000, 0x0000, 0x0000, 0x0000, 0x0043, 0x0022, 0x0085, 0x0108, 0x0002, 0x08E7, 0x00A5, 0x0084,
  0x0085, 0x00A6, 0x0086, 0x00A8, 0x2BD7, 0x02D4, 0x1C19, 0x3DFE, 0x2CDC, 0x1399, 0x01F4, 0x55DB,
  0xBFFF, 0x4E1F, 0x873F, 0x6E5E, 0x1C3B, 0x0BF9, 0x65DD, 0x4D1A, 0x3C38, 0xE7FF, 0x1316, 0x0294,
  0x02B4, 0x0253, 0x2356, 0x2334, 0x016D, 0x09CE, 0x018E, 0x016C, 0x012B, 0x014B, 0x222F, 0x3AF2,
  0x1A0E, 0x00EA, 0x00E8, 0x00E9, 0x00C9, 0x00C9, 0x222E, 0x11CD, 0x00E9, 0x0067, 0x116A, 0x196A,
  0x0065, 0x00A6, 0x1149, 0x09AE, 0x09F1, 0x1210, 0x6C15, 0xD6FD, 0xFFFF, 0xF7DF, 0xE79F, 0xEFBF,
  0xEFBF, 0xEFBF, 0xEFDF, 0xE77E, 0x2271, 0x01AF, 0x2291, 0x63F3, 0x4332, 0x09F0, 0x018F, 0xA5DA,
  0xFFFF, 0xEF9F, 0xEFBF, 0xEFBF, 0xEFBF, 0xEFBF, 0xEFBF, 0xEFBF, 0xEFBF, 0xF7DF, 0x4333, 0x018F,
  0x11EF, 0x2189, 0x1928, 0x10C7, 0x1949, 0x1928, 0x1907, 0x1948, 0x10E7, 0x10E8, 0x0046, 0x9BEE,
  0x6227, 0x3145, 0x732C, 0x0844, 0x2988, 0x4A28, 0x6A69, 0xB5D4, 0xB5D8, 0xB5D7, 0x2945, 0x10C5,
  0x29C9, 0x41C8, 0x222E, 0x01B0, 0x2AB2, 0xEFBF, 0xEFBF, 0xEFBF, 0xEFBF, 0xEFBF, 0xEFBF, 0xE79F,
  0xEFBF, 0xFFFF, 0xF7BF, 0x7477, 0x018F, 0x09F0, 0x320A, 0x2924, 0x0023, 0x0086, 0x08C7, 0x0025,
  0x422B, 0xB552, 0x6269, 0x3165, 0x0020, 0x2945, 0xACF1, 0x2083, 0x0802, 0x5A6A, 0x6AEC, 0x72ED,
  0x8AEB, 0xF6D3, 0x41E5, 0x2986, 0xB554, 0x5228, 0x18C5, 0x2106, 0x0003, 0x1925, 0x4A28, 0x838D,
  0x10E4, 0x10A3, 0x0001, 0x0002, 0x0001, 0x0024, 0x0065, 0x0044, 0x0045, 0x0003, 0x0000, 0x10A4,
  0x1085, 0x3169, 0x10A5, 0x0863, 0x3967, 0x3988, 0x41C9, 0x2967, 0x2968, 0x1928, 0x1128, 0x0908,
  0xFFFF, 0x8C90, 0x0000, 0x0841, 0x0861, 0x10A2, 0x18C3, 0x18C3, 0x18C3, 0x18E3, 0x18C2, 0x18C2,
  0x18C2, 0x18A3, 0x10A2, 0x10A2, 0x10A2, 0x10A2, 0x10A2, 0x10A2, 0x1082, 0x0861, 0x0841, 0x0020,
  0x0000, 0x0820, 0x18A2, 0x2964, 0x39E6, 0x4206, 0x5AEA, 0x840F, 0x9492, 0xA514, 0xBDB6, 0xFFDF,
  0xC638, 0x6B6D, 0x4228, 0x634D, 0x632B, 0x18A2, 0x0000, 0x74D7, 0x859B, 0x7B6C, 0xB4F0, 0x6A88,
  0xD48E, 0x520A, 0x114B, 0x094A, 0x31EC, 0x094C, 0x29EA, 0x9BEF, 0x0109, 0x010B, 0x094B, 0x012B,
  0x12B4, 0x2B36, 0x3376, 0x759E, 0x549A, 0x1231, 0x018D, 0x2AB0, 0x32D3, 0x016F, 0x1A93, 0x3B35,
  0xDEFC, 0x5438, 0x12F7, 0x65FF, 0xA7DF, 0x0231, 0x0232, 0x0232, 0x09EF, 0x012B, 0x0A71, 0x22D2,
  0x0045, 0x00C7, 0x00C8, 0x0087, 0x2AD3, 0x1B56, 0x0234, 0x3CFF, 0x34FF, 0x02D6, 0x02B6, 0x2C7C,
  0x1210, 0x0067, 0x0024, 0x0043, 0x0085, 0x0065, 0x0084, 0x0064, 0x0043, 0x0063, 0x0063, 0x0084,
  0x0043, 0x0043, 0x0042, 0x0022, 0x0022, 0x0022, 0x0021, 0x0021, 0x0021, 0x0022, 0x0022, 0x0021,
  0x0021, 0x0001, 0x0001, 0x0000, 0x0000, 0x0000, 0x0000, 0x0000, 0x0000, 0x0000, 0x0000, 0x0000,
  0x0042, 0x0022, 0x00C6, 0x0085, 0x0043, 0x00C7, 0x00A5, 0x0084, 0x0085, 0x00A6, 0x00C7, 0x00C8,
  0x00EC, 0x659B, 0xFFFF, 0x563F, 0x02B6, 0x02B7, 0x02F7, 0xB7FF, 0x875F, 0x66BF, 0x5E5F, 0x1CBD,
  0x3D3C, 0x34DB, 0x5DBC, 0x1418, 0x965F, 0xBF5F, 0x01D2, 0x0293, 0x0232, 0x0AB4, 0x2B36, 0x018F,
  0x01CE, 0x01AD, 0x010B, 0x014B, 0x1A0F, 0x2270, 0x120E, 0x010A, 0x00EA, 0x010A, 0x0109, 0x00E8,
  0x0046, 0x21ED, 0x1A0E, 0x094B, 0x00A7, 0x1129, 0x21EC, 0x0086, 0x00A6, 0x1149, 0x21CB, 0x09AE,
  0x018F, 0x53B4, 0xFFFF, 0xF7DF, 0xE79F, 0xEFBF, 0xEFBF, 0xEFBF, 0xEFBF, 0xEFBF, 0xE79F, 0xFFFF,
  0x8D18, 0x016F, 0x0A10, 0x5393, 0x63D3, 0x1A51, 0x018F, 0x3B13, 0xF7DF, 0xEFBF, 0xEFBF, 0xEFBF,
  0xEFBF, 0xEFBF, 0xEFBF, 0xEFBF, 0xEFBF, 0xFFFF, 0xB63B, 0x018F, 0x09F1, 0x19CC, 0x2168, 0x1927,
  0x1928, 0x08C6, 0x10E6, 0x1107, 0x10E7, 0x08A7, 0xAD74, 0xB5D7, 0x49E7, 0x5A69, 0x4A29, 0x0929,
  0x09AD, 0x11AD, 0x1927, 0x6267, 0x834A, 0x938B, 0x6ACA, 0x2127, 0x3187, 0x7AEA, 0x7C11, 0x0A11,
  0x016F, 0x9559, 0xFFFF, 0xE79F, 0xEFBF, 0xE79F, 0xEFBF, 0xFFFF, 0xEFBF, 0x9D59, 0x2A91, 0x018F,
  0x0A11, 0x2250, 0x7B8C, 0x736D, 0x0044, 0x0086, 0x0085, 0x0044, 0x0003, 0x0002, 0x0023, 0x7BAE,
  0xEF17, 0x5208, 0x4A48, 0xA4D1, 0x6249, 0x0000, 0x2105, 0x7B2E, 0x9BF0, 0xF7B9, 0x20C4, 0x31E8,
  0x2125, 0x0002, 0x5208, 0x2905, 0x1906, 0x0001, 0x1104, 0x0022, 0x08A3, 0xACB0, 0x8BCC, 0x3166,
  0x1883, 0x0000, 0x0001, 0x0003, 0x0002, 0x0003, 0x39C8, 0x4A4A, 0x1084, 0x10E6, 0x08E5, 0x39E8,
  0xACB1, 0x49E8, 0x2926, 0x2126, 0x1928, 0x1929, 0x0046, 0xBE7C, 0xDED9, 0x0000, 0x0821, 0x0861,
  0x18A3, 0x18C3, 0x18C3, 0x18C3, 0x18C3, 0x18C3, 0x18C2, 0x18C2, 0x10C2, 0x10A2, 0x10A2, 0x10A2,
  0x10A2, 0x10A2, 0x10A2, 0x10A2, 0x10A2, 0x1082, 0x1082, 0x0861, 0x0841, 0x0820, 0x0000, 0x0000,
  0x0000, 0x0000, 0x0020, 0x08A2, 0x2945, 0x31A6, 0x18C3, 0x31A6, 0x8451, 0x8C71, 0x632C, 0x52CA,
  0x52AA, 0x4A8A, 0x1987, 0xAF1F, 0x222E, 0x0001, 0x0002, 0x41A8, 0xFE56, 0x4188, 0x21C9, 0x0949,
  0x00C9, 0x112A, 0x9410, 0x424C, 0x014B, 0x00C8, 0x00E9, 0x2270, 0x4C5A, 0x43F9, 0x2B55, 0x547A,
  0x3BB7, 0x1AF6, 0x02B4, 0x22D2, 0x6437, 0x018F, 0x0A31, 0x43B4, 0xFFFF, 0x6C77, 0x0AB5, 0x2C19,
  0x973F, 0x44FB, 0x0191, 0x0AF3, 0x01AE, 0x096C, 0x018C, 0x126F, 0x00E7, 0x0086, 0x00E9, 0x00C8,
  0x012A, 0x094B, 0x0AB4, 0x0214, 0x241D, 0x457F, 0x0B17, 0x0254, 0x0AF6, 0x22F4, 0x09AD, 0x0109,
  0x0066, 0x0085, 0x00A5, 0x0063, 0x0043, 0x0063, 0x0063, 0x0064, 0x0064, 0x0042, 0x0042, 0x0021,
  0x0022, 0x0042, 0x0022, 0x0021, 0x0001, 0x0021, 0x0021, 0x0021, 0x0001, 0x0001, 0x0001, 0x0000,
  0x0000, 0x0000, 0x0000, 0x0000, 0x0000, 0x0000, 0x0000, 0x0000, 0x0022, 0x0043, 0x08E8, 0x0043,
  0x0042, 0x08E7, 0x00E7, 0x0084, 0x00A5, 0x00A6, 0x00C7, 0x012A, 0x010B, 0x75FC, 0xFFFF, 0x351D,
  0x02F8, 0x0235, 0x3D5B, 0xCFFF, 0x6EBF, 0x9F9F, 0x355D, 0x2CFC, 0x347C, 0x1C3B, 0x759D, 0x3C79,
  0xD7FF, 0x5D1A, 0x0213, 0x0273, 0x0253, 0x0A53, 0x0A52, 0x016E, 0x016D, 0x016C, 0x1A0F, 0x2291,
  0x1A50, 0x012B, 0x00EA, 0x012B, 0x012A, 0x010A, 0x00E9, 0x0087, 0x2A4D, 0x2A4E, 0x114A, 0x116A,
  0x0087, 0x322D, 0x0929, 0x00C7, 0x08C6, 0x21CB, 0x21AB, 0x096B, 0x09F1, 0x09CF, 0xC69C, 0xF7DF,
  0xEFBF, 0xEFBF, 0xEFBF, 0xEFBF, 0xEFBF, 0xEFBF, 0xEFBF, 0xEFDF, 0xE77E, 0x2292, 0x01AF, 0x2AB1,
  0x6C13, 0x4352, 0x09F0, 0x018F, 0xA5DA, 0xFFFF, 0xE79F, 0xEFBF, 0xEFBF, 0xEFBF, 0xEFBF, 0xEFBF,
  0xEFBF, 0xEFBF, 0xF7FF, 0x4354, 0x018F, 0x11EF, 0x29A9, 0x2168, 0x1948, 0x1948, 0x1128, 0x10E7,
  0x1108, 0x10A6, 0xAD97, 0xB5D6, 0x2905, 0x3A4C, 0x1A30, 0x0A11, 0x01B0, 0x0A11, 0x09AE, 0x4A49,
  0x5A28, 0x5AA9, 0x8BAD, 0x832A, 0x93AB, 0xA576, 0x6B6E, 0x11CE, 0x01D0, 0x2292, 0xEF9F, 0xEFBF,
  0xEFBF, 0xFFFF, 0xEFBF, 0x9D79, 0x2AB2, 0x016E, 0x01D0, 0x0A11, 0x098D, 0x4A6B, 0x51E7, 0x3187,
  0x0045, 0x0065, 0x0065, 0x0065, 0x0065, 0x0045, 0x0004, 0x1106, 0x946F, 0x4A08, 0x0001, 0x3186,
  0xE657, 0xAC8F, 0x0800, 0x0044, 0x72EC, 0xD551, 0x0001, 0x0001, 0x3187, 0x5228, 0x7B0B, 0xACB1,
  0x83AB, 0x736C, 0x5249, 0x49C8, 0x3146, 0x5A88, 0x5AAA, 0x5AEC, 0x9431, 0xFFBC, 0xB555, 0x4A09,
  0x4208, 0x732B, 0x62EB, 0x08A4, 0x10A3, 0x10A4, 0x18E5, 0x1926, 0x2947, 0x83CF, 0x9410, 0x62AA,
  0x4A8A, 0x2168, 0x4AEF, 0xFFFF, 0x39A6, 0x0000, 0x1082, 0x18C3, 0x18C3, 0x18C3, 0x18C3, 0x18C3,
  0x18C3, 0x18C3, 0x18C3, 0x10A2, 0x10A2, 0x10A2, 0x10A2, 0x10A2, 0x10A2, 0x10A2, 0x10A2, 0x10A2,
  0x10A2, 0x1082, 0x1082, 0x1082, 0x1082, 0x0841, 0x0861, 0x0840, 0x0000, 0x0000, 0x0000, 0x0000,
  0x0000, 0x10A2, 0x3186, 0x3186, 0x4A69, 0x7BCF, 0x8410, 0x6B6D, 0x4A49, 0x5B70, 0x5CDA, 0x7DBE,
  0x0045, 0x0086, 0x0067, 0x18E7, 0xFF1B, 0xA430, 0x2106, 0x5AEC, 0x7B4E, 0xC4F2, 0x6AED, 0x00EA,
  0x098B, 0x00EA, 0x096C, 0x43B7, 0x5CBC, 0x224F, 0x11AC, 0x3312, 0x1AB4, 0x3C5C, 0x1318, 0x54DB,
  0x85BC, 0x014F, 0x0A11, 0x1AB2, 0x9D38, 0x9D17, 0x0A74, 0x3C3A, 0x9E9F, 0x8EFF, 0x02B6, 0x01D2,
  0x0A93, 0x2B33, 0x00E9, 0x0A0E, 0x098B, 0x00A8, 0x00E9, 0x014A, 0x118B, 0x0004, 0x00EA, 0x1B77,
  0x0213, 0x0B17, 0x4DFF, 0x34FF, 0x01B1, 0x0252, 0x76FF, 0x7DDF, 0x0004, 0x00C6, 0x00C6, 0x0065,
  0x0044, 0x0084, 0x0044, 0x0064, 0x0065, 0x0042, 0x0042, 0x0042, 0x0042, 0x0022, 0x0022, 0x0022,
  0x0883, 0x0021, 0x0042, 0x0022, 0x0001, 0x0021, 0x0021, 0x0001, 0x0001, 0x0000, 0x0000, 0x0000,
  0x0000, 0x0000, 0x0000, 0x0000, 0x0002, 0x0064, 0x0065, 0x0063, 0x0042, 0x00C7, 0x00E7, 0x0084,
  0x0085, 0x00C6, 0x00E7, 0x012A, 0x0A71, 0x3D1D, 0x2C9A, 0x0212, 0x1BF9, 0x03B9, 0xB7FF, 0xBFFF,
  0x771F, 0x769E, 0x34FD, 0x459D, 0x13B9, 0x02D6, 0x7DBC, 0x8E5F, 0xCFFF, 0x0B14, 0x0211, 0x0AB4,
  0x12B3, 0x0232, 0x018F, 0x016E, 0x1A50, 0x2AF1, 0x1A70, 0x018C, 0x012C, 0x014B, 0x012A, 0x010A,
  0x010A, 0x00E9, 0x00A7, 0x19CC, 0x2A6E, 0x0929, 0x0909, 0x0909, 0x118C, 0x116A, 0x08C8, 0x08E8,
  0x08C7, 0x198B, 0x1109, 0x1128, 0x09EF, 0x016F, 0x53D5, 0xFFFF, 0xEFBF, 0xEFBF, 0xEFBF, 0xEFBF,
  0xEFBF, 0xEFBF, 0xEFBF, 0xE79F, 0xFFFF, 0x8D39, 0x016F, 0x0A10, 0x5372, 0x6C13, 0x2271, 0x018F,
  0x32F3, 0xEFBF, 0xEFBF, 0xEFBF, 0xEFBF, 0xEFBF, 0xEFBF, 0xEFBF, 0xEFBF, 0xEFBF, 0xF7FF, 0xB63B,
  0x018F, 0x09F1, 0x21ED, 0x29CA, 0x29EB, 0x1969, 0x1948, 0x1948, 0x1969, 0x1908, 0x4A6B, 0x3A4C,
  0x11EF, 0x0A11, 0x018F, 0x018F, 0x4333, 0x1210, 0x01F1, 0x42AE, 0x62A9, 0x08A4, 0x4229, 0x5A27,
  0xAD0F, 0xAD77, 0x10C5, 0x1149, 0x0A11, 0x016F, 0x8D39, 0xFFFF, 0xEFBF, 0xA599, 0x32B2, 0x016E,
  0x01B0, 0x0A11, 0x11CE, 0x0929, 0x0863, 0x4208, 0x5207, 0x39C8, 0x0003, 0x0064, 0x0065, 0x0045,
  0x0065, 0x0866, 0x0886, 0x0002, 0x0001, 0x4A29, 0x1882, 0x41E7, 0x1125, 0x73AE, 0xFFBA, 0x0001,
  0x18C6, 0x940F, 0x0022, 0x0000, 0x4A49, 0xC593, 0xD5F4, 0xFFBD, 0x3987, 0x1927, 0x0004, 0x0003,
  0x1083, 0x3187, 0x1907, 0x0002, 0x0000, 0x4249, 0xFF9A, 0xB4B0, 0x838D, 0x4A48, 0x10A4, 0x0000,
  0x0000, 0x1084, 0x18E5, 0x10C4, 0x41E9, 0x838E, 0x39C9, 0x5A89, 0x942F, 0x52AB, 0xE6FD, 0xA513,
  0x0000, 0x0861, 0x10A2, 0x18C3, 0x18C3, 0x18C3, 0x18C3, 0x18C3, 0x18C3, 0x10A2, 0x10A2, 0x10A2,
  0x10A2, 0x10A2, 0x10A2, 0x10A2, 0x10A2, 0x10A2, 0x10A2, 0x1082, 0x1082, 0x1082, 0x1082, 0x1082,
  0x1082, 0x0861, 0x0881, 0x0861, 0x0841, 0x0841, 0x0020, 0x0000, 0x0000, 0x0000, 0x0000, 0x0000,
  0x1082, 0x2945, 0x4A48, 0x5ACA, 0x62EB, 0x7370, 0x9E5E, 0x328F, 0x3145, 0x6ACB, 0x18E7, 0x0005,
  0x0085, 0xDE7B, 0xCDB7, 0x2146, 0x18C6, 0x526C, 0x118C, 0x012C, 0x09AD, 0x1A30, 0x2293, 0x7DDF,
  0x2290, 0x0003, 0x0044, 0x0045, 0x098C, 0x2B96, 0x0A52, 0x1293, 0x1291, 0x1A71, 0x4313, 0x01CF,
  0x43B4, 0xB5FA, 0x01D1, 0x0AD5, 0x961D, 0xEFFF, 0x5DDE, 0x0214, 0x01F2, 0x018E, 0x120F, 0x014C,
  0x1A51, 0x00C8, 0x00E8, 0x09AC, 0x0109, 0x0065, 0x0045, 0x2313, 0x1AB2, 0x016E, 0x0212, 0x3E5F,
  0x3DDF, 0x0212, 0x01D2, 0x1338, 0x1271, 0x0002, 0x0046, 0x0066, 0x0064, 0x0044, 0x0043, 0x0063,
  0x00A6, 0x0064, 0x0043, 0x0042, 0x0042, 0x0022, 0x0022, 0x0022, 0x0042, 0x0021, 0x0021, 0x0021,
  0x0021, 0x0021, 0x0021, 0x0001, 0x0000, 0x0000, 0x0000, 0x0000, 0x0000, 0x0000, 0x0000, 0x0000,
  0x0022, 0x0084, 0x0064, 0x0063, 0x0023, 0x00C6, 0x00E7, 0x0085, 0x00A6, 0x00A6, 0x0109, 0x1A50,
  0x0AD4, 0x1BD9, 0x0B15, 0x0191, 0x01F3, 0x3CB9, 0xFFFF, 0xA7BF, 0x6E5F, 0x55FD, 0x353D, 0x4D3C,
  0x0275, 0x3C59, 0xB73F, 0x867F, 0x865F, 0x01F1, 0x0232, 0x2376, 0x0211, 0x0231, 0x1AD2, 0x2B13,
  0x1A50, 0x016C, 0x014C, 0x014C, 0x014B, 0x014A, 0x012A, 0x0129, 0x0909, 0x08A8, 0x2A8E, 0x3AAF,
  0x1108, 0x096C, 0x09CF, 0x0A11, 0x09F1, 0x094C, 0x0908, 0x08E8, 0x0908, 0x198B, 0x1128, 0x1928,
  0x11AC, 0x09F1, 0x09AF, 0xBE9C, 0xF7FF, 0xEFBF, 0xEFBF, 0xEFBF, 0xEFBF, 0xEFBF, 0xEFBF, 0xEFBF,
  0xEFDF, 0xE79F, 0x2AB2, 0x018F, 0x2291, 0x6C13, 0x5394, 0x09F0, 0x018F, 0x9DBA, 0xFFFF, 0xE79F,
  0xEFBF, 0xEFBF, 0xEFBF, 0xEFBF, 0xEFBF, 0xEFBF, 0xEFBF, 0xF7FF, 0x4B74, 0x018F, 0x120F, 0x324C,
  0x322C, 0x29CA, 0x29CA, 0x29A9, 0x21AA, 0x198C, 0x120F, 0x0A11, 0x018F, 0x018F, 0x4B53, 0xBE5B,
  0xFFFF, 0x53B5, 0x018F, 0x120F, 0x52AB, 0x10A4, 0x10E4, 0x5A47, 0xAC2A, 0xAD95, 0x424A, 0x10A5,
  0x1A2F, 0x01B0, 0x2AB2, 0x9D99, 0x32D2, 0x016E, 0x01B0, 0x0A11, 0x11CE, 0x1149, 0x10E6, 0x0885,
  0x0864, 0x942D, 0xC572, 0x10C5, 0x0004, 0x0065, 0x0065, 0x0085, 0x08A6, 0x0064, 0x0044, 0x0064,
  0x0003, 0x0001, 0x3987, 0x5A29, 0x0001, 0x0000, 0x7BAF, 0x31A9, 0x0004, 0x5248, 0x2904, 0x2127,
  0x39E8, 0x3126, 0x0000, 0x0000, 0x216A, 0x0004, 0x0046, 0x0022, 0x0883, 0x6B0B, 0x31A7, 0x4A6A,
  0x6ACC, 0x524A, 0x4A08, 0x1082, 0x20E6, 0x31E9, 0x0000, 0x526A, 0xC595, 0x20A4, 0x08A4, 0x3A2A,
  0x424A, 0x3A09, 0x1907, 0x0085, 0x0065, 0x7BF2, 0xAD34, 0x2124, 0x0000, 0x0861, 0x18C2, 0x18C3,
  0x18C3, 0x18C3, 0x18C3, 0x18C3, 0x10A2, 0x10A2, 0x10A2, 0x10A2, 0x10A2, 0x10A2, 0x10A2, 0x10A2,
  0x10A2, 0x1082, 0x1082, 0x1082, 0x1082, 0x1082, 0x1082, 0x1081, 0x0861, 0x0861, 0x0861, 0x0861,
  0x0861, 0x0861, 0x0841, 0x0861, 0x0860, 0x0841, 0x0000, 0x0000, 0x0000, 0x0000, 0x0821, 0x0861,
  0x18E3, 0x3185, 0x5AEB, 0x52AA, 0x5ACA, 0xBD32, 0x4A0A, 0x0025, 0x0005, 0x00C9, 0x9CF6, 0xB598,
  0x526D, 0x29CB, 0x220F, 0x2293, 0x3354, 0x1A4F, 0x1A71, 0x3355, 0x1A6F, 0x0129, 0x0087, 0x118B,
  0x012A, 0x014C, 0x01AD, 0x010B, 0x016C, 0x01CD, 0x4B52, 0x42D1, 0x7436, 0x7417, 0x1294, 0x01D1,
  0x4BF7, 0xC75F, 0xAF9F, 0x1CBC, 0x0293, 0x010B, 0x09EF, 0x018D, 0x12B3, 0x010A, 0x0108, 0x11ED,
  0x0086, 0x0086, 0x00C6, 0x00E7, 0x0046, 0x096C, 0x0A73, 0x02B5, 0x257F, 0x359F, 0x1BDA, 0x00EE,
  0x1336, 0x22F3, 0x0005, 0x0025, 0x0044, 0x0129, 0x0065, 0x0001, 0x0908, 0x00A6, 0x0042, 0x0022,
  0x0022, 0x0022, 0x0042, 0x0022, 0x0022, 0x0862, 0x0021, 0x0021, 0x0021, 0x0021, 0x0021, 0x0001,
  0x0821, 0x0000, 0x0000, 0x0001, 0x0000, 0x0000, 0x0000, 0x0000, 0x0042, 0x00A5, 0x0064, 0x0063,
  0x0023, 0x00A5, 0x00E7, 0x0085, 0x0065, 0x00C7, 0x11EE, 0x018B, 0x0A91, 0x12F3, 0x2376, 0x01D1,
  0x0214, 0x8EDE, 0xE7FF, 0x76BF, 0x8F1F, 0x3D5D, 0x3D5C, 0x3CDA, 0x0295, 0x969F, 0xAF3F, 0x9F1F,
  0x1397, 0x0235, 0x1B16, 0x1B15, 0x0AB3, 0x2B96, 0x22F2, 0x016C, 0x014B, 0x018C, 0x016C, 0x014B,
  0x012A, 0x0129, 0x0929, 0x092A, 0x08E8, 0x21EC, 0x42F0, 0x118C, 0x09EF, 0x0A11, 0x018F, 0x018F,
  0x09D0, 0x09F1, 0x118B, 0x1108, 0x198A, 0x198A, 0x1128, 0x322C, 0x21AA, 0x1210, 0x018F, 0x53B4,
  0xFFFF, 0xEFBF, 0xEFBF, 0xEFBF, 0xEFBF, 0xEFBF, 0xEFBF, 0xEFBF, 0xE79F, 0xFFFF, 0x9559, 0x018F,
  0x09F0, 0x5393, 0x6C13, 0x2271, 0x018F, 0x32F2, 0xEFBF, 0xEFBF, 0xEFBF, 0xEFBF, 0xEFBF, 0xEFBF,
  0xEFBF, 0xEFBF, 0xEFBF, 0xF7FF, 0xB65C, 0x01AF, 0x01F0, 0x328F, 0x428D, 0x3A4C, 0x3A2C, 0x220D,
  0x11EF, 0x0A11, 0x018F, 0x018F, 0x4333, 0xB63B, 0xFFFF, 0xF7FF, 0xF7FF, 0xBE7C, 0x09D0, 0x09F1,
  0x428E, 0x31A7, 0x5A8A, 0xADB4, 0xB5B7, 0x2967, 0x0886, 0x10E6, 0x1128, 0x09F1, 0x09D0, 0x018F,
  0x01B0, 0x0A11, 0x09CE, 0x114A, 0x1106, 0x10E6, 0x10C6, 0x0885, 0x0044, 0x62AA, 0x5A8B, 0x0004,
  0x0045, 0x0045, 0x0065, 0x08A7, 0x08A6, 0x0064, 0x0064, 0x0045, 0x0066, 0x0003, 0x4208, 0x7B4B,
  0x4A6B, 0x0004, 0x0803, 0x2066, 0x28C7, 0x6A8A, 0x7B2C, 0x2945, 0x0023, 0x83CE, 0x5A8A, 0x0042,
  0x0002, 0x0025, 0x0046, 0x0024, 0x4229, 0x5A89, 0x2966, 0x08A4, 0x39E7, 0x0000, 0x0883, 0x0001,
  0x0001, 0x2126, 0x10E5, 0x842F, 0xFFFF, 0x62EC, 0x2147, 0x2127, 0x39E9, 0x31C8, 0x10E6, 0x2148,
  0x3A2A, 0xC639, 0x630B, 0x0861, 0x0841, 0x10A2, 0x18C3, 0x18C3, 0x18C3, 0x18C3, 0x10A2, 0x10A2,
  0x10A2, 0x10A2, 0x10A2, 0x10A2, 0x10A2, 0x10A2, 0x10A2, 0x10A2, 0x10A2, 0x1082, 0x1082, 0x1082,
  0x1082, 0x1082, 0x1081, 0x1081, 0x0861, 0x0861, 0x0861, 0x0861, 0x0861, 0x0841, 0x0000, 0x0000,
  0x0000, 0x0841, 0x0020, 0x0020, 0x0840, 0x0020, 0x0000, 0x0000, 0x0000, 0x0000, 0x10A1, 0x2985,
  0x3A07, 0x630B, 0x6B6E, 0x4A8D, 0x116A, 0x00C8, 0x0068, 0x3250, 0x7C34, 0x2A0D, 0x120F, 0x1A0F,
  0x0109, 0x0066, 0x010A, 0x096B, 0x118C, 0x1A2E, 0x2AF3, 0x2313, 0x012B, 0x00EB, 0x01CE, 0x00E9,
  0x014B, 0x012C, 0x4372, 0x5352, 0x9CF7, 0x8D19, 0x1294, 0x6CB7, 0x7D19, 0xA65E, 0x8EBF, 0x0356,
  0x1336, 0x0210, 0x010A, 0x0A0F, 0x1A93, 0x010A, 0x012A, 0x09AB, 0x0065, 0x00C8, 0x00A6, 0x00E6,
  0x0109, 0x0003, 0x098C, 0x1B77, 0x0294, 0x0358, 0x361F, 0x34DE, 0x0049, 0x1250, 0x3C5A, 0x010B,
  0x0026, 0x557D, 0x122D, 0x0001, 0x0085, 0x0065, 0x0022, 0x0041, 0x0022, 0x0022, 0x0022, 0x0022,
  0x0022, 0x0042, 0x0022, 0x0021, 0x0021, 0x0021, 0x0001, 0x0021, 0x0822, 0x0001, 0x0021, 0x0001,
  0x0000, 0x0000, 0x0000, 0x0000, 0x0023, 0x0064, 0x0064, 0x0063, 0x0043, 0x00C6, 0x0908, 0x0064,
  0x0107, 0x11AB, 0x00C8, 0x09EC, 0x1A71, 0x020F, 0x1B96, 0x01B2, 0x0358, 0xEFFF, 0xAFDF, 0x4DFE,
  0x663E, 0x4DBE, 0x7E1E, 0x1BD8, 0x2C5B, 0x865E, 0xAF5F, 0x96BE, 0x2C59, 0x1BD9, 0x345A, 0x33D8,
  0x1B35, 0x01EF, 0x016D, 0x018D, 0x018D, 0x016B, 0x014A, 0x012A, 0x0129, 0x0129, 0x0929, 0x08E8,
  0x2A4E, 0x2A90, 0x09F0, 0x0A11, 0x018F, 0x018F, 0x4B74, 0xBE5B, 0x32D2, 0x01B0, 0x11CE, 0x1949,
  0x2A0C, 0x196A, 0x1969, 0x21CB, 0x2169, 0x19CC, 0x09F1, 0x01AF, 0xBE7C, 0xF7FF, 0xEFBF, 0xEFBF,
  0xEFBF, 0xEFBF, 0xEFBF, 0xEFBF, 0xEFBF, 0xEFBF, 0xEF9F, 0x2AB2, 0x018F, 0x2291, 0x6C14, 0x4B73,
  0x09F0, 0x018F, 0x9D9A, 0xFFFF, 0xE79F, 0xEFBF, 0xEFBF, 0xEFBF, 0xEFBF, 0xEFBF, 0xEFBF, 0xEFBF,
  0xF7FF, 0x4B94, 0x016F, 0x1230, 0x4ACE, 0x328E, 0x1A30, 0x0A11, 0x018F, 0x016F, 0x4333, 0xB61B,
  0xF7FF, 0xF7FF, 0xEFBF, 0xEFBF, 0xEFBF, 0xF7FF, 0x53D5, 0x018F, 0x11EF, 0x4229, 0x7B6C, 0xB5B7,
  0x4A8B, 0x0864, 0x08C7, 0x08C6, 0x08A5, 0x096B, 0x09F0, 0x09F0, 0x09CE, 0x1129, 0x10C6, 0x10E6,
  0x08C6, 0x08C6, 0x08A5, 0x0885, 0x0044, 0x0002, 0x0004, 0x0066, 0x0024, 0x0085, 0x08A7, 0x0066,
  0x0003, 0x0002, 0x0024, 0x0005, 0x0047, 0x0001, 0x5289, 0x7B4A, 0x31A7, 0x0044, 0x18E6, 0x4989,
  0x30C7, 0x2085, 0x0023, 0x5AEB, 0x3188, 0x3167, 0x5248, 0x1063, 0x0001, 0x0044, 0x0885, 0x0003,
  0x4A6A, 0x8C0F, 0x6ACA, 0x0002, 0x31A7, 0x1084, 0x2125, 0x2966, 0x526A, 0x1906, 0x1948, 0x0885,
  0x2946, 0x3A09, 0x4A2B, 0x18E6, 0x0000, 0x2947, 0x2148, 0x424C, 0xAD97, 0xA514, 0x2103, 0x0000,
  0x1082, 0x18C3, 0x18C3, 0x18C3, 0x18C3, 0x18C3, 0x10A2, 0x10A2, 0x10A2, 0x10A2, 0x10A2, 0x10A2,
  0x10A2, 0x10A2, 0x10A2, 0x10A2, 0x10A2, 0x1082, 0x1082, 0x1082, 0x1082, 0x1082, 0x1081, 0x1081,
  0x0861, 0x0861, 0x0861, 0x0861, 0x0861, 0x0861, 0x2945, 0x39E7, 0x0861, 0x0000, 0x0000, 0x0000,
  0x0861, 0x0861, 0x0020, 0x0000, 0x0000, 0x0000, 0x0000, 0x0000, 0x0020, 0x1903, 0x3185, 0x4A29,
  0x5AEC, 0x5B2D, 0x52EF, 0x198C, 0x018C, 0x01AD, 0x120F, 0x010A, 0x00A7, 0x320B, 0x1149, 0x0129,
  0x094A, 0x21EE, 0x2250, 0x120E, 0x120F, 0x2292, 0x1A71, 0x014B, 0x014C, 0x0A10, 0x53D6, 0x4BB3,
  0x01CD, 0xBE5C, 0x3375, 0x64B8, 0x74FA, 0x4C9A, 0x96DF, 0x551C, 0x01D1, 0x1B34, 0x0A0E, 0x018D,
  0x1AF5, 0x014C, 0x09AB, 0x00C7, 0x0065, 0x00C8, 0x00A7, 0x00E7, 0x014B, 0x0086, 0x0004, 0x3417,
  0x4DBF, 0x0170, 0x0338, 0x469F, 0x351F, 0x006A, 0x0A11, 0x347A, 0x0067, 0x0109, 0x092A, 0x0023,
  0x00A5, 0x00A6, 0x0002, 0x0022, 0x0042, 0x0042, 0x0022, 0x0022, 0x0022, 0x0022, 0x0021, 0x0021,
  0x0021, 0x0021, 0x0021, 0x0001, 0x0023, 0x0042, 0x0021, 0x0001, 0x0000, 0x0000, 0x0000, 0x0000,
  0x0065, 0x0064, 0x0064, 0x0063, 0x0043, 0x00C7, 0x00E8, 0x0928, 0x11CC, 0x00A6, 0x0129, 0x1A71,
  0x018E, 0x0231, 0x12F5, 0x0194, 0x45BC, 0xFFFF, 0x76BF, 0x563F, 0x251D, 0x2C9B, 0xBEFD, 0x241A,
  0x4D1C, 0x659D, 0xD7FF, 0x767C, 0x661F, 0x5D5C, 0x2BB7, 0x0252, 0x018E, 0x01CF, 0x01CF, 0x018D,
  0x016B, 0x012B, 0x012A, 0x012A, 0x0109, 0x0908, 0x0908, 0x1A0E, 0x1210, 0x0A11, 0x018F, 0x018F,
  0x4B53, 0xBE5B, 0xF7FF, 0xFFFF, 0x9D9A, 0x016F, 0x0A11, 0x19AC, 0x21AA, 0x1949, 0x1969, 0x1949,
  0x2169, 0x21CA, 0x11EF, 0x018F, 0x4B94, 0xF7FF, 0xEFBF, 0xEFBF, 0xEFBF, 0xEFBF, 0xEFBF, 0xEFBF,
  0xEFBF, 0xE79F, 0xFFFF, 0x9579, 0x018F, 0x09F0, 0x4B73, 0x6C14, 0x2291, 0x018F, 0x2AD2, 0xEF9F,
  0xEFBF, 0xEFBF, 0xEFBF, 0xEFBF, 0xEFBF, 0xEFBF, 0xEFBF, 0xEFBF, 0xF7FF, 0xBE7C, 0x01AF, 0x09F0,
  0x1230, 0x0A11, 0x018F, 0x016F, 0x3B13, 0xADFA, 0xF7FF, 0xFFFF, 0xEFBF, 0xEFBF, 0xEFBF, 0xEFBF,
  0xEFBF, 0xF7FF, 0xC69C, 0x09D0, 0x09F1, 0x5B70, 0x4A6B, 0x0884, 0x0865, 0x08C7, 0x00A6, 0x00A6,
  0x0085, 0x08A5, 0x08A7, 0x08C8, 0x08A6, 0x0865, 0x0885, 0x08A6, 0x08C6, 0x0085, 0x0885, 0x0065,
  0x0044, 0x0044, 0x0045, 0x0086, 0x0085, 0x0065, 0x0046, 0x0086, 0x5A8B, 0x39E7, 0x0002, 0x0025,
  0x0845, 0x41C8, 0xACCF, 0x3185, 0x0001, 0x0065, 0x0023, 0x6A4B, 0x71EC, 0x20A6, 0x0084, 0x31A8,
  0x10A4, 0x0000, 0x18E3, 0x730B, 0x0001, 0x0002, 0x0024, 0x00A6, 0x0865, 0x3966, 0xCD30, 0x51C6,
  0x0883, 0x18C4, 0x0022, 0x2105, 0x5ACB, 0x41E9, 0x2127, 0x10A6, 0x2147, 0x31A9, 0x41CA, 0x2946,
  0x9CF3, 0xD6BB, 0x2148, 0x422B, 0xD6BA, 0x528A, 0x0861, 0x0841, 0x10A2, 0x18C3, 0x18C3, 0x18C3,
  0x18C3, 0x10A2, 0x10A2, 0x10A2, 0x10A2, 0x10A2, 0x10A2, 0x10A2, 0x10A2, 0x10A2, 0x10A2, 0x10A2,
  0x1082, 0x1082, 0x1082, 0x1082, 0x1082, 0x1082, 0x1082, 0x0861, 0x0881, 0x0881, 0x0881, 0x0861,
  0x0861, 0x0841, 0x3186, 0xA535, 0xBDF7, 0x5ACB, 0x0841, 0x0881, 0x0861, 0x0841, 0x0020, 0x0000,
  0x0020, 0x0020, 0x0000, 0x0000, 0x0000, 0x0000, 0x0000, 0x0000, 0x1040, 0x3164, 0x4A48, 0x6B0C,
  0x73AF, 0x5330, 0x4332, 0x11CC, 0x00C9, 0x21AA, 0x29CE, 0x010B, 0x094A, 0x096C, 0x00EA, 0x00EA,
  0x014B, 0x6478, 0x43B5, 0x1AB0, 0x2291, 0x2271, 0x01D0, 0x7D19, 0x6C55, 0xD6BC, 0x8519, 0x1AB4,
  0x22F5, 0x2358, 0x757E, 0x869F, 0x0252, 0x018E, 0x1B14, 0x12D2, 0x0337, 0x0276, 0x01CF, 0x0025,
  0x00C7, 0x0129, 0x0109, 0x0129, 0x09CC, 0x0128, 0x00E9, 0x012C, 0x12D4, 0x341A, 0x12B4, 0x2CDD,
  0x2D9F, 0x463F, 0x0171, 0x00EE, 0x2AF4, 0x00C9, 0x0004, 0x0025, 0x0086, 0x0109, 0x0022, 0x0022,
  0x0043, 0x0043, 0x0042, 0x0042, 0x0022, 0x0022, 0x0021, 0x0021, 0x0021, 0x0021, 0x0021, 0x0021,
  0x0001, 0x0001, 0x0021, 0x0021, 0x0000, 0x0000, 0x0000, 0x0000, 0x00E7, 0x0064, 0x0083, 0x0063,
  0x0043, 0x0045, 0x1A50, 0x11CB, 0x0086, 0x0109, 0x122E, 0x1A92, 0x012C, 0x1292, 0x0B17, 0x0256,
  0xA7FF, 0xCFFF, 0x4DFE, 0x55DF, 0x147C, 0x655B, 0x963C, 0x03B9, 0x24BD, 0xA75F, 0xFFFF, 0xAFDF,
  0x455D, 0x0295, 0x02D4, 0x01F1, 0x1292, 0x01AE, 0x01CE, 0x018D, 0x016B, 0x014B, 0x012A, 0x0109,
  0x0108, 0x08E9, 0x1210, 0x0A11, 0x01AF, 0x018F, 0x4B53, 0xB63B, 0xFFFF, 0xF7FF, 0xEF9F, 0xEFBF,
  0xEFDF, 0x32D2, 0x01B0, 0x11EF, 0x21AA, 0x1989, 0x1969, 0x1969, 0x2189, 0x29A9, 0x19ED, 0x09F1,
  0x01AF, 0xB65C, 0xF7FF, 0xEFBF, 0xEFBF, 0xEFBF, 0xEFBF, 0xEFBF, 0xEFBF, 0xEFBF, 0xEFBF, 0xEF9F,
  0x2AD2, 0x018F, 0x2291, 0x6C14, 0x4B73, 0x09F0, 0x018F, 0x9579, 0xFFFF, 0xE79F, 0xEFBF, 0xEFBF,
  0xEFBF, 0xEFBF, 0xEFBF, 0xEFBF, 0xEFBF, 0xFFFF, 0x53B4, 0x018F, 0x01AF, 0x016F, 0x3AF3, 0xADDA,
  0xF7FF, 0xFFFF, 0xEFBF, 0xEFBF, 0xEFBF, 0xEFBF, 0xEFBF, 0xEFBF, 0xEFBF, 0xEFBF, 0xFFFF, 0x53D5,
  0x016F, 0x1210, 0x08A5, 0x0865, 0x0886, 0x00A7, 0x0045, 0x0023, 0x0021, 0x0022, 0x0866, 0x0021,
  0x0043, 0x0044, 0x0024, 0x0024, 0x0022, 0x0022, 0x0022, 0x0004, 0x0003, 0x0003, 0x0044, 0x0044,
  0x0064, 0x0065, 0x0004, 0x420A, 0xACF2, 0x2964, 0x3186, 0x41C8, 0x8B8D, 0x4A07, 0x2103, 0x0001,
  0x0044, 0x0024, 0x0043, 0x0884, 0x69CA, 0x28C5, 0x4208, 0x1905, 0x5249, 0x41C7, 0x0001, 0x9C6F,
  0xFFFF, 0x6269, 0x0004, 0x0045, 0x39A9, 0x93AE, 0xFFFF, 0xFF7A, 0x51E7, 0x0862, 0x2167, 0x1105,
  0x10A3, 0x18A4, 0x4249, 0x2966, 0x1906, 0x3189, 0x2968, 0x52CB, 0xC619, 0x94B5, 0x1128, 0x94D4,
  0xAD74, 0x10A2, 0x0000, 0x1082, 0x18C3, 0x18C3, 0x18C3, 0x18E3, 0x18E3, 0x18C3, 0x10A2, 0x10A2,
  0x10A2, 0x10A2, 0x10A2, 0x10A2, 0x10A2, 0x10A2, 0x10A2, 0x10A2, 0x1082, 0x1082, 0x1082, 0x1082,
  0x1082, 0x1082, 0x1082, 0x0861, 0x0881, 0x0881, 0x0881, 0x0881, 0x0861, 0x0841, 0x0000, 0x0000,
  0x2945, 0x2124, 0x0881, 0x2103, 0x2124, 0x18E3, 0x0861, 0x0000, 0x0000, 0x0000, 0x0000, 0x0000,
  0x0000, 0x0020, 0x0000, 0x0000, 0x0000, 0x0000, 0x0040, 0x1060, 0x2903, 0x4A27, 0x62EA, 0x636D,
  0x534F, 0x324C, 0x2A50, 0x016D, 0x1A2F, 0x19CE, 0x014C, 0x012B, 0x1A0E, 0x4393, 0x01AC, 0x09EE,
  0x01AD, 0x0A51, 0x4C18, 0x95DD, 0x8D9B, 0xC619, 0xEF1E, 0x1A52, 0x1AF5, 0x2316, 0x3BFA, 0x9F5F,
  0x0B34, 0x00EC, 0x018E, 0x0AD3, 0x455E, 0xCFFF, 0x02F6, 0x010A, 0x11CD, 0x096B, 0x0108, 0x00A6,
  0x0909, 0x0065, 0x0064, 0x0003, 0x0026, 0x00C9, 0x3C7B, 0x12D5, 0x0151, 0x1D5F, 0x66FF, 0x01D2,
  0x00AD, 0x2BD8, 0x014B, 0x0002, 0x0063, 0x0047, 0x0003, 0x0063, 0x0043, 0x0063, 0x0043, 0x0043,
  0x0022, 0x0022, 0x0042, 0x0021, 0x0021, 0x0021, 0x0021, 0x0021, 0x0001, 0x0001, 0x0021, 0x0021,
  0x0000, 0x0000, 0x0000, 0x0000, 0x0085, 0x0084, 0x0063, 0x0043, 0x0002, 0x19AB, 0x11CD, 0x0043,
  0x0085, 0x00E8, 0x09EE, 0x1A92, 0x012D, 0x1B34, 0x0338, 0x0BD9, 0xDFFF, 0x9F9F, 0x3D7F, 0x3D9F,
  0x0C3B, 0x95FC, 0x75BC, 0x03BA, 0x03DA, 0xAFFF, 0xFFFF, 0x771F, 0x0358, 0x02D4, 0x02B4, 0x01F0,
  0x0A51, 0x018D, 0x01AE, 0x018D, 0x016B, 0x014B, 0x012A, 0x00E9, 0x00A7, 0x11EF, 0x0A11, 0x01AF,
  0x4333, 0xB61B, 0xFFFF, 0xF7FF, 0xEFBF, 0xEFBF, 0xEFBF, 0xEF9F, 0xFFFF, 0xA5BA, 0x016F, 0x0A11,
  0x19CC, 0x21A9, 0x1989, 0x1989, 0x2189, 0x21A9, 0x29CA, 0x11EF, 0x018F, 0x4B74, 0xF7FF, 0xEFBF,
  0xEFBF, 0xEFBF, 0xEFBF, 0xEFBF, 0xEFBF, 0xEFBF, 0xE79F, 0xFFFF, 0x9D9A, 0x018F, 0x09F0, 0x4B73,
  0x6C34, 0x2291, 0x018F, 0x2AB2, 0xEF9F, 0xEFDF, 0xEFBF, 0xEFBF, 0xEFBF, 0xEFBF, 0xEFBF, 0xEFBF,
  0xEFBF, 0xF7FF, 0xC69C, 0x016F, 0x32D2, 0xA5BA, 0xF7DF, 0xFFFF, 0xEFBF, 0xEF9F, 0xEFBF, 0xEFBF,
  0xEFBF, 0xEFBF, 0xEFBF, 0xEFBF, 0xEFBF, 0xE79F, 0xF7DF, 0xD71D, 0x1210, 0x01F1, 0x092B, 0x0842,
  0x0041, 0x0022, 0x2147, 0x41E8, 0x5227, 0xACD1, 0xD69A, 0xC532, 0x6AC9, 0x0023, 0x0023, 0x0043,
  0x41E8, 0x31C8, 0x422A, 0x10E6, 0x08C5, 0x0024, 0x9410, 0x942F, 0x0000, 0x0023, 0x0004, 0x0046,
  0x0064, 0x5AEA, 0x6B4A, 0x1843, 0x93EE, 0x0000, 0x0000, 0x0023, 0x0024, 0x0864, 0x0044, 0x0025,
  0x30C5, 0x4167, 0x0002, 0x5249, 0x9C4F, 0x0000, 0x39A7, 0x940E, 0xFF9B, 0x9C71, 0x0001, 0x0003,
  0x10A4, 0x1084, 0x734D, 0x9C2E, 0x6248, 0x628A, 0x3166, 0x0022, 0x8C11, 0x2926, 0x10A4, 0x4A4C,
  0xB5D7, 0x08C4, 0x2167, 0x426A, 0x10A6, 0x0886, 0x218B, 0xE73D, 0x634B, 0x0841, 0x0041, 0x10A2,
  0x18C3, 0x18C3, 0x1082, 0x0000, 0x0000, 0x0842, 0x10A3, 0x10A3, 0x18C3, 0x10A2, 0x10A2, 0x10A2,
  0x10A2, 0x10A2, 0x10A2, 0x1082, 0x1082, 0x1082, 0x1082, 0x1082, 0x1081, 0x1081, 0x0861, 0x0861,
  0x0861, 0x0861, 0x0861, 0x0020, 0x0000, 0x0841, 0x0000, 0x0000, 0x0000, 0x0000, 0x0000, 0x0861,
  0x10A2, 0x2104, 0x2123, 0x2103, 0x18C2, 0x0000, 0x0000, 0x0000, 0x0000, 0x0000, 0x0000, 0x0000,
  0x0000, 0x0000, 0x0000, 0x0000, 0x0000, 0x0000, 0x18A1, 0x2922, 0x4A06, 0x6B2B, 0x73CF, 0x5350,
  0x32CF, 0x11CD, 0x012B, 0x1230, 0x1210, 0x124F, 0x096B, 0x012B, 0x1A50, 0x12D4, 0x12B3, 0x0253,
  0x43D5, 0xFFFF, 0xFFFF, 0xAD7A, 0x1AB4, 0x1B56, 0x12D6, 0x9EDF, 0x65FD, 0x010E, 0x016E, 0x012D,
  0x44BA, 0xFFFF, 0x2CFB, 0x010B, 0x00E9, 0x0109, 0x00A7, 0x0064, 0x0908, 0x00E7, 0x0043, 0x0084,
  0x11EC, 0x0087, 0x008A, 0x2BD8, 0x1AF5, 0x00AE, 0x24BE, 0x571F, 0x0213, 0x008B, 0x2396, 0x0128,
  0x0002, 0x65FE, 0x3C35, 0x0004, 0x0065, 0x0064, 0x0043, 0x0042, 0x0022, 0x0042, 0x0022, 0x0022,
  0x0022, 0x0021, 0x0021, 0x0021, 0x0001, 0x0001, 0x0021, 0x0001, 0x0001, 0x0000, 0x0000, 0x0000,
  0x00A6, 0x0063, 0x0064, 0x0065, 0x1169, 0x1189, 0x00C6, 0x0044, 0x00C6, 0x0107, 0x1270, 0x09EF,
  0x018E, 0x1355, 0x037A, 0x663D, 0xE7FF, 0x7EBF, 0x355D, 0x357D, 0x0C5B, 0xA61C, 0x659C, 0x0399,
  0x1C3A, 0x3DBD, 0x5EFF, 0x4DFF, 0x345A, 0x3C39, 0x2356, 0x01D0, 0x01CF, 0x01AE, 0x01AE, 0x016D,
  0x014B, 0x014B, 0x00EA, 0x00A7, 0x2A6F, 0x09F0, 0x018F, 0x7CD7, 0xFFFF, 0xF7FF, 0xEFBF, 0xEFBF,
  0xEFBF, 0xEFBF, 0xEFBF, 0xEFBF, 0xEFBF, 0xF7DF, 0x32F3, 0x01AF, 0x11EF, 0x29CA, 0x21AA, 0x2189,
  0x2189, 0x2189, 0x29CA, 0x21ED, 0x09F1, 0x018F, 0xB63B, 0xF7FF, 0xEFBF, 0xEFBF, 0xEFBF, 0xEFBF,
  0xEFBF, 0xEFBF, 0xEFBF, 0xEFBF, 0xEFBF, 0x32F2, 0x018F, 0x2271, 0x6C13, 0x4B72, 0x09F0, 0x018F,
  0x9559, 0xFFFF, 0xE79F, 0xEFBF, 0xEFBF, 0xEFBF, 0xEFBF, 0xEFBF, 0xEFBF, 0xEFBF, 0xEFBF, 0xB65B,
  0xEFBF, 0xFFFF, 0xEFBF, 0xEF9F, 0xEFBF, 0xEFBF, 0xEFBF, 0xEFBF, 0xEFBF, 0xEFBF, 0xEFBF, 0xEFBF,
  0xEFBF, 0xF7FF, 0xFFFF, 0xBE7C, 0x2271, 0x01D0, 0x096C, 0x29A6, 0x632D, 0xC5F5, 0xD696, 0x7AA9,
  0xDD70, 0xDEF7, 0xDDF2, 0xAC0C, 0xB42B, 0xCD92, 0x9C2D, 0x732A, 0xB48E, 0xB4D0, 0x9C70, 0x840F,
  0x5ACA, 0x3146, 0x830B, 0xF7B9, 0x8C50, 0x1949, 0x08E6, 0x08C7, 0x0005, 0x0025, 0x1084, 0x8C0E,
  0x9C2E, 0x0001, 0x0003, 0x0043, 0x0024, 0x0064, 0x0064, 0x0024, 0x1885, 0x3106, 0x0044, 0x0000,
  0x10A4, 0x2966, 0x49C9, 0x39C8, 0x0000, 0x0002, 0x2106, 0x734E, 0x20E6, 0x0886, 0x5289, 0x49C6,
  0x2905, 0x7B8D, 0x6B4C, 0x2967, 0x524A, 0x1064, 0x0864, 0x18A6, 0x7C0F, 0x422A, 0x6B8F, 0x2128,
  0x0064, 0x10E7, 0xA4F7, 0xC618, 0x2965, 0x0841, 0x1082, 0x18C3, 0x18C3, 0x10A2, 0x0000, 0x0000,
  0x0000, 0x0000, 0x0000, 0x0000, 0x0842, 0x10C3, 0x18E3, 0x18C2, 0x18A2, 0x10A2, 0x10A2, 0x1082,
  0x1082, 0x1082, 0x1082, 0x1082, 0x1081, 0x1081, 0x0861, 0x0861, 0x0861, 0x0842, 0x0000, 0x18E3,
  0x7BEF, 0x0000, 0x0020, 0x0000, 0x0000, 0x0000, 0x0000, 0x0020, 0x0861, 0x0841, 0x0861, 0x1082,
  0x0840, 0x5ACB, 0xAD75, 0x4228, 0x10A2, 0x0000, 0x0000, 0x0000, 0x0020, 0x0020, 0x0000, 0x0000,
  0x0000, 0x0000, 0x0000, 0x0000, 0x0000, 0x1881, 0x2923, 0x5227, 0x62EA, 0x5B2D, 0x42CD, 0x3A90,
  0x11EF, 0x020F, 0x014C, 0x096C, 0x09EF, 0x01CF, 0x1251, 0x12D3, 0x0A50, 0xBE5B, 0xFFFF, 0xFFFE,
  0x5BB4, 0x2355, 0x0A94, 0x655D, 0x975F, 0x01F0, 0x01CF, 0x01CF, 0x01F2, 0x459F, 0x0231, 0x09CC,
  0x11CD, 0x00C8, 0x0065, 0x0064, 0x00E7, 0x00E8, 0x0064, 0x08A5, 0x122E, 0x00E9, 0x00EA, 0x0047,
  0x3C7A, 0x2B76, 0x010F, 0x0BD9, 0x4E9F, 0x01F2, 0x00AC, 0x2377, 0x00A9, 0x2313, 0x1AD1, 0x0024,
  0x0085, 0x0044, 0x0023, 0x0042, 0x0042, 0x0042, 0x0022, 0x0042, 0x0022, 0x0021, 0x0021, 0x0021,
  0x0021, 0x0001, 0x0021, 0x0021, 0x0001, 0x0000, 0x0000, 0x0000, 0x196A, 0x0002, 0x00C6, 0x11EC,
  0x00C6, 0x0085, 0x0128, 0x0064, 0x00C6, 0x0128, 0x1A91, 0x01AD, 0x018F, 0x02F5, 0x03DC, 0xB7FF,
  0xCFFF, 0x65FD, 0x355D, 0x355D, 0x147B, 0x5CFA, 0x5D1A, 0x13F9, 0x0335, 0x0357, 0x245A, 0x0B97,
  0x4CD9, 0x965F, 0x0233, 0x01B0, 0x01CF, 0x01CF, 0x01AE, 0x016C, 0x012B, 0x010A, 0x00E9, 0x21ED,
  0x198A, 0x09CF, 0x01B0, 0x4374, 0xF7DF, 0xE79F, 0xEFBF, 0xEFBF, 0xEFBF, 0xEFBF, 0xEFBF, 0xEFBF,
  0xEF9F, 0xFFFF, 0xA5DA, 0x016F, 0x09F1, 0x21EC, 0x29CA, 0x218A, 0x2189, 0x2189, 0x21AA, 0x29EA,
  0x11EF, 0x018F, 0x4354, 0xF7FF, 0xEFBF, 0xEFBF, 0xEFBF, 0xEFBF, 0xEFBF, 0xEFBF, 0xEFBF, 0xE79F,
  0xFFFF, 0x9DBA, 0x018F, 0x09F0, 0x4B32, 0x6BF3, 0x2291, 0x018F, 0x2AB2, 0xE79F, 0xEFDF, 0xEFBF,
  0xEFBF, 0xEFBF, 0xEFBF, 0xEFBF, 0xEFBF, 0xEFBF, 0xEFBF, 0xF7FF, 0xEFBF, 0xE79F, 0xEFBF, 0xEFBF,
  0xEFBF, 0xEFBF, 0xEFBF, 0xEFBF, 0xEFBF, 0xEFBF, 0xE79F, 0xF7FF, 0xFFFF, 0xBE7C, 0x5394, 0x018F,
  0x01D0, 0x0A11, 0x52EE, 0xA4D0, 0xCE77, 0xD6B4, 0xB4CF, 0x1084, 0x2904, 0x5A27, 0x20A3, 0x3966,
  0xDE34, 0xCD72, 0xEF5A, 0xEF5D, 0xA3ED, 0x838B, 0x6B2D, 0x732C, 0x2966, 0x2125, 0x3184, 0xB4AF,
  0x52AB, 0x0003, 0x0087, 0x0064, 0x0045, 0x0025, 0x0001, 0x2987, 0x39C8, 0x0000, 0x0044, 0x0044,
  0x0044, 0x0044, 0x0064, 0x0023, 0x20C5, 0x3106, 0x0823, 0x0823, 0x18C5, 0x5A8A, 0x2927, 0x0844,
  0x0023, 0x0002, 0x10C4, 0x39C8, 0x28E6, 0x0002, 0x39C7, 0x5227, 0x4186, 0x3187, 0x2106, 0x0865,
  0x6B2B, 0x6B2B, 0x1884, 0x0003, 0x2106, 0x39E9, 0x1905, 0x49E8, 0xF719, 0xFFBD, 0xFFDF, 0x5AEB,
  0x10A2, 0x0841, 0x10A2, 0x18C3, 0x10C2, 0x0021, 0x0000, 0x0022, 0x9C68, 0xAD26, 0x7344, 0x0000,
  0x0000, 0x0000, 0x0020, 0x10A1, 0x18E2, 0x18C3, 0x18C3, 0x1082, 0x1082, 0x1082, 0x1082, 0x1082,
  0x1081, 0x1081, 0x0861, 0x0861, 0x0861, 0x0861, 0x0000, 0x7BEF, 0x52AA, 0x0000, 0x2104, 0x7BCF,
  0x18E3, 0x0000, 0x0000, 0x0000, 0x0000, 0x0000, 0x0020, 0x0840, 0x0000, 0x1082, 0x52AA, 0x8C71,
  0xB5B6, 0x630C, 0x0000, 0x0000, 0x0020, 0x0020, 0x0020, 0x0020, 0x0000, 0x0000, 0x0000, 0x0000,
  0x0000, 0x0000, 0x0000, 0x0800, 0x1840, 0x28E2, 0x41C5, 0x5A89, 0x634D, 0x42EF, 0x11AC, 0x1A92,
  0x09EF, 0x1A10, 0x1A71, 0x22D1, 0x0231, 0x3B33, 0x8475, 0xFFFF, 0xF7FF, 0x01B2, 0x1272, 0x4C7B,
  0x8F1F, 0x1356, 0x016E, 0x016D, 0x018E, 0x1B56, 0x01CE, 0x00A7, 0x016B, 0x094A, 0x08C6, 0x0002,
  0x00E7, 0x0929, 0x0085, 0x0043, 0x016B, 0x00E9, 0x0107, 0x0045, 0x0004, 0x447A, 0x2B78, 0x0151,
  0x1C9D, 0x6F7F, 0x0255, 0x008D, 0x1AF3, 0x00EB, 0x0007, 0x0085, 0x0064, 0x0024, 0x0023, 0x0022,
  0x0042, 0x0042, 0x0042, 0x0022, 0x0022, 0x0022, 0x0022, 0x0021, 0x0021, 0x0021, 0x0021, 0x0021,
  0x0001, 0x0001, 0x0000, 0x0000, 0x19AB, 0x0046, 0x11CC, 0x00C5, 0x0043, 0x00E7, 0x0108, 0x00A6,
  0x00C6, 0x122E, 0x09EF, 0x016C, 0x018F, 0x02B6, 0x455E, 0xDFFF, 0xB7BF, 0x55DD, 0x3D3D, 0x1CDC,
  0x1C7B, 0x2C38, 0x5CB9, 0x02F5, 0x02B5, 0x1398, 0x0317, 0x0AF6, 0xCF5F, 0x9E3E, 0x01F2, 0x018E,
  0x01CF, 0x01CF, 0x01AE, 0x016C, 0x010A, 0x00EA, 0x32D1, 0x19AB, 0x0865, 0x096C, 0x0A11, 0x018F,
  0xA5FA, 0xFFFF, 0xEF9F, 0xEFBF, 0xEFBF, 0xEFBF, 0xEFBF, 0xEFBF, 0xEFBF, 0xEFBF, 0xF7DF, 0x3B13,
  0x018F, 0x120F, 0x29EA, 0x21A9, 0x2189, 0x2189, 0x21AA, 0x29CA, 0x21ED, 0x09F0, 0x018F, 0xAE3B,
  0xFFFF, 0xEFBF, 0xEFBF, 0xEFBF, 0xEFBF, 0xEFBF, 0xEFBF, 0xEFBF, 0xEFBF, 0xEFBF, 0x32F3, 0x018F,
  0x2271, 0x63D2, 0x4B52, 0x0A10, 0x016F, 0x8D39, 0xFFFF, 0xE79F, 0xEFBF, 0xEFBF, 0xEFBF, 0xEFBF,
  0xEFBF, 0xEFBF, 0xEFBF, 0xEFBF, 0xEFBF, 0xEFBF, 0xEFBF, 0xEFBF, 0xEFBF, 0xEFBF, 0xEFBF, 0xEFBF,
  0xE79F, 0xF7FF, 0xFFFF, 0xC69C, 0x5394, 0x01AF, 0x018F, 0x0A11, 0x2250, 0x7BD0, 0xC50F, 0xAC6F,
  0x6267, 0x4985, 0x2083, 0x1864, 0x938B, 0xB4AF, 0x2146, 0x31C8, 0x834D, 0xD573, 0x6289, 0x72EA,
  0x7AEA, 0x62A9, 0x528A, 0xAC91, 0x5A6A, 0x3987, 0x18C3, 0xA4F1, 0x1926, 0x0003, 0x0026, 0x08A6,
  0x0064, 0x0004, 0x0864, 0x0043, 0x0001, 0x0003, 0x0043, 0x0044, 0x0044, 0x0044, 0x0064, 0x0023,
  0x18C5, 0x20A4, 0x0002, 0x1084, 0x0823, 0x0001, 0x1906, 0x2108, 0x0004, 0x0864, 0x1084, 0x2907,
  0x5A0B, 0x18C4, 0x18E5, 0x2105, 0x6AEB, 0x1904, 0x524A, 0x2106, 0xBDF6, 0x738D, 0x738D, 0x52AA,
  0x10C3, 0x2965, 0x93EF, 0xA514, 0x532E, 0xB5D8, 0xBDB6, 0x2125, 0x0020, 0x0841, 0x10A2, 0x18C3,
  0x10A3, 0x0000, 0x1060, 0xFFEC, 0xFFEA, 0xFFE9, 0xFFEB, 0xDE26, 0x0000, 0x0002, 0x0000, 0x0000,
  0x0000, 0x0820, 0x1062, 0x18C2, 0x18C2, 0x10A2, 0x1082, 0x1082, 0x1081, 0x1081, 0x0861, 0x0861,
  0x0861, 0x0000, 0x1082, 0xC618, 0x0000, 0x0000, 0x5AEB, 0x8410, 0x7BCF, 0x0000, 0x2104, 0x18C3,
  0x0000, 0x0000, 0x0000, 0x0000, 0x0000, 0x0000, 0x0000, 0x0000, 0x18C3, 0x10A2, 0x0000, 0x0020,
  0x0020, 0x0020, 0x0000, 0x0000, 0x0000, 0x0000, 0x0000, 0x0000, 0x0000, 0x0000, 0x0000, 0x0000,
  0x0000, 0x0000, 0x0000, 0x1080, 0x3123, 0x49C5, 0x41E7, 0x2A0A, 0x09AB, 0x09CE, 0x018E, 0x09EF,
  0x0210, 0x120F, 0x6372, 0xFFFF, 0x7CB7, 0x01F1, 0x1A92, 0x2B36, 0x6E1F, 0x34BB, 0x00EC, 0x016D,
  0x018D, 0x1250, 0x0A0F, 0x00E9, 0x00E8, 0x00C7, 0x118A, 0x096A, 0x00E8, 0x00E7, 0x0085, 0x0064,
  0x016C, 0x00A6, 0x00C6, 0x0044, 0x0022, 0x0006, 0x447A, 0x2316, 0x00CF, 0x45BF, 0x6F5F, 0x0193,
  0x006B, 0x4D1D, 0x09AE, 0x0024, 0x00A7, 0x00A6, 0x0085, 0x08E6, 0x0063, 0x0043, 0x0042, 0x0042,
  0x0022, 0x0022, 0x0022, 0x0022, 0x0021, 0x0021, 0x0021, 0x0021, 0x0001, 0x0041, 0x0000, 0x0000,
  0x094A, 0x096B, 0x0065, 0x0063, 0x0085, 0x00E8, 0x0108, 0x00C7, 0x0108, 0x22D2, 0x01AE, 0x01AD,
  0x01CF, 0x02B6, 0x9F9F, 0xCFFF, 0x96FF, 0x455D, 0x251C, 0x0C5B, 0x03DA, 0x4C79, 0x8D99, 0x0274,
  0x02F7, 0x1BB8, 0x02D5, 0x5D1C, 0xDFDF, 0x12D4, 0x0252, 0x1A92, 0x014D, 0x01CE, 0x01AD, 0x012B,
  0x012B, 0x2AD1, 0x098C, 0x0086, 0x08E8, 0x116A, 0x11EF, 0x01B0, 0x3B13, 0xF7DF, 0xEFBF, 0xEFBF,
  0xEFBF, 0xEFBF, 0xEFBF, 0xEFBF, 0xEFBF, 0xEF9F, 0xFFFF, 0xADFB, 0x018F, 0x09F1, 0x21EC, 0x29CA,
  0x29CA, 0x2189, 0x21A9, 0x21A9, 0x29EA, 0x11EF, 0x018F, 0x4333, 0xF7DF, 0xEFBF, 0xEFBF, 0xEFBF,
  0xEFBF, 0xEFBF, 0xEFBF, 0xEFBF, 0xE79F, 0xFFFF, 0x9DBA, 0x018F, 0x09F0, 0x4331, 0x63B2, 0x2291,
  0x01AF, 0x2292, 0xE77E, 0xEFDF, 0xEFBF, 0xEFBF, 0xEFBF, 0xEFBF, 0xEFBF, 0xEFBF, 0xEFBF, 0xEFBF,
  0xEFBF, 0xEFBF, 0xEFBF, 0xEFBF, 0xEFBF, 0xEFBF, 0xE79F, 0xF7FF, 0xFFFF, 0xC6BC, 0x5BB5, 0x01AF,
  0x018F, 0x0A11, 0x2271, 0x3A0B, 0x8BAC, 0x93EC, 0x5A28, 0x39A7, 0x5249, 0x20E4, 0x940E, 0x5A28,
  0xCCAD, 0x8B6C, 0x634E, 0x29A9, 0x0025, 0x8BCF, 0x9450, 0x0000, 0x0001, 0x5AA9, 0x5A69, 0x6289,
  0x3104, 0x732A, 0x6268, 0xD5D4, 0xCDF7, 0x0003, 0x0066, 0x08A5, 0x0085, 0x0003, 0x10A5, 0x4A2A,
  0x0024, 0x0064, 0x0064, 0x0044, 0x0044, 0x0044, 0x0044, 0x0002, 0x0064, 0x0863, 0x0023, 0x0064,
  0x0064, 0x0064, 0x0024, 0x0045, 0x0003, 0x0001, 0x0000, 0x0023, 0x20E5, 0x18A5, 0x0002, 0x39C9,
  0x738E, 0x0000, 0x2967, 0x62AA, 0x420A, 0x0004, 0x0002, 0x39E9, 0x734D, 0x7B4C, 0x8C52, 0x00C9,
  0x0028, 0x94D6, 0x5ACA, 0x0861, 0x0020, 0x1082, 0x18C3, 0x18C3, 0x0082, 0x0000, 0xFEE9, 0xFFEA,
  0xE6CB, 0xFFEC, 0xDF29, 0xFFE9, 0x2082, 0x0006, 0x0089, 0x08C7, 0x0002, 0x0000, 0x0000, 0x0000,
  0x0820, 0x0861, 0x10A2, 0x10C2, 0x10A1, 0x10A1, 0x0861, 0x0861, 0x0861, 0x0020, 0x0861, 0x8410,
  0x8430, 0x18E3, 0x6B6D, 0x6B6D, 0x0020, 0x0000, 0x3186, 0x7BAF, 0x52AA, 0x1082, 0x31A7, 0x1082,
  0x0000, 0x0000, 0x0000, 0x0000, 0x0000, 0x0000, 0x0000, 0x0020, 0x0020, 0x0000, 0x0000, 0x0000,
  0x0000, 0x0000, 0x0000, 0x0000, 0x0000, 0x0000, 0x0000, 0x0000, 0x0000, 0x0000, 0x0000, 0x0000,
  0x0000, 0x0000, 0x20E1, 0x4183, 0x2943, 0x0928, 0x09AE, 0x1271, 0x0210, 0x1A90, 0x7414, 0xA517,
  0x6456, 0x2271, 0x1A72, 0x0A73, 0x4D3D, 0x661F, 0x016E, 0x016C, 0x016C, 0x122F, 0x124F, 0x018B,
  0x09AC, 0x0129, 0x0086, 0x0108, 0x1A90, 0x0108, 0x0003, 0x0086, 0x094A, 0x0044, 0x0085, 0x0043,
  0x00A4, 0x0108, 0x0027, 0x447B, 0x0A74, 0x0173, 0x4E1F, 0x4E5F, 0x0132, 0x0A12, 0x557E, 0x00A7,
  0x0045, 0x0086, 0x00A5, 0x0085, 0x08C5, 0x0064, 0x0043, 0x0042, 0x0022, 0x0022, 0x0022, 0x0042,
  0x0021, 0x0021, 0x0021, 0x0021, 0x0001, 0x0001, 0x0000, 0x0000, 0x096A, 0x00C6, 0x0043, 0x0085,
  0x0085, 0x00E8, 0x0108, 0x0086, 0x1A2E, 0x22B2, 0x014C, 0x0210, 0x01D1, 0x03D8, 0xCFFF, 0xA75F,
  0x765F, 0x2D1C, 0x1CBB, 0x34FD, 0x1439, 0x855A, 0x8D39, 0x0315, 0x0358, 0x1376, 0x02B5, 0x2BB7,
  0xA67F, 0x0A94, 0x010C, 0x1A71, 0x1250, 0x010C, 0x010B, 0x09AD, 0x32F1, 0x016B, 0x00C8, 0x00E8,
  0x0949, 0x11AA, 0x118C, 0x0A11, 0x018F, 0xA5DA, 0xFFFF, 0xEF9F, 0xEFBF, 0xEFBF, 0xEFBF, 0xEFBF,
  0xEFBF, 0xEFBF, 0xEFBF, 0xF7DF, 0x3B33, 0x018F, 0x120F, 0x322C, 0x29CA, 0x2189, 0x2189, 0x29EB,
  0x31EA, 0x21ED, 0x09F0, 0x018F, 0xAE1B, 0xFFFF, 0xEF9F, 0xEFBF, 0xEFBF, 0xEFBF, 0xEFBF, 0xEFBF,
  0xEFBF, 0xEFBF, 0xEFBF, 0x2AD2, 0x018F, 0x2270, 0x5B91, 0x4311, 0x0A10, 0x016F, 0x8518, 0xFFFF,
  0xE79F, 0xEFBF, 0xEFBF, 0xEFBF, 0xEFBF, 0xEFBF, 0xEFBF, 0xEFBF, 0xEFBF, 0xEFBF, 0xEFBF, 0xEFBF,
  0xE79F, 0xF7FF, 0xFFFF, 0xCEDC, 0x5BD5, 0x09AF, 0x016F, 0x0A11, 0x11F0, 0x5330, 0x736D, 0x5248,
  0x18E4, 0x49C7, 0x41C8, 0x08A4, 0x39C7, 0x2967, 0x2927, 0x2948, 0xACB0, 0x2968, 0x2149, 0x08A6,
  0x0004, 0x83EF, 0x2987, 0x0003, 0x2168, 0x0003, 0x524A, 0x5246, 0x6AEB, 0x734B, 0x9C2D, 0xE614,
  0x72EC, 0x0004, 0x0045, 0x08A5, 0x0064, 0x0044, 0x0023, 0x0003, 0x0066, 0x0024, 0x0065, 0x0065,
  0x10C6, 0x10A5, 0x0824, 0x18A5, 0x1885, 0x2127, 0x10A5, 0x0023, 0x0064, 0x0064, 0x0864, 0x0024,
  0x52AB, 0x41E7, 0x1062, 0x0842, 0x0001, 0x18A4, 0x3189, 0x1906, 0x0864, 0x0885, 0x0843, 0x0023,
  0x10A6, 0x1906, 0x10C6, 0x08A5, 0x298A, 0x18E7, 0x0004, 0x0088, 0x5BB2, 0xBD95, 0x2925, 0x0020,
  0x0841, 0x10A3, 0x18C3, 0x2104, 0x0000, 0x0000, 0xFF8B, 0xFFEA, 0xA4E7, 0x9D07, 0xFFEC, 0xFFEB,
  0x38A2, 0x0007, 0x198D, 0x29CE, 0x0068, 0x0046, 0x0044, 0x0002, 0x0000, 0x0000, 0x0000, 0x0820,
  0x1061, 0x10A2, 0x10A2, 0x0861, 0x0861, 0x0860, 0x0840, 0x0000, 0x0020, 0x1082, 0x0841, 0x8C51,
  0x630C, 0x0000, 0x2104, 0xB596, 0x10A2, 0x632C, 0x39C7, 0x630C, 0x0000, 0x18E3, 0x0000, 0x18C3,
  0x1082, 0x0000, 0x0000, 0x0020, 0x0000, 0x0000, 0x0000, 0x0000, 0x0000, 0x0000, 0x0000, 0x0000,
  0x0000, 0x0000, 0x0000, 0x0000, 0x0000, 0x0000, 0x0000, 0x0000, 0x0000, 0x0000, 0x0000, 0x18C2,
  0x41E5, 0x28E1, 0x1129, 0x1AF5, 0x0210, 0x2A6E, 0x8C94, 0x9D17, 0x4312, 0x3B33, 0x3334, 0x02B3,
  0x3418, 0x86FF, 0x0AD5, 0x012C, 0x018C, 0x11EF, 0x0A2F, 0x09AE, 0x010B, 0x012A, 0x00A7, 0x0065,
  0x098C, 0x00E9, 0x00A7, 0x010B, 0x014E, 0x00A8, 0x0064, 0x0064, 0x0084, 0x0129, 0x0087, 0x0069,
  0x451E, 0x01B2, 0x01D5, 0x5F7F, 0x2D3E, 0x012F, 0x0A12, 0x43F7, 0x0003, 0x0044, 0x0085, 0x0065,
  0x0084, 0x0043, 0x0043, 0x0043, 0x0042, 0x0042, 0x0022, 0x0022, 0x0022, 0x0021, 0x0021, 0x0021,
  0x0021, 0x0001, 0x0000, 0x0000, 0x0064, 0x0907, 0x0064, 0x0085, 0x0085, 0x00E7, 0x00E7, 0x0086,
  0x3395, 0x09AD, 0x016C, 0x01CF, 0x0255, 0x3D5D, 0xD7FF, 0x9F1F, 0x55DD, 0x0C9B, 0x2CFC, 0x34BB,
  0x2C79, 0x7D19, 0x43D6, 0x23B6, 0x0316, 0x02B4, 0x0273, 0x0272, 0xC73F, 0x1AD3, 0x012C, 0x010A,
  0x1AB1, 0x1210, 0x014C, 0x22D0, 0x016A, 0x00E9, 0x0109, 0x00E9, 0x096A, 0x118A, 0x1149, 0x11EF,
  0x01B0, 0x32F3, 0xF7DF, 0xEFBF, 0xEFBF, 0xEFBF, 0xEFBF, 0xEFBF, 0xEFBF, 0xEFBF, 0xEF9F, 0xFFFF,
  0xAE1B, 0x018F, 0x09F0, 0x220D, 0x29CA, 0x21CA, 0x21CA, 0x29EB, 0x29CA, 0x320B, 0x120F, 0x018F,
  0x3B33, 0xF7DF, 0xEFBF, 0xEFBF, 0xEFBF, 0xEFBF, 0xEFBF, 0xEFBF, 0xEFBF, 0xE79F, 0xFFFF, 0x84F8,
  0x016F, 0x1230, 0x4B30, 0x5350, 0x2270, 0x01B0, 0x2271, 0xE77E, 0xEFDF, 0xEFBF, 0xEFBF, 0xEFBF,
  0xEFBF, 0xEFBF, 0xEFBF, 0xEFBF, 0xEFBF, 0xEFBF, 0xE79F, 0xF7FF, 0xFFFF, 0xCEDD, 0x63F5, 0x09CF,
  0x016F, 0x09F1, 0x11F0, 0x118B, 0x424A, 0x4A4A, 0x2988, 0x4A4A, 0x10C6, 0x39C8, 0x0823, 0x838D,
  0x9BCC, 0x3187, 0x1107, 0x3A2C, 0x532E, 0x0025, 0x0066, 0x0065, 0x4A6C, 0x7B6D, 0x4229, 0x4A6C,
  0x4AB0, 0x42CF, 0xACD2, 0xCD73, 0x626A, 0x5207, 0x838B, 0x7B8D, 0x0024, 0x0046, 0x0065, 0x0023,
  0x0044, 0x0044, 0x0085, 0x0086, 0x0065, 0x0865, 0x10A5, 0x0044, 0x0064, 0x0064, 0x0023, 0x10A5,
  0x10A5, 0x0023, 0x0023, 0x0044, 0x0064, 0x0864, 0x0844, 0x0044, 0x39A8, 0x2946, 0x8BF0, 0xAC91,
  0x6268, 0x20E5, 0x2927, 0x10A5, 0x10A5, 0x10A5, 0x10A4, 0x18C5, 0x2947, 0x1906, 0x10C6, 0x2148,
  0x2147, 0x9492, 0xAD13, 0x1127, 0xADD7, 0x6B2B, 0x10A2, 0x0020, 0x1082, 0x18C3, 0x18E3, 0x10C2,
  0x0000, 0x0003, 0x8A67, 0xFFEA, 0xFFE8, 0xD526, 0xFDC8, 0xE244, 0x0003, 0x0007, 0x0005, 0x0005,
  0x0025, 0x0025, 0x0046, 0x0066, 0x0066, 0x0045, 0x0002, 0x0000, 0x0000, 0x0000, 0x0800, 0x0840,
  0x0861, 0x0861, 0x0861, 0x1082, 0x0840, 0x0000, 0x0000, 0x0000, 0x3186, 0x0000, 0x6B4D, 0x1082,
  0x10A2, 0x4A49, 0x18E3, 0x4A69, 0x528A, 0x52AA, 0x630C, 0x39C7, 0x2965, 0x0000, 0x0020, 0x0000,
  0x0000, 0x0000, 0x0000, 0x0000, 0x0000, 0x0000, 0x0000, 0x0000, 0x0000, 0x0000, 0x0000, 0x0000,
  0x0000, 0x0000, 0x0000, 0x0000, 0x0000, 0x0000, 0x0000, 0x0000, 0x1061, 0x4206, 0x2081, 0x1250,
  0x0294, 0x63B1, 0xEEDC, 0x7C55, 0x6C35, 0x22B2, 0x5C17, 0x1B57, 0x1335, 0x8F5F, 0x2C9C, 0x00EB,
  0x018C, 0x11EE, 0x09AD, 0x0A0E, 0x0086, 0x118A, 0x00A6, 0x0108, 0x09CC, 0x0024, 0x0066, 0x4D3B,
  0xCFFF, 0x0211, 0x0064, 0x00E7, 0x0085, 0x0085, 0x00A7, 0x0004, 0x012C, 0x55DF, 0x0173, 0x0296,
  0x6F3F, 0x1398, 0x0008, 0x2B14, 0x3394, 0x0003, 0x00C7, 0x1149, 0x00A5, 0x0043, 0x0063, 0x0043,
  0x0042, 0x0042, 0x0042, 0x0022, 0x0022, 0x0021, 0x0021, 0x0021, 0x0021, 0x0001, 0x0000, 0x0000,
  0x0043, 0x00C6, 0x00A5, 0x0085, 0x0064, 0x0107, 0x0086, 0x11CC, 0x2BB5, 0x010A, 0x016C, 0x0251,
  0x02F8, 0x7E7E, 0xDFFF, 0x9EDE, 0x2CFC, 0x1CDC, 0x351C, 0x1C39, 0x1C5A, 0x1357, 0x33D7, 0x4418,
  0x02D5, 0x0252, 0x0251, 0x01AF, 0x6CDA, 0x2B54, 0x0210, 0x014D, 0x00CB, 0x3334, 0x3394, 0x00C9,
  0x0109, 0x010A, 0x0109, 0x010A, 0x220F, 0x116A, 0x1128, 0x222E, 0x0A11, 0x018F, 0xA5BA, 0xFFFF,
  0xE79F, 0xEFBF, 0xEFBF, 0xEFBF, 0xEFBF, 0xEFBF, 0xEFBF, 0xEFBF, 0xF7DF, 0x4333, 0x018F, 0x1210,
  0x326D, 0x29EA, 0x324C, 0x29CA, 0x29CA, 0x320A, 0x220D, 0x09F0, 0x018F, 0xADFB, 0xFFFF, 0xEF9F,
  0xEFBF, 0xEFBF, 0xEFBF, 0xEFBF, 0xEFBF, 0xEFBF, 0xF7FF, 0xC69C, 0x01CF, 0x09F0, 0x3AB0, 0x530F,
  0x3AAF, 0x0A10, 0x016F, 0x84F8, 0xFFFF, 0xE79F, 0xEFBF, 0xEFBF, 0xEFBF, 0xEFBF, 0xEFBF, 0xEFBF,
  0xE79F, 0xF7FF, 0xFFFF, 0xD6FD, 0x6415, 0x09CF, 0x016F, 0x09F1, 0x1230, 0x21EC, 0x1906, 0x3A08,
  0x528B, 0x2128, 0x08C8, 0x1928, 0x00A6, 0x39C8, 0x3966, 0xAC4F, 0xA3ED, 0x626A, 0x00A5, 0x1968,
  0x6B2F, 0x10A6, 0x420A, 0x5ACC, 0x0024, 0x730E, 0x39CB, 0x002A, 0x32F3, 0x11AD, 0x2A2D, 0x00C9,
  0x0048, 0x4A6C, 0x39E8, 0x0000, 0x1968, 0x0003, 0x0065, 0x2169, 0x1107, 0x0024, 0x08C7, 0x1108,
  0x0085, 0x18C6, 0x0064, 0x0044, 0x0024, 0x0043, 0x0044, 0x0003, 0x0044, 0x0044, 0x0044, 0x0064,
  0x0044, 0x0864, 0x0864, 0x0044, 0x0002, 0x0002, 0x0003, 0x0001, 0x1883, 0x1064, 0x1064, 0x18A5,
  0x18C5, 0x18A4, 0x10A5, 0x3147, 0x3967, 0x2126, 0x1906, 0x31A9, 0xB532, 0xFFFD, 0xEEB8, 0x8C94,
  0xB595, 0x31A5, 0x0861, 0x0841, 0x10A2, 0x10A2, 0x2103, 0x0020, 0x0000, 0x0006, 0x0005, 0x28C3,
  0xC465, 0xE1C6, 0x7801, 0x0001, 0x0003, 0x0005, 0x0048, 0x0025, 0x0004, 0x0003, 0x0024, 0x0025,
  0x0046, 0x0067, 0x00A8, 0x0066, 0x0065, 0x0001, 0x0000, 0x0000, 0x0000, 0x0800, 0x0861, 0x0861,
  0x0861, 0x0861, 0x0861, 0x0020, 0x0000, 0x0000, 0x0000, 0x0000, 0x0000, 0x5AEB, 0x8410, 0x632C,
  0x4A69, 0x0000, 0x7BEF, 0x0000, 0x0000, 0x0000, 0x0000, 0x0000, 0x0000, 0x0000, 0x0000, 0x0000,
  0x0000, 0x0000, 0x0000, 0x0000, 0x0000, 0x0000, 0x0000, 0x0000, 0x0000, 0x0000, 0x0000, 0x0000,
  0x0000, 0x0000, 0x0000, 0x0000, 0x0000, 0x18E3, 0x5227, 0x08A4, 0x12B4, 0x5B51, 0xA515, 0xF75B,
  0xFFFF, 0x0A51, 0x9518, 0x2377, 0x0295, 0x8E9F, 0x561F, 0x00EC, 0x018D, 0x11EF, 0x012C, 0x1A2F,
  0x0065, 0x00C6, 0x00C7, 0x120D, 0x120D, 0x0066, 0x0003, 0x2BF6, 0xDFFF, 0x0230, 0x0087, 0x00EA,
  0x00A7, 0x0085, 0x0083, 0x0084, 0x0004, 0x2394, 0x4D5D, 0x000B, 0x1C7C, 0x677F, 0x01B2, 0x0049,
  0x4CDB, 0x09CE, 0x0065, 0x00A5, 0x0086, 0x0064, 0x0043, 0x0023, 0x0043, 0x0042, 0x0022, 0x0022,
  0x0022, 0x0021, 0x0021, 0x0021, 0x0021, 0x0001, 0x0000, 0x0000, 0x08C6, 0x0065, 0x0108, 0x00A6,
  0x0085, 0x0129, 0x0066, 0x3394, 0x0A70, 0x010B, 0x018E, 0x02D5, 0x0295, 0xDFFF, 0xC7FF, 0x967E,
  0x4D9C, 0x457D, 0x1C3B, 0x245A, 0x1439, 0x0BB8, 0x0B57, 0x1B75, 0x12F5, 0x0210, 0x0272, 0x014D,
  0x4375, 0x53F8, 0x01F1, 0x018E, 0x01CE, 0x1A0E, 0x228F, 0x11CC, 0x0088, 0x012A, 0x096B, 0x094B,
  0x19CE, 0x08C8, 0x19CB, 0x324D, 0x11CE, 0x01B0, 0x32F2, 0xEFBF, 0xEFBF, 0xEFBF, 0xEFBF, 0xEFBF,
  0xEFBF, 0xEFBF, 0xEFBF, 0xEFBF, 0xFFFF, 0xB63B, 0x018F, 0x09F0, 0x220D, 0x3A2C, 0x29EB, 0x29CB,
  0x29EA, 0x320B, 0x3A2C, 0x1A30, 0x018F, 0x3B13, 0xF7DF, 0xEFBF, 0xEFBF, 0xEFBF, 0xEFBF, 0xEFBF,
  0xEFBF, 0xEFBF, 0xEFDF, 0xE79F, 0x2292, 0x01B0, 0x2A6F, 0x42CE, 0x42AD, 0x1A2F, 0x01B0, 0x1A71,
  0xDF5E, 0xEFDF, 0xEFBF, 0xEFBF, 0xEFBF, 0xEFBF, 0xE79F, 0xF7DF, 0xFFFF, 0xD6FD, 0x6C36, 0x09D0,
  0x016F, 0x09F1, 0x1230, 0x2A2E, 0x2167, 0x1925, 0x39C8, 0x31C8, 0x0864, 0x0865, 0x08C6, 0x08E6,
  0x08E7, 0x422A, 0x2967, 0x0003, 0x0004, 0x0886, 0x1928, 0x5ACC, 0xD616, 0x4A4A, 0x39C9, 0x18E7,
  0x216A, 0x5A8B, 0x39C9, 0x6C55, 0x328F, 0x012B, 0x4353, 0x1A2F, 0x11CF, 0x5310, 0x9472, 0x52AB,
  0x2988, 0x0001, 0x0024, 0x0085, 0x0065, 0x0004, 0x0066, 0x00A7, 0x0045, 0x0003, 0x0023, 0x0044,
  0x0044, 0x0044, 0x0044, 0x0044, 0x0044, 0x0044, 0x0044, 0x0044, 0x0044, 0x0064, 0x0864, 0x0864,
  0x0044, 0x0044, 0x0023, 0x0844, 0x1044, 0x1064, 0x1064, 0x18A5, 0x20C6, 0x28E6, 0x20E7, 0x2928,
  0x1907, 0x1927, 0x1906, 0x10C7, 0x29A9, 0x424C, 0x0005, 0xADF9, 0x62EC, 0x18C3, 0x0840, 0x1082,
  0x10A2, 0x18C3, 0x18A2, 0x0000, 0x0003, 0x0003, 0x0005, 0x0003, 0x196B, 0xD69E, 0x0000, 0x0000,
  0x73F3, 0x218A, 0x0004, 0x0003, 0x0000, 0x0004, 0x0005, 0x0026, 0x0026, 0x0066, 0x0065, 0x0045,
  0x0067, 0x0088, 0x0066, 0x0064, 0x0001, 0x0000, 0x0000, 0x0000, 0x0000, 0x0860, 0x10A1, 0x0861,
  0x0020, 0x0020, 0x0000, 0x0000, 0x0000, 0x0000, 0x0861, 0x0000, 0x5ACB, 0x738E, 0x2965, 0x0000,
  0x0000, 0x0000, 0x0000, 0x0000, 0x0000, 0x0000, 0x0000, 0x0000, 0x0000, 0x0000, 0x0000, 0x0000,
  0x0000, 0x0000, 0x0000, 0x0000, 0x0000, 0x0000, 0x0000, 0x0000, 0x0000, 0x0000, 0x0000, 0x0000,
  0x0000, 0x0000, 0x4A28, 0x3164, 0x2987, 0xBDB8, 0xBD15, 0x9CD3, 0xBDF9, 0x09F0, 0xEF1D, 0x22F5,
  0x0234, 0x5CDB, 0x7EBF, 0x016E, 0x01AD, 0x0A10, 0x00C8, 0x1A4E, 0x00C6, 0x0044, 0x0129, 0x012A,
  0x0087, 0x0086, 0x0064, 0x00C9, 0x010D, 0x0087, 0x016D, 0x12D5, 0x01AD, 0x0066, 0x0043, 0x0064,
  0x0086, 0x0089, 0x557D, 0x1A92, 0x0193, 0x569F, 0x455D, 0x00CF, 0x014F, 0x5D5D, 0x0066, 0x00A7,
  0x090A, 0x1108, 0x0085, 0x0084, 0x0022, 0x0042, 0x0022, 0x0042, 0x0042, 0x0021, 0x0021, 0x0021,
  0x0021, 0x0001, 0x0001, 0x0000, 0x00A6, 0x00A6, 0x0108, 0x00E7, 0x00C6, 0x00E8, 0x09AC, 0x2BB5,
  0x012B, 0x012C, 0x0A93, 0x01D3, 0x0BB7, 0xFFFF, 0xA73F, 0x8E5E, 0x55BE, 0x2CFD, 0x1C1A, 0x2439,
  0x1C39, 0x1397, 0x02D6, 0x5C98, 0x7D1A, 0x01F2, 0x0AD5, 0x014D, 0x3B34, 0xBEDF, 0x0A51, 0x010B,
  0x3375, 0x01AD, 0x00A8, 0x2A8F, 0x11ED, 0x00E9, 0x012A, 0x016C, 0x09CE, 0x094B, 0x324D, 0x10E7,
  0x19CC, 0x0A11, 0x018F, 0x9DBA, 0xFFFF, 0xE79F, 0xEFBF, 0xEFBF, 0xEFBF, 0xEFBF, 0xEFBF, 0xEFBF,
  0xEFBF, 0xF7FF, 0x4353, 0x018F, 0x120F, 0x322C, 0x320B, 0x320C, 0x31EB, 0x31EA, 0x4AEF, 0x328F,
  0x09F0, 0x018F, 0xADFA, 0xFFFF, 0xEFBF, 0xEFBF, 0xEFBF, 0xEFBF, 0xEFBF, 0xEFBF, 0xEFBF, 0xF7FF,
  0x4354, 0x018F, 0x222F, 0x428D, 0x3A6C, 0x324D, 0x09F0, 0x016F, 0x7CF8, 0xFFFF, 0xE79F, 0xEFBF,
  0xE79F, 0xF7DF, 0xFFFF, 0xD71D, 0x6C56, 0x11F0, 0x016F, 0x01F1, 0x1210, 0x19CD, 0x2188, 0x1927,
  0x10C4, 0x10A4, 0x1084, 0x2126, 0x39E8, 0x0884, 0x0884, 0x2147, 0x1127, 0x10E7, 0x0024, 0x0064,
  0x08A5, 0x0044, 0x0003, 0x524A, 0x9C4F, 0x0085, 0x10E8, 0x1909, 0x10A6, 0x41E9, 0x424A, 0xFFFF,
  0x9D9A, 0x4B94, 0x4352, 0x4353, 0x2A90, 0x530F, 0x524A, 0x524A, 0x736E, 0x0002, 0x0000, 0x0000,
  0x0001, 0x0003, 0x0087, 0x0086, 0x0024, 0x0023, 0x0044, 0x0044, 0x0044, 0x0043, 0x0043, 0x0024,
  0x0044, 0x0064, 0x0044, 0x0024, 0x0045, 0x0044, 0x0844, 0x0864, 0x0064, 0x0864, 0x0044, 0x0885,
  0x1085, 0x1065, 0x1065, 0x18A5, 0x18C6, 0x18C6, 0x10A6, 0x10C7, 0x1107, 0x10E6, 0x1106, 0x1149,
  0x00E9, 0x0005, 0x4B51, 0xB5F6, 0x20E4, 0x0820, 0x0840, 0x1082, 0x10A2, 0x18C3, 0x0820, 0x0000,
  0x0003, 0x0003, 0x0004, 0x0000, 0xBEBB, 0x118A, 0x0001, 0x0003, 0xC65A, 0x4A4C, 0x9CD6, 0xD69C,
  0x10C7, 0x0004, 0x0025, 0x0005, 0x0027, 0x00A8, 0x0066, 0x0045, 0x0045, 0x0046, 0x0087, 0x00C8,
  0x00EB, 0x00EB, 0x0087, 0x0002, 0x0000, 0x0000, 0x0000, 0x0000, 0x0000, 0x0820, 0x0820, 0x0000,
  0x0000, 0x0000, 0x0000, 0x0000, 0x0000, 0x0841, 0x0000, 0x0000, 0x0000, 0x0000, 0x0000, 0x0000,
  0x0000, 0x0000, 0x0000, 0x0000, 0x0000, 0x0000, 0x0000, 0x0000, 0x0000, 0x0000, 0x0000, 0x0000,
  0x0000, 0x0000, 0x0000, 0x0000, 0x0000, 0x0000, 0x0000, 0x0000, 0x0000, 0x0000, 0x1082, 0x5AA9,
  0x1881, 0xA5DB, 0x7476, 0x098B, 0x5B92, 0x1271, 0x84D7, 0x7CD9, 0x01B3, 0x4C18, 0x9F1F, 0x0274,
  0x014C, 0x1A91, 0x00A7, 0x11CC, 0x0929, 0x0064, 0x0108, 0x00C7, 0x0085, 0x0065, 0x0044, 0x0107,
  0x0065, 0x0001, 0x0003, 0x977F, 0x5DBF, 0x0068, 0x00A5, 0x0065, 0x0086, 0x00CA, 0x0274, 0x65FF,
  0x0110, 0x0BBC, 0x775F, 0x0B78, 0x002D, 0x2B77, 0x4499, 0x0089, 0x096A, 0x1169, 0x0085, 0x1948,
  0x0002, 0x0042, 0x0042, 0x0022, 0x0022, 0x0021, 0x0021, 0x0001, 0x0001, 0x0001, 0x0001, 0x0000,
  0x0043, 0x00C6, 0x0107, 0x00E7, 0x00C5, 0x00A7, 0x2B12, 0x1270, 0x00A8, 0x09EF, 0x0273, 0x01F4,
  0x5DDC, 0xE7FF, 0xA71F, 0x761D, 0x03FA, 0x1C9B, 0x1C19, 0x1C19, 0x1397, 0x0B56, 0x02F6, 0x3BF7,
  0x3BF7, 0x0254, 0x02B4, 0x01AF, 0x016C, 0x7CFB, 0x5417, 0x2B54, 0x01CE, 0x016C, 0x010A, 0x0088,
  0x32F1, 0x118C, 0x0048, 0x0A0F, 0x0A51, 0x2AB0, 0x0908, 0x10E8, 0x3A8E, 0x11EF, 0x01B0, 0x2AD2,
  0xEFBF, 0xEFBF, 0xEFBF, 0xEFBF, 0xEFBF, 0xEFBF, 0xEFBF, 0xEFBF, 0xEFBF, 0xF7FF, 0xB63B, 0x018F,
  0x09F0, 0x2A2D, 0x3A4B, 0x320B, 0x320A, 0x3A6C, 0x428D, 0x4AEE, 0x1A30, 0x016F, 0x4B94, 0xFFFF,
  0xEFBF, 0xEFBF, 0xEFBF, 0xEFBF, 0xEFBF, 0xEFBF, 0xEFBF, 0xFFFF, 0x53D5, 0x016F, 0x1A2F, 0x3A2C,
  0x320B, 0x3A6D, 0x1A0E, 0x01D0, 0x1A51, 0xDF5E, 0xEFBF, 0xEFDF, 0xFFFF, 0xDF1D, 0x7476, 0x11F0,
  0x016F, 0x01F1, 0x1210, 0x2A4E, 0x422B, 0x18E5, 0x1906, 0x1926, 0x2967, 0x10E4, 0x3187, 0x39E9,
  0x41C8, 0x5229, 0x39C7, 0x1906, 0x08C6, 0x10E6, 0x1086, 0x0844, 0x0885, 0x08A6, 0x0003, 0x5A8A,
  0x49E9, 0x1927, 0x10E7, 0x0886, 0x0002, 0x31C9, 0x73D1, 0x11CD, 0x21CD, 0x1129, 0x0909, 0x2A4E,
  0x222E, 0x428E, 0x3989, 0x5AEE, 0x6B2C, 0x9450, 0x736D, 0xBDF8, 0x8411, 0x0045, 0x0046, 0x0003,
  0x0003, 0x0023, 0x0044, 0x0044, 0x0044, 0x0044, 0x0044, 0x0023, 0x0044, 0x0045, 0x0004, 0x0003,
  0x0002, 0x0001, 0x0002, 0x0023, 0x0064, 0x0864, 0x0065, 0x0885, 0x1085, 0x1085, 0x18A6, 0x18E6,
  0x10C6, 0x08C6, 0x08C6, 0x1107, 0x1107, 0x10E6, 0x1928, 0x1149, 0x012A, 0x00A8, 0xCEBB, 0x738C,
  0x1081, 0x0020, 0x0861, 0x10A2, 0x18C2, 0x10A2, 0x0000, 0x0023, 0x0003, 0x0023, 0x0000, 0x3A4A,
  0xBE7C, 0x0001, 0x0005, 0x0004, 0x2106, 0x8C73, 0xBE19, 0x9CF5, 0x8453, 0xF7DF, 0x9D17, 0x0003,
  0x298A, 0x0026, 0x0006, 0x0089, 0x0068, 0x00A9, 0x00A9, 0x0089, 0x00AA, 0x00CC, 0x00CC, 0x00CA,
  0x08AA, 0x08A7, 0x0023, 0x0000, 0x0000, 0x0000, 0x0000, 0x0000, 0x0000, 0x0000, 0x0000, 0x0000,
  0x0000, 0x0000, 0x0000, 0x0000, 0x0000, 0x0000, 0x0000, 0x0000, 0x0000, 0x0000, 0x0000, 0x0000,
  0x0000, 0x0000, 0x0000, 0x0000, 0x0000, 0x0000, 0x0000, 0x0000, 0x0000, 0x0000, 0x0000, 0x0000,
  0x0000, 0x0000, 0x0000, 0x0000, 0x0000, 0x0000, 0x0000, 0x62EA, 0x0000, 0x1A0C, 0x2B79, 0x012D,
  0x6B72, 0x7476, 0x3B92, 0xE73E, 0x0172, 0x12B3, 0x9EDF, 0x2C3C, 0x012E, 0x1AB1, 0x00A7, 0x116B,
  0x096B, 0x0085, 0x00A5, 0x00A6, 0x0064, 0x00C5, 0x0065, 0x0949, 0x0043, 0x0001, 0x0001, 0x01B0,
  0x09D0, 0x00E8, 0x0085, 0x0084, 0x00A6, 0x00E9, 0x00EB, 0x8F7F, 0x4438, 0x0111, 0x251F, 0x7F1F,
  0x01B5, 0x00AD, 0x4D5D, 0x09AF, 0x0004, 0x0044, 0x0064, 0x0002, 0x0022, 0x0042, 0x0042, 0x0022,
  0x0022, 0x0022, 0x0021, 0x0001, 0x0001, 0x0001, 0x0001, 0x0001, 0x0022, 0x00A5, 0x0948, 0x0108,
  0x0085, 0x094A, 0x22F3, 0x01AC, 0x11EE, 0x0230, 0x0211, 0x0297, 0xA79F, 0xBFDF, 0xC7BF, 0x3D1C,
  0x043B, 0x1C9B, 0x1C3A, 0x1BF8, 0x0315, 0x0B36, 0x0AF6, 0x0212, 0x0293, 0x1AF3, 0x0231, 0x01CF,
  0x012B, 0x4B75, 0x9E3F, 0x0A30, 0x012B, 0x018C, 0x014B, 0x11EE, 0x00C9, 0x2AF1, 0x0272, 0x02F6,
  0x347B, 0x09CD, 0x0887, 0x094A, 0x19CC, 0x19ED, 0x0A11, 0x018F, 0x9599, 0xFFFF, 0xE79F, 0xEFBF,
  0xEFBF, 0xEFBF, 0xEFBF, 0xEFBF, 0xEFBF, 0xEFBF, 0xF7FF, 0x4B74, 0x018F, 0x1210, 0x3A6C, 0x3A4B,
  0x3A8D, 0x428D, 0x426D, 0x530F, 0x3AD0, 0x01B0, 0x2A92, 0xE79F, 0xEFBF, 0xEFBF, 0xEFBF, 0xEFBF,
  0xEFBF, 0xEFBF, 0xEF9F, 0xFFFF, 0x53D5, 0x016F, 0x1A0E, 0x31EA, 0x2A0B, 0x29EB, 0x21AA, 0x0A10,
  0x016F, 0x7CD7, 0xFFFF, 0xDF3E, 0x7497, 0x1210, 0x016F, 0x01F1, 0x0A10, 0x19AC, 0x1927, 0x18E4,
  0x10C3, 0x31C8, 0x1906, 0x10E6, 0x1106, 0x0084, 0x1946, 0x08C5, 0x3188, 0x5A6A, 0x0085, 0x1927,
  0x1107, 0x1907, 0x1907, 0x10A6, 0x0885, 0x08A5, 0x08A5, 0x93CD, 0x2927, 0x31A8, 0x1927, 0x0044,
  0x29A9, 0x3A2C, 0x19AA, 0x19CC, 0x114A, 0x10E7, 0x00C7, 0x1108, 0x19EE, 0x6BB1, 0x29AB, 0x1148,
  0x10E5, 0x0043, 0x4A08, 0xFFFF, 0xB4D2, 0xB554, 0xA491, 0x2126, 0x0003, 0x0024, 0x0065, 0x0065,
  0x0044, 0x0044, 0x0044, 0x0023, 0x0003, 0x0003, 0x0002, 0x0002, 0x39A7, 0x39A6, 0x0843, 0x0002,
  0x0864, 0x0045, 0x0065, 0x0885, 0x08A5, 0x10A5, 0x0885, 0x10C6, 0x10E7, 0x08C6, 0x08C6, 0x10E7,
  0x1129, 0x1128, 0x1949, 0x116B, 0x00AA, 0x53D3, 0xCE77, 0x2963, 0x0840, 0x0841, 0x1082, 0x10A3,
  0x18C2, 0x0820, 0x0001, 0x0044, 0x0024, 0x0024, 0x0000, 0xEF9E, 0x29AB, 0x0003, 0x0025, 0x0004,
  0x0001, 0x0066, 0x7C12, 0x39E9, 0x7BF0, 0xEF9F, 0x212A, 0xA516, 0xAD16, 0x6BB1, 0x0046, 0x0006,
  0x0068, 0x00AA, 0x00EC, 0x00EC, 0x090C, 0x00AA, 0x00AA, 0x092D, 0x3A74, 0x4296, 0x4AB8, 0x4256,
  0x2990, 0x0024, 0x0000, 0x0000, 0x0000, 0x0000, 0x0000, 0x0000, 0x0000, 0x0000, 0x0000, 0x0000,
  0x0000, 0x0000, 0x0000, 0x0000, 0x0000, 0x0000, 0x0000, 0x0000, 0x0000, 0x0000, 0x0000, 0x0000,
  0x0000, 0x0000, 0x0000, 0x0000, 0x0000, 0x0000, 0x0000, 0x0000, 0x0000, 0x0000, 0x0000, 0x0000,
  0x0000, 0x0000, 0x0000, 0x5288, 0x2921, 0x0927, 0x3398, 0x120E, 0x19CD, 0x9D38, 0x1A91, 0xCE7B,
  0x1292, 0x01B0, 0x755C, 0x55DF, 0x01B1, 0x1251, 0x00C7, 0x012A, 0x09CD, 0x00E8, 0x00E7, 0x00C7,
  0x0064, 0x00C5, 0x00C7, 0x08E7, 0x0022, 0x0042, 0x0042, 0x00C8, 0x0086, 0x0023, 0x0064, 0x0084,
  0x00A5, 0x0086, 0x0024, 0x018D, 0x86FF, 0x0191, 0x0259, 0x665F, 0x355E, 0x0111, 0x01B1, 0x44DD,
  0x0005, 0x0043, 0x00C5, 0x0043, 0x0023, 0x0022, 0x0042, 0x0022, 0x0042, 0x0022, 0x0021, 0x0022,
  0x0021, 0x0001, 0x0001, 0x0001, 0x00A4, 0x0024, 0x00A6, 0x014A, 0x0047, 0x1A2F, 0x1A51, 0x0A4F,
  0x09EE, 0x018E, 0x01D1, 0x0317, 0xEFFF, 0xBF5F, 0xF7FF, 0x44FB, 0x041B, 0x1C5A, 0x1C1A, 0x13B8,
  0x0B16, 0x0336, 0x02D5, 0x33B6, 0x1B13, 0xB5D8, 0x020F, 0x018E, 0x016E, 0x2AF3, 0x3BB5, 0x1AD2,
  0x016C, 0x00EA, 0x012B, 0x120E, 0x016E, 0x0253, 0x2DBD, 0xB73C, 0x561B, 0x01B0, 0x016C, 0x11AB,
  0x116A, 0x198A, 0x11EE, 0x01B0, 0x2AB2, 0xEF9F, 0xEFBF, 0xEFBF, 0xEFBF, 0xEFBF, 0xEFBF, 0xEFBF,
  0xEFBF, 0xEFBF, 0xF7FF, 0xB65C, 0x01AF, 0x01F0, 0x326E, 0x4ACD, 0x42CE, 0x42AD, 0x4ACE, 0x5B91,
  0x3AD0, 0x01B0, 0x2271, 0xE77F, 0xEFDF, 0xEFBF, 0xEFBF, 0xEFBF, 0xEFBF, 0xEFBF, 0xEFBF, 0xF7FF,
  0x4354, 0x018F, 0x19EE, 0x29A9, 0x2189, 0x1968, 0x1947, 0x11AD, 0x01D0, 0x2251, 0x7476, 0x1A10,
  0x016F, 0x01F1, 0x0A10, 0x118C, 0x4A6B, 0x41E8, 0x526A, 0x10A5, 0x0883, 0x18E4, 0x0864, 0x0086,
  0x00A5, 0x0064, 0x0003, 0x0003, 0x7B6F, 0x4A09, 0x0003, 0x08A5, 0x1907, 0x2148, 0x2148, 0x10C7,
  0x0085, 0x0003, 0x2987, 0xEE56, 0x2108, 0x31C8, 0x1947, 0x18E7, 0x1107, 0x10E8, 0x1109, 0x1149,
  0x1108, 0x08E8, 0x1107, 0x00A6, 0x2A0D, 0x6370, 0x08C6, 0x2969, 0x3168, 0x3966, 0xAD31, 0x8BCF,
  0x0065, 0x4B31, 0x83D1, 0xCD13, 0x0003, 0x0024, 0x0065, 0x0064, 0x0064, 0x0064, 0x0064, 0x0023,
  0x0002, 0x2105, 0x9BAC, 0xCD11, 0x8BAD, 0x734C, 0x9C50, 0x0000, 0x0000, 0x0002, 0x0044, 0x0065,
  0x0065, 0x0085, 0x0885, 0x10C7, 0x10C7, 0x08E7, 0x08E7, 0x1949, 0x196A, 0x118B, 0x118B, 0x012B,
  0x014C, 0xCEFC, 0x7B8C, 0x18C2, 0x0020, 0x1082, 0x10A2, 0x18C3, 0x10A1, 0x0000, 0x0044, 0x0045,
  0x0045, 0x0003, 0x324C, 0x7C75, 0x0002, 0x0045, 0x0025, 0x0025, 0x0045, 0x0004, 0x0000, 0x0000,
  0x0864, 0x39CB, 0x0068, 0xEF7F, 0x2129, 0x31EC, 0xFFFF, 0xAD59, 0x196C, 0x0005, 0x0069, 0x008B,
  0x00CC, 0x010B, 0x00EB, 0x00CB, 0x118F, 0x2A33, 0x63FA, 0x7CFF, 0x331C, 0x1ABA, 0x1256, 0x11EE,
  0x1106, 0x0000, 0x0000, 0x0000, 0x0000, 0x0000, 0x0000, 0x0000, 0x0000, 0x0000, 0x0000, 0x0000,
  0x0000, 0x0000, 0x0000, 0x0000, 0x0000, 0x0000, 0x0000, 0x0000, 0x0000, 0x0000, 0x0000, 0x0000,
  0x0000, 0x0000, 0x0000, 0x0000, 0x0000, 0x0000, 0x0000, 0x0000, 0x0000, 0x0000, 0x0000, 0x39E7,
  0x49C5, 0x0861, 0x0A90, 0x224E, 0x6372, 0x5BD3, 0x3B53, 0x5BF4, 0x5BF6, 0x01D1, 0x5459, 0x6E7F,
  0x0254, 0x09EF, 0x00C7, 0x010A, 0x11EF, 0x00A7, 0x19AA, 0x00E8, 0x0085, 0x0087, 0x092C, 0x00E9,
  0x0022, 0x0064, 0x00A6, 0x00C7, 0x08C6, 0x0042, 0x0064, 0x0065, 0x00A6, 0x0086, 0x0045, 0x0004,
  0x4478, 0x555C, 0x0153, 0x035B, 0x675F, 0x0359, 0x004C, 0x445B, 0x2AF3, 0x0002, 0x0085, 0x0084,
  0x0044, 0x0023, 0x0063, 0x0022, 0x0022, 0x0022, 0x0021, 0x0022, 0x0022, 0x0001, 0x0001, 0x0000,
  0x0043, 0x0024, 0x0045, 0x016B, 0x012C, 0x2314, 0x1A71, 0x016C, 0x016C, 0x01EF, 0x0171, 0x1459,
  0xFFFF, 0xB73F, 0xBF3E, 0x44FC, 0x143A, 0x1C5A, 0x1C1A, 0x0B56, 0x0B16, 0x0315, 0x02D5, 0x2B96,
  0x020F, 0x9515, 0x0A2F, 0x014C, 0x020F, 0x1293, 0x0232, 0x3B96, 0x01AD, 0x11EE, 0x1A2F, 0x1A4F,
  0x12B4, 0x0359, 0x56FE, 0xEF5D, 0x7F1C, 0x0211, 0x012B, 0x08E8, 0x0907, 0x1948, 0x19AB, 0x0A11,
  0x018F, 0x9579, 0xFFFF, 0xE79F, 0xEFBF, 0xEFBF, 0xEFBF, 0xEFBF, 0xEFBF, 0xEFBF, 0xEFBF, 0xF7FF,
  0x4B94, 0x016F, 0x1230, 0x5330, 0x532F, 0x530F, 0x5B4F, 0x5371, 0x1A51, 0x016F, 0x4B74, 0xF7FF,
  0xEFBF, 0xEFBF, 0xEFBF, 0xEFBF, 0xEFBF, 0xEFBF, 0xEFDF, 0xE79F, 0x2271, 0x01D0, 0x19EC, 0x2147,
  0x1948, 0x1907, 0x1107, 0x1107, 0x09F0, 0x09F0, 0x016F, 0x01F1, 0x0A10, 0x118C, 0x1106, 0x4A49,
  0x52AA, 0x18E5, 0x10C5, 0x0864, 0x1905, 0x0883, 0x2105, 0x1064, 0x0023, 0x0023, 0x3146, 0x72EC,
  0x0864, 0x0086, 0x0045, 0x0044, 0x00A5, 0x1968, 0x2989, 0x10C6, 0x0024, 0x2905, 0xD511, 0x628A,
  0x0885, 0x10A5, 0x10E7, 0x10E8, 0x1929, 0x0928, 0x08E7, 0x08E6, 0x08E7, 0x08E7, 0x0907, 0x00A7,
  0x3A2D, 0x7BB0, 0x2947, 0x524A, 0x628B, 0x20C6, 0x2948, 0x08A7, 0x0027, 0x74B8, 0x094A, 0x730C,
  0x0003, 0x0002, 0x0003, 0x0044, 0x0044, 0x0044, 0x0044, 0x0002, 0x0003, 0xFFFF, 0xF612, 0x30E4,
  0x01AC, 0x12B2, 0x42EF, 0x62CC, 0x41A8, 0x1043, 0x0002, 0x0003, 0x0004, 0x0045, 0x08A5, 0x08A7,
  0x08C8, 0x0908, 0x0949, 0x1129, 0x11AC, 0x09ED, 0x09CC, 0x00CA, 0x4393, 0xC616, 0x3986, 0x0840,
  0x0841, 0x10A2, 0x10A2, 0x20E3, 0x0800, 0x0000, 0x0046, 0x0045, 0x00A7, 0x0065, 0x0003, 0x0002,
  0x0066, 0x0086, 0x0045, 0x0065, 0x0044, 0x0045, 0x0064, 0x0004, 0x0004, 0x0005, 0x0006, 0x114A,
  0x424D, 0x52D0, 0xD67A, 0x94D5, 0x0005, 0x0006, 0xA578, 0xC63B, 0x19CF, 0x010B, 0x0089, 0x008A,
  0x016E, 0x09D0, 0x09D0, 0x22D5, 0x3399, 0x657F, 0x971F, 0xBFFF, 0xFFFF, 0xEFDF, 0x5B52, 0x0003,
  0x0000, 0x0000, 0x0000, 0x0000, 0x0000, 0x0000, 0x0000, 0x0000, 0x0000, 0x0000, 0x0000, 0x0000,
  0x0000, 0x0000, 0x0000, 0x0000, 0x0000, 0x0000, 0x0000, 0x0000, 0x0000, 0x0000, 0x0000, 0x0000,
  0x0000, 0x0000, 0x0000, 0x0000, 0x0000, 0x0000, 0x0000, 0x39C7, 0x41A5, 0x0020, 0x1290, 0x09AD,
  0x2230, 0x01EE, 0x3B53, 0x01AE, 0x2272, 0x01F2, 0x43F7, 0x96DF, 0x0AD5, 0x01CF, 0x00A6, 0x00E9,
  0x1A50, 0x00A7, 0x0085, 0x00A6, 0x00C7, 0x096B, 0x00EA, 0x00C7, 0x0043, 0x0084, 0x00A6, 0x00A6,
  0x00A5, 0x0043, 0x0064, 0x0087, 0x0046, 0x0044, 0x0044, 0x0005, 0x00EB, 0x871F, 0x1376, 0x01F6,
  0x34BB, 0x4E5F, 0x0110, 0x0171, 0x659E, 0x0068, 0x0085, 0x00C6, 0x0044, 0x0003, 0x0023, 0x0002,
  0x0042, 0x0021, 0x0021, 0x0022, 0x0002, 0x0001, 0x0001, 0x0000, 0x0042, 0x0064, 0x0066, 0x014C,
  0x145B, 0x23F9, 0x00EA, 0x010A, 0x01CE, 0x0253, 0x0236, 0x7E9E, 0xDFFF, 0x865E, 0x34DB, 0x1C9C,
  0x0C3B, 0x141B, 0x13D9, 0x0316, 0x0B36, 0x02B3, 0x02B4, 0x0273, 0x0230, 0x6C96, 0x016D, 0x00EA,
  0x122F, 0x2B95, 0x09EF, 0x2B13, 0x012B, 0x096C, 0x094C, 0x120F, 0x1252, 0x0213, 0x24DE, 0x6F7D,
  0x02F5, 0x014D, 0x014C, 0x00E8, 0x08C7, 0x1128, 0x1968, 0x11EE, 0x01B0, 0x2AB2, 0xE79F, 0xEFBF,
  0xEFBF, 0xEFBF, 0xEFBF, 0xEFBF, 0xEFBF, 0xEFBF, 0xEFBF, 0xF7FF, 0xC69C, 0x01AF, 0x09F0, 0x2250,
  0x4B31, 0x5330, 0x3AD1, 0x1231, 0x01D0, 0x018F, 0xB63B, 0xF7FF, 0xEFBF, 0xEFBF, 0xEFBF, 0xEFBF,
  0xEFBF, 0xEFBF, 0xF7FF, 0xBE7C, 0x01AF, 0x09F0, 0x29CB, 0x6B6E, 0x3A0A, 0x10C5, 0x10C5, 0x1906,
  0x2A0C, 0x09CF, 0x09EF, 0x096C, 0x08C6, 0x1084, 0x39C8, 0x31E9, 0x0863, 0x0864, 0x10C6, 0x62CB,
  0x2126, 0x0022, 0x20E5, 0x20E5, 0x2925, 0x2967, 0x3966, 0x5A28, 0x4A49, 0x4208, 0x0003, 0x0004,
  0x0002, 0x0024, 0x3967, 0x6AEB, 0x31A7, 0xC4EF, 0xFF56, 0xACB1, 0x72EA, 0x20C4, 0x1908, 0x194A,
  0x196A, 0x1108, 0x08A6, 0x10E6, 0x10E7, 0x08C6, 0x0908, 0x0087, 0x6AEC, 0x62CA, 0x1129, 0x0004,
  0x0003, 0x0045, 0x0087, 0x296A, 0x0087, 0x4B94, 0x52CE, 0x4A8E, 0x62EE, 0x39A8, 0x39A9, 0x0002,
  0x0001, 0x0044, 0x0044, 0x0002, 0x0002, 0xC4F0, 0x7A87, 0x0046, 0x12F6, 0x3C3B, 0x2B77, 0x3B54,
  0x5BF7, 0x7415, 0x9C70, 0x0821, 0x18C5, 0x0024, 0x0003, 0x0045, 0x00E8, 0x092A, 0x012B, 0x0068,
  0x00CB, 0x014D, 0x012D, 0x010C, 0x9D77, 0x734B, 0x20E3, 0x0020, 0x0861, 0x10A2, 0x18C3, 0x18C2,
  0x0000, 0x0023, 0x0044, 0x0024, 0x0086, 0x0024, 0x0023, 0x0044, 0x0024, 0x0064, 0x0065, 0x0085,
  0x0066, 0x0065, 0x0086, 0x0066, 0x00A8, 0x00C9, 0x00E9, 0x0005, 0x0002, 0x0003, 0x0005, 0x21EE,
  0x000A, 0x63F5, 0xEF1D, 0xA4D5, 0xA559, 0x7C58, 0x0009, 0x2AB1, 0x09D2, 0x09B1, 0x11D1, 0x09B1,
  0x11F2, 0x3B57, 0x8D9E, 0xB6DF, 0xFFFF, 0xFFFF, 0x8DDF, 0x963F, 0xC79F, 0x8D78, 0x29C7, 0x0000,
  0x0000, 0x0000, 0x0000, 0x0000, 0x0000, 0x0000, 0x0000, 0x0000, 0x0000, 0x0000, 0x0000, 0x0000,
  0x0000, 0x0000, 0x0000, 0x0000, 0x0000, 0x0000, 0x0000, 0x0000, 0x0000, 0x0000, 0x0000, 0x0000,
  0x0000, 0x0000, 0x0000, 0x3186, 0x28E2, 0x10A3, 0x3B95, 0x016C, 0x2AB1, 0x0231, 0x3B75, 0x01EF,
  0x016D, 0x1B14, 0x3354, 0xCF7F, 0x23F9, 0x01F0, 0x00E8, 0x00E9, 0x0A2F, 0x0129, 0x0085, 0x0065,
  0x00E7, 0x120D, 0x114A, 0x08C5, 0x0064, 0x0084, 0x00C7, 0x0085, 0x00C6, 0x0023, 0x0085, 0x00CA,
  0x2397, 0x1230, 0x0025, 0x0065, 0x0007, 0x4D5B, 0x55BC, 0x0194, 0x0215, 0x7F9F, 0x0316, 0x00AE,
  0x44DD, 0x2B95, 0x0025, 0x0024, 0x116A, 0x43B6, 0x2A4F, 0x08C7, 0x0022, 0x0021, 0x0022, 0x0022,
  0x0021, 0x0021, 0x0001, 0x0001, 0x00A4, 0x00A6, 0x0067, 0x0251, 0xFFFF, 0x5DFD, 0x0A70, 0x3B94,
  0x0A71, 0x0337, 0x0298, 0xAF7F, 0xDFFF, 0x5D7D, 0x147C, 0x147B, 0x245B, 0x243A, 0x0378, 0x0B36,
  0x0B15, 0x0A93, 0x0A94, 0x0273, 0x0AB3, 0x3374, 0x00EB, 0x014C, 0x1A4F, 0x0A2F, 0x00EA, 0x00A8,
  0x00A7, 0x010A, 0x09AE, 0x016C, 0x0006, 0x094D, 0x2336, 0x02F5, 0x00E9, 0x0066, 0x010A, 0x114A,
  0x1108, 0x08E7, 0x1927, 0x198A, 0x0A11, 0x016F, 0x8D59, 0xFFFF, 0xE79F, 0xEFBF, 0xEFBF, 0xEFBF,
  0xEFBF, 0xEFBF, 0xEFBF, 0xEFBF, 0xFFFF, 0x7CD8, 0x014E, 0x01AF, 0x09F0, 0x0A10, 0x01D0, 0x016F,
  0x01AF, 0x9559, 0xF7FF, 0xEFBF, 0xEFBF, 0xEFBF, 0xEFBF, 0xEFBF, 0xEFBF, 0xE79F, 0xFFFF, 0x6C76,
  0x016F, 0x11EF, 0x1947, 0x2126, 0x2967, 0x426A, 0x0883, 0x3187, 0x20E4, 0x0863, 0x0885, 0x0842,
  0x2987, 0x52AB, 0x41E8, 0x0843, 0x2987, 0x0864, 0x0864, 0x3145, 0x0083, 0x0085, 0x0064, 0x3188,
  0x3167, 0x10A4, 0x39C8, 0x0003, 0x2946, 0xB48F, 0x8B6C, 0x5A08, 0x7A68, 0xFE93, 0xBC6D, 0x838F,
  0x5AAC, 0x1084, 0x3167, 0x9CD3, 0x5207, 0x3126, 0x10A7, 0x1108, 0x1108, 0x08A7, 0x08C6, 0x08C7,
  0x08A6, 0x08A6, 0x08E8, 0x0066, 0x18C5, 0x10A5, 0x116B, 0x0087, 0x10E7, 0x08E7, 0x1128, 0x8433,
  0x1109, 0x4B95, 0x7370, 0x0067, 0x094A, 0xA578, 0x9CF6, 0x526B, 0x18E4, 0x0000, 0x0002, 0x0002,
  0x0000, 0x72C9, 0x4187, 0x018F, 0x2B57, 0x0088, 0x0002, 0x0065, 0x5439, 0x3BD8, 0xAE1B, 0x8C73,
  0x5AF1, 0x9CF6, 0x4A6B, 0x0044, 0x0087, 0x008A, 0x00CA, 0x5391, 0x8CD5, 0xB5B8, 0xA598, 0x6CB6,
  0x8C50, 0x3985, 0x0861, 0x0820, 0x1082, 0x1082, 0x18E3, 0x0840, 0x0000, 0x0044, 0x0043, 0x0044,
  0x0045, 0x0044, 0x0044, 0x0044, 0x0044, 0x0023, 0x0024, 0x0044, 0x00A7, 0x00A9, 0x0088, 0x0088,
  0x00A8, 0x00A8, 0x08A9, 0x0088, 0x0066, 0x0026, 0x0048, 0x00EC, 0x094F, 0x21CD, 0x0049, 0x0006,
  0xDF3F, 0x3AD1, 0x11AF, 0xA5FB, 0x4B14, 0x5395, 0x2A31, 0x2A32, 0x1190, 0x1150, 0x1131, 0x2214,
  0x5B15, 0x6C18, 0x7D5E, 0xE7FF, 0xFFFF, 0xFFFF, 0xFFFF, 0xFFFF, 0x9D57, 0x3A09, 0x0000, 0x0000,
  0x0000, 0x0000, 0x0000, 0x0000, 0x0000, 0x0000, 0x0000, 0x0000, 0x0000, 0x0000, 0x0000, 0x0000,
  0x0000, 0x0000, 0x0000, 0x0000, 0x0000, 0x0000, 0x0000, 0x0000, 0x0000, 0x0000, 0x0000, 0x4A69,
  0x1840, 0x2165, 0x653B, 0x012A, 0x6435, 0x0A71, 0x1A91, 0x09EF, 0x010B, 0x1AB2, 0x3334, 0x9E1D,
  0x34BC, 0x01D0, 0x012A, 0x00EA, 0x0A0E, 0x014A, 0x0085, 0x0064, 0x08E8, 0x00C7, 0x00C7, 0x0064,
  0x0084, 0x00C6, 0x00A6, 0x0044, 0x00A6, 0x0042, 0x0084, 0x00CA, 0x777F, 0x5E1F, 0x0046, 0x0065,
  0x00C9, 0x0212, 0x97FF, 0x02D6, 0x0196, 0x3D5E, 0x465F, 0x0174, 0x02B8, 0x65BF, 0x00A9, 0x0003,
  0x114C, 0x11AE, 0x0086, 0x0044, 0x0023, 0x0021, 0x0021, 0x0022, 0x0022, 0x0021, 0x0001, 0x0000,
  0x0064, 0x0085, 0x0045, 0x0271, 0xA7FF, 0x3478, 0x01CD, 0x0087, 0x012C, 0x01F1, 0x0275, 0xDFFF,
  0xB75F, 0x453C, 0x0C7C, 0x0BF9, 0xBEFE, 0x8DBB, 0x02B5, 0x1356, 0x0AD4, 0x0A93, 0x0293, 0x0232,
  0x0AD4, 0x0AB2, 0x016C, 0x2271, 0x00EA, 0x018D, 0x09EE, 0x120E, 0x11ED, 0x014B, 0x018D, 0x0006,
  0x0909, 0x63F5, 0x19AD, 0x01AD, 0x00E7, 0x0065, 0x00C7, 0x00C7, 0x08E7, 0x08E7, 0x1107, 0x1948,
  0x11CE, 0x01D0, 0x2291, 0xE79F, 0xEFDF, 0xEFBF, 0xEFBF, 0xEFBF, 0xEFBF, 0xEFBF, 0xEFBF, 0xEFBF,
  0xEFBF, 0xF7FF, 0x8D39, 0x1A51, 0x01AF, 0x018F, 0x1210, 0x4B74, 0xBE7C, 0xFFFF, 0xEFBF, 0xEFBF,
  0xEFBF, 0xEFBF, 0xEFBF, 0xEFBF, 0xEFBF, 0xEFDF, 0xDF3E, 0x1A30, 0x01D0, 0x118C, 0x18E5, 0x10A5,
  0x08A5, 0x08C5, 0x0865, 0x0042, 0x0041, 0x4A8A, 0x39C8, 0x6B4D, 0x5A4B, 0x0863, 0x10C5, 0x0043,
  0x0063, 0x0043, 0x41A7, 0x7B0C, 0x0063, 0x1085, 0x2125, 0x2125, 0x2925, 0x18A4, 0x2926, 0x0045,
  0x0001, 0x3965, 0xDD73, 0xD530, 0xFE10, 0xFEF3, 0x39E8, 0x0003, 0x0066, 0x0066, 0x00C8, 0x11ED,
  0x0065, 0x08C6, 0x10E7, 0x1108, 0x08C7, 0x0085, 0x00A5, 0x08A6, 0x08C7, 0x0046, 0x0005, 0x1927,
  0x5AAB, 0x10A5, 0x19AC, 0x2A2E, 0x1108, 0x1149, 0x00C8, 0x0065, 0x198B, 0x32F2, 0x20E6, 0x298A,
  0x0026, 0x2B33, 0x2271, 0x010A, 0x6371, 0xBD55, 0x10A5, 0x0001, 0x2966, 0x7B6F, 0x3251, 0x01D0,
  0x09EE, 0x0002, 0x0000, 0x00E7, 0x3B75, 0x09EF, 0x2AB3, 0x3334, 0x855B, 0x853A, 0x8CF9, 0xAD78,
  0xBDD9, 0x3A6E, 0xFFFE, 0xFFFF, 0xFFFE, 0xFFFE, 0xFFFF, 0xDEFC, 0x39A5, 0x18A2, 0x0020, 0x0861,
  0x1082, 0x1082, 0x18C2, 0x0000, 0x0001, 0x0024, 0x0044, 0x0885, 0x0044, 0x0044, 0x0044, 0x0044,
  0x0044, 0x0044, 0x0067, 0x08A8, 0x0066, 0x0087, 0x0087, 0x0088, 0x0088, 0x00A8, 0x00A9, 0x0089,
  0x114D, 0x112D, 0x090C, 0x08EC, 0x00AC, 0x00CB, 0x090D, 0x00AB, 0x42D1, 0x5BB5, 0x7C76, 0xC61C,
  0xCE9C, 0x6354, 0xD6BC, 0x7CB7, 0x092E, 0x19B0, 0x21F2, 0x2A33, 0x1150, 0x094F, 0x2212, 0x3AF5,
  0x6439, 0x959C, 0xE7FF, 0xFFFF, 0xFFFF, 0xFFFF, 0x4D7F, 0x22B2, 0x00A5, 0x0000, 0x0000, 0x0000,
  0x0000, 0x0000, 0x0000, 0x0000, 0x0000, 0x0000, 0x0000, 0x0000, 0x0000, 0x0000, 0x0000, 0x0000,
  0x0000, 0x0000, 0x0000, 0x0000, 0x0000, 0x0000, 0x1082, 0x630C, 0x0000, 0x3A4A, 0x96BF, 0x1A2D,
  0x53B3, 0x01CE, 0x2AB1, 0x32D1, 0x010C, 0x01F1, 0x3B95, 0x957B, 0x54FC, 0x0253, 0x3334, 0x09AD,
  0x01CC, 0x09AC, 0x0085, 0x00C5, 0x016B, 0x0086, 0x19ED, 0x0064, 0x0063, 0x00A7, 0x00E7, 0x0043,
  0x08A6, 0x0022, 0x0043, 0x0087, 0x014D, 0x014B, 0x0066, 0x0045, 0x00A8, 0x0007, 0x663D, 0x3CDB,
  0x0134, 0x02B8, 0x77FF, 0x02F8, 0x0155, 0x553E, 0x4C36, 0x0027, 0x092A, 0x0024, 0x0023, 0x0042,
  0x0044, 0x0022, 0x0021, 0x0022, 0x0022, 0x0021, 0x0042, 0x0021, 0x0001, 0x0044, 0x096B, 0x018C,
  0x0314, 0x010C, 0x09CD, 0x19CD, 0x012C, 0x010E, 0x0B96, 0xDFFF, 0x969F, 0x249B, 0x145C, 0x5D1C,
  0x43F5, 0x4C38, 0x0295, 0x0B56, 0x0AB4, 0x0273, 0x0273, 0x01D1, 0x0B15, 0x01D0, 0x0A12, 0x22F5,
  0x09EF, 0x1AD3, 0x1251, 0x014C, 0x00E9, 0x012B, 0x008A, 0x4B72, 0xA5DA, 0x096B, 0x00CA, 0x122F,
  0x0109, 0x00A6, 0x00A6, 0x00A6, 0x0085, 0x08A5, 0x08E6, 0x1107, 0x198A, 0x0A10, 0x016F, 0x8D38,
  0xFFFF, 0xE79F, 0xEFBF, 0xEFBF, 0xEFBF, 0xEFBF, 0xEFBF, 0xEFBF, 0xEFBF, 0xEFBF, 0xFFFF, 0xE77F,
  0xB65B, 0xAE1B, 0xCEFD, 0xF7FF, 0xF7FF, 0xEFBF, 0xEFBF, 0xEFBF, 0xEFBF, 0xEFBF, 0xEFBF, 0xEFBF,
  0xE79F, 0xFFFF, 0x6436, 0x016F, 0x09F0, 0x1128, 0x10C5, 0x08A5, 0x0864, 0x0065, 0x0065, 0x0022,
  0x4209, 0x1967, 0x10C5, 0x18E4, 0x0843, 0x49C8, 0x3125, 0x2105, 0x08A4, 0x0001, 0x5229, 0x49E8,
  0x0001, 0x20E5, 0x0842, 0x62AA, 0xB4B0, 0x3126, 0x520A, 0x20E3, 0x6248, 0x28E4, 0x1084, 0xA42F,
  0xA40E, 0x20C5, 0x0001, 0x0045, 0x0066, 0x0024, 0x0949, 0x00E7, 0x196A, 0x08C7, 0x08C7, 0x08E7,
  0x08C7, 0x0044, 0x0064, 0x0085, 0x0064, 0x21CA, 0x6331, 0xAD35, 0x836D, 0x18E4, 0x0086, 0x21ED,
  0x0909, 0x00C9, 0x08E6, 0x39A7, 0x3A2C, 0x5C16, 0x0001, 0x116B, 0x1A4F, 0x43B6, 0x1A2E, 0x0046,
  0x014B, 0x3A4C, 0x5AAD, 0x83F2, 0x73D1, 0x194A, 0x3AF2, 0x010D, 0x0A30, 0x11ED, 0x098C, 0x3B96,
  0x22F4, 0x00AA, 0x11EE, 0x2AB2, 0xFFFF, 0xEFFF, 0x5458, 0x4375, 0x1231, 0x84B9, 0xEF9F, 0xDF1E,
  0xFFFF, 0xFFFF, 0xFFFF, 0x630C, 0x18A2, 0x0861, 0x0020, 0x1062, 0x1082, 0x18A2, 0x0820, 0x0001,
  0x0044, 0x0003, 0x0044, 0x0065, 0x0044, 0x0024, 0x0044, 0x0045, 0x0066, 0x0067, 0x10CA, 0x0068,
  0x0025, 0x0024, 0x0086, 0x08A8, 0x00A7, 0x0088, 0x08AA, 0x112E, 0x116D, 0x08CA, 0x0088, 0x00CC,
  0x2A13, 0x3294, 0x118F, 0x08CB, 0x0029, 0x002A, 0x00AD, 0x4AD3, 0x2A2F, 0x5374, 0xEF9F, 0x6BF6,
  0x006D, 0x19B0, 0x3AD5, 0x6C18, 0x2A32, 0x1190, 0x0990, 0x0971, 0x0110, 0x00AE, 0x0190, 0x32F4,
  0x5499, 0x6DBF, 0x34BF, 0x249F, 0x7E9F, 0x863F, 0x1AB3, 0x0107, 0x0000, 0x0000, 0x0000, 0x0000,
  0x0000, 0x0000, 0x0020, 0x0000, 0x0000, 0x0000, 0x0000, 0x0000, 0x0000, 0x0000, 0x0000, 0x0000,
  0x0000, 0x0000, 0x4A28, 0x528A, 0x0000, 0x432F, 0xA6DF, 0x4331, 0x224E, 0x010B, 0x8CB5, 0x9D58,
  0x018E, 0x01B0, 0x01D0, 0x3B34, 0x7DDF, 0x2C3B, 0x018E, 0x0A2E, 0x012B, 0x09CD, 0x00C7, 0x0107,
  0x016B, 0x0066, 0x114B, 0x00A5, 0x0063, 0x0085, 0x0086, 0x0042, 0x0064, 0x0042, 0x0063, 0x0065,
  0x00A7, 0x00A7, 0x00A6, 0x0065, 0x0086, 0x0005, 0x1B13, 0x6E9F, 0x00B1, 0x01B7, 0x5EFF, 0x46BF,
  0x0155, 0x0215, 0x65BD, 0x010B, 0x00C9, 0x00C8, 0x0087, 0x00A6, 0x5C56, 0x0064, 0x0001, 0x0021,
  0x0022, 0x0021, 0x0022, 0x0021, 0x0000, 0x0107, 0x092A, 0x012B, 0x1AD2, 0x014C, 0x00E9, 0x0A2D,
  0x22F3, 0x00EE, 0x3CB8, 0xC7FF, 0x65BD, 0x0399, 0x7E5E, 0xD71D, 0x9D9A, 0x02B4, 0x02B5, 0x02D5,
  0x0294, 0x0273, 0x0253, 0x0B14, 0xE7FF, 0x657C, 0x0274, 0x1AB3, 0x018E, 0x01AE, 0x01AE, 0x010A,
  0x012A, 0x010B, 0x012B, 0xCEFF, 0x19AB, 0x014B, 0x0047, 0x098D, 0x0109, 0x0909, 0x0086, 0x00A6,
  0x08A6, 0x0084, 0x08A5, 0x10C6, 0x2168, 0x11CE, 0x01D0, 0x2271, 0xE77E, 0xEFDF, 0xEFBF, 0xEFBF,
  0xEFBF, 0xEFBF, 0xEFBF, 0xEFBF, 0xEFBF, 0xEFBF, 0xEF9F, 0xEFDF, 0xF7FF, 0xF7FF, 0xF7FF, 0xEFBF,
  0xEFBF, 0xEFBF, 0xEFBF, 0xEFBF, 0xEFBF, 0xEFBF, 0xEFBF, 0xE79F, 0xFFFF, 0x9579, 0x018F, 0x0A11,
  0x118C, 0x10E5, 0x08A5, 0x0863, 0x0043, 0x0023, 0x0022, 0x39CA, 0x31CA, 0x0065, 0x08C5, 0x0021,
  0x0001, 0x18C3, 0x6289, 0x5229, 0x4208, 0x62CB, 0x8B8E, 0x2106, 0x18E5, 0x0044, 0x3146, 0x93CD,
  0x4A08, 0x3167, 0x8B4B, 0x8B29, 0x49E7, 0x0843, 0x2168, 0x52AD, 0x0067, 0x1907, 0x1127, 0x0065,
  0x0003, 0x0004, 0x19EC, 0x0023, 0x0044, 0x1107, 0x1107, 0x0886, 0x0085, 0x00A5, 0x08C7, 0x10E7,
  0x1108, 0x42AE, 0x3A6F, 0x0025, 0x0022, 0x18E5, 0x2148, 0x21CC, 0x198B, 0x526D, 0x730C, 0xA450,
  0x7391, 0x6416, 0x0003, 0x3271, 0x00A6, 0x43B5, 0x43B6, 0x09CE, 0x22D2, 0x010A, 0x012A, 0x1A2E,
  0x21EF, 0x0047, 0x3B32, 0xBF9F, 0x4C59, 0x2A92, 0x00E9, 0x00A7, 0x32F3, 0x22D4, 0x016C, 0x7454,
  0xB5B9, 0x01D0, 0x1B15, 0x2335, 0x1234, 0x2AF5, 0x3BB8, 0x4BF9, 0x6CDA, 0xFFFF, 0xF79E, 0x2104,
  0x18A2, 0x0000, 0x0861, 0x1082, 0x18C2, 0x18A2, 0x0000, 0x0044, 0x0909, 0x0004, 0x0045, 0x0045,
  0x0066, 0x0886, 0x0086, 0x0065, 0x0044, 0x0067, 0x0889, 0x0066, 0x0065, 0x0045, 0x0066, 0x0047,
  0x0067, 0x0088, 0x110B, 0x00C9, 0x0088, 0x0887, 0x0025, 0x08A9, 0x196F, 0x2213, 0x1190, 0x08A9,
  0x00AA, 0x00EC, 0x00ED, 0x00CD, 0x008A, 0x1A10, 0x5B96, 0x118F, 0x096F, 0x32B3, 0x4B35, 0x21F2,
  0x11AF, 0x1A72, 0x2293, 0x09D1, 0x09F1, 0x018F, 0x014F, 0x010E, 0x006C, 0x01B1, 0x0A55, 0x0A96,
  0xFFFF, 0xFFFF, 0x4E1F, 0x5EBF, 0x3CFF, 0x1292, 0x0084, 0x0000, 0x0000, 0x0000, 0x0000, 0x0000,
  0x0000, 0x0000, 0x0000, 0x0000, 0x0000, 0x0000, 0x0000, 0x0000, 0x0000, 0x0000, 0x6B4D, 0x20E2,
  0x0000, 0x4BF3, 0x8E3E, 0x8539, 0x5B0E, 0x012A, 0x2A2D, 0x4332, 0x01F0, 0x01D0, 0x010D, 0x9517,
  0xA69F, 0x1BD9, 0x00A8, 0x0A0D, 0x012A, 0x018C, 0x00A7, 0x012A, 0x0149, 0x21EB, 0x00C5, 0x0085,
  0x00A5, 0x0084, 0x0085, 0x0022, 0x08C5, 0x0063, 0x0063, 0x0063, 0x0064, 0x00C7, 0x00C6, 0x00C6,
  0x00C7, 0x0065, 0x00A9, 0x7F1F, 0x0192, 0x0258, 0x253D, 0xD7FF, 0x03FA, 0x0090, 0x657F, 0x1250,
  0x0026, 0x0086, 0x0044, 0x0064, 0x00A5, 0x0022, 0x0042, 0x0042, 0x0022, 0x0022, 0x0022, 0x0021,
  0x08E6, 0x08E6, 0x0003, 0x016C, 0x1AD2, 0x016C, 0x094A, 0x0109, 0x016D, 0x0273, 0x86FF, 0xA7FF,
  0x2CFC, 0x03F9, 0x755A, 0xE6FC, 0xDEFD, 0x02D6, 0x02D6, 0x0274, 0x0274, 0x0B16, 0x0356, 0x451A,
  0xFFFF, 0x1B14, 0x018E, 0x018C, 0x016C, 0x018D, 0x09CD, 0x00E9, 0x012A, 0x0005, 0xBE9B, 0x328E,
  0x00A9, 0x094A, 0x0025, 0x11CD, 0x00E9, 0x0066, 0x0086, 0x00C6, 0x0085, 0x0085, 0x08A5, 0x08A6,
  0x1107, 0x1969, 0x0A10, 0x016F, 0x6C76, 0xFFFF, 0xE79F, 0xEFBF, 0xEFBF, 0xEFBF, 0xEFBF, 0xEFBF,
  0xEFBF, 0xEFBF, 0xEFBF, 0xEFBF, 0xEFBF, 0xEFBF, 0xEFBF, 0xEFBF, 0xEFBF, 0xEFBF, 0xEFBF, 0xEFBF,
  0xEFBF, 0xEFBF, 0xEFBF, 0xFFFF, 0x9579, 0x01AF, 0x09F0, 0x09CE, 0x10E6, 0x08C5, 0x0884, 0x0063,
  0x0021, 0x18E4, 0x9410, 0x4A4B, 0x08A7, 0x08A4, 0x10C5, 0x0001, 0x0000, 0x0001, 0x1082, 0x10A4,
  0x2126, 0x2106, 0x7B2D, 0x39A8, 0x18E6, 0x838E, 0x7B2C, 0x3946, 0x0002, 0x2926, 0x49E7, 0x28C4,
  0x0044, 0x0065, 0x1947, 0x08C7, 0x1107, 0x0001, 0x0022, 0x2148, 0x218A, 0x2A8E, 0x220C, 0x0001,
  0x0002, 0x0045, 0x0086, 0x10E8, 0x114A, 0x0909, 0x0909, 0x08E7, 0x1108, 0x00A7, 0x0046, 0x0065,
  0x0044, 0x10A5, 0x10E7, 0x00A7, 0x19ED, 0x31EC, 0x1129, 0x0046, 0x19AC, 0x6458, 0x196C, 0x19CC,
  0x0149, 0x4BB5, 0x1A2F, 0x2315, 0x12B3, 0x122F, 0x118C, 0x2270, 0x95DC, 0x09CE, 0x2B34, 0x33B7,
  0x4C19, 0x2B97, 0x33D7, 0x22D3, 0x1292, 0x2395, 0x2BD8, 0x2250, 0x0088, 0x0006, 0x120E, 0x0A4F,
  0x1A92, 0x3334, 0x5438, 0x3315, 0x4BB7, 0xFFFF, 0x7BAE, 0x18E3, 0x0000, 0x0000, 0x0881, 0x1082,
  0x18C3, 0x0840, 0x0000, 0x0024, 0x0045, 0x00A6, 0x0065, 0x0045, 0x0065, 0x0045, 0x0044, 0x0043,
  0x0024, 0x0868, 0x0067, 0x0065, 0x0065, 0x0065, 0x0028, 0x62F4, 0x4A91, 0x0088, 0x0087, 0x0067,
  0x0089, 0x0087, 0x08A8, 0x08CA, 0x010C, 0x00EC, 0x10EB, 0x0089, 0x092D, 0x19F0, 0x2233, 0x2AD5,
  0x2A53, 0x19D3, 0x0951, 0x19B2, 0x1191, 0x2A33, 0x2A13, 0x3AB5, 0x2A73, 0x3B75, 0x5D1C, 0x447A,
  0x7E3F, 0x22D3, 0x00CC, 0x096F, 0x11D0, 0x09B0, 0x2255, 0x1192, 0x5337, 0x7CDA, 0x4D1C, 0x569F,
  0x56FF, 0x357F, 0x1378, 0x0AB4, 0x11AD, 0x0086, 0x0000, 0x0000, 0x0000, 0x0000, 0x0000, 0x0000,
  0x0000, 0x0000, 0x0000, 0x0000, 0x0000, 0x39C7, 0x6B2C, 0x0000, 0x0000, 0x4BD2, 0x6D3B, 0x8DBB,
  0x5AED, 0x098D, 0x120E, 0x120F, 0x1AB2, 0x01B0, 0x018F, 0x0A2F, 0x64DC, 0x1BFB, 0x0069, 0x010A,
  0x00C8, 0x120E, 0x00EA, 0x098C, 0x00E8, 0x1128, 0x0063, 0x0044, 0x00E7, 0x0085, 0x0084, 0x0062,
  0x0085, 0x0064, 0x0062, 0x0083, 0x0063, 0x0929, 0x00C7, 0x00C7, 0x0108, 0x0086, 0x0005, 0x5DFC,
  0x2C39, 0x02FA, 0x3E7F, 0xEFFF, 0x359F, 0x0094, 0x443B, 0x763D, 0x0007, 0x0065, 0x0043, 0x0043,
  0x0023, 0x0062, 0x0042, 0x0042, 0x0042, 0x0022, 0x0022, 0x0021, 0x00C6, 0x0002, 0x00E8, 0x120F,
  0x1270, 0x018C, 0x014A, 0x018B, 0x014D, 0x01B0, 0xAFFF, 0x9F9F, 0x0C3B, 0x455D, 0x7D59, 0xEF5C,
  0xEFDF, 0x1C7C, 0x0357, 0x1336, 0x1336, 0x0B56, 0x0251, 0x0252, 0x44DD, 0x0231, 0x018E, 0x016B,
  0x018C, 0x012B, 0x19CD, 0x0109, 0x0005, 0x428F, 0x19CB, 0x0005, 0x2A6F, 0x0088, 0x0045, 0x00E9,
  0x00C8, 0x0066, 0x0085, 0x0044, 0x0064, 0x0084, 0x0084, 0x08C6, 0x1107, 0x10C4, 0x118B, 0x09F1,
  0x01AF, 0xA5FA, 0xFFFF, 0xE79F, 0xEFBF, 0xEFBF, 0xEFBF, 0xEFBF, 0xEFBF, 0xEFBF, 0xEFBF, 0xEFBF,
  0xEFBF, 0xEFBF, 0xEFBF, 0xEFBF, 0xEFBF, 0xEFBF, 0xEFBF, 0xEFBF, 0xE79F, 0xF7FF, 0xEFBF, 0x7497,
  0x018F, 0x09F0, 0x09CF, 0x1107, 0x10C5, 0x08A4, 0x0884, 0x0023, 0x0862, 0x6B0B, 0x1906, 0x08A5,
  0x18E6, 0x1947, 0x0084, 0x49A8, 0x49E7, 0x0022, 0x10A4, 0x0043, 0x0001, 0x0001, 0x0000, 0x0044,
  0x10C6, 0x10E6, 0x0002, 0x0023, 0x0864, 0x18E5, 0x0884, 0x08A6, 0x08A6, 0x10C7, 0x08A6, 0x08C6,
  0x1107, 0x0064, 0x0000, 0x0001, 0x08E7, 0x3ACF, 0x2A0C, 0x320B, 0x00A7, 0x00C8, 0x3B32, 0x116C,
  0x00C8, 0x00A6, 0x00A6, 0x0085, 0x1108, 0x1129, 0x08E7, 0x0065, 0x0864, 0x0864, 0x08A6, 0x0066,
  0x0149, 0x11AC, 0x00C8, 0x00C8, 0x00EA, 0x2210, 0x00A7, 0x00C5, 0x11ED, 0x2B13, 0x19CE, 0x33B8,
  0x01D0, 0x09CE, 0x4352, 0x22D2, 0x7D7C, 0x22B4, 0x1230, 0x010A, 0x2A91, 0x3BF8, 0x0230, 0x1B36,
  0x3BF9, 0x12D2, 0x6DDF, 0x4D1F, 0x343A, 0x2B76, 0x0A11, 0x4396, 0x6C99, 0x74B7, 0x53B6, 0x1272,
  0xB65D, 0xFFBC, 0x2944, 0x18C2, 0x0000, 0x0060, 0x10A2, 0x1082, 0x10A2, 0x0000, 0x0002, 0x0024,
  0x0003, 0x0086, 0x0044, 0x0043, 0x0044, 0x0044, 0x0044, 0x0044, 0x0066, 0x08A8, 0x0066, 0x0065,
  0x0045, 0x0085, 0x0068, 0x3252, 0x21AE, 0x0046, 0x0086, 0x0088, 0x0088, 0x00C8, 0x112C, 0x110B,
  0x00EB, 0x0087, 0x08EB, 0x1A11, 0x1A11, 0x11AF, 0x11AF, 0x2A94, 0x4B78, 0x2274, 0x2233, 0x2233,
  0x539A, 0x63FB, 0x6C1C, 0x5BBA, 0x32F6, 0x3B57, 0x43B8, 0x2AF5, 0x4BF8, 0x4B76, 0x2A93, 0x1190,
  0x00CD, 0x4315, 0xA5DF, 0x73FA, 0x1992, 0x012F, 0x014E, 0x1272, 0x3CFB, 0x2CFC, 0x1398, 0x0AD5,
  0x0274, 0x0232, 0x01CE, 0x094A, 0x0084, 0x0000, 0x0000, 0x0020, 0x0000, 0x0000, 0x0000, 0x0000,
  0x0000, 0x840F, 0x2944, 0x0000, 0x00A2, 0x4351, 0x5436, 0x7D5A, 0x09EE, 0x016C, 0x2AB0, 0x2AD2,
  0x0A30, 0x018E, 0x01AE, 0x012D, 0xA67F, 0xD7FF, 0x012B, 0x0086, 0x0046, 0x2B13, 0x11EE, 0x098C,
  0x0929, 0x00A6, 0x0003, 0x0042, 0x0085, 0x00C6, 0x0064, 0x0063, 0x0086, 0x00A6, 0x0062, 0x0063,
  0x0042, 0x00A5, 0x0129, 0x0045, 0x00C8, 0x0087, 0x0004, 0x2B72, 0x4D3B, 0x00F4, 0x153F, 0xB7FF,
  0x5E9F, 0x0115, 0x0255, 0x4D1D, 0x0068, 0x0065, 0x0043, 0x0064, 0x0044, 0x0063, 0x0042, 0x0042,
  0x0042, 0x0022, 0x0022, 0x0021, 0x0043, 0x0064, 0x092A, 0x124F, 0x1AB1, 0x016C, 0x014A, 0x01AC,
  0x01B0, 0x02F5, 0xA7FF, 0x667F, 0x4D9E, 0xA6DD, 0x95D8, 0xFFFF, 0xFFFF, 0x661F, 0x0B99, 0x0272,
  0x0252, 0x0232, 0x0210, 0x0AD3, 0x4CB9, 0x0A30, 0x018E, 0x014B, 0x014B, 0x00E9, 0x014A, 0x012A,
  0x094A, 0x118A, 0x0005, 0x3A8F, 0x116C, 0x0067, 0x0024, 0x196A, 0x08C8, 0x0086, 0x0045, 0x0044,
  0x0064, 0x0064, 0x0064, 0x08E8, 0x08C6, 0x10A4, 0x1906, 0x11EF, 0x01D0, 0x1210, 0xC6BD, 0xFFFF,
  0xE79F, 0xEFBF, 0xEFBF, 0xEFBF, 0xEFBF, 0xEFBF, 0xEFBF, 0xEFBF, 0xEFBF, 0xEFBF, 0xEFBF, 0xEFBF,
  0xEFBF, 0xEFBF, 0xE79F, 0xF7FF, 0xFFFF, 0xC69C, 0x3B13, 0x016E, 0x0A11, 0x09CE, 0x1107, 0x10C5,
  0x08A4, 0x0884, 0x0085, 0x0022, 0x39A8, 0x2127, 0x0044, 0x08A6, 0x10A6, 0x10E7, 0x0064, 0x20E7,
  0x39EA, 0x08C5, 0x0064, 0x08C5, 0x0002, 0x0002, 0x08E7, 0x1107, 0x10C5, 0x0003, 0x0024, 0x0044,
  0x0042, 0x0001, 0x0843, 0x1106, 0x1108, 0x1108, 0x29AA, 0x216A, 0x1108, 0x10C6, 0x0002, 0x0083,
  0x2168, 0x4ACF, 0x2169, 0x0907, 0x0929, 0x2AB1, 0xB75F, 0x196C, 0x0085, 0x0043, 0x08E6, 0x0086,
  0x1108, 0x0928, 0x29EC, 0x0045, 0x0044, 0x0003, 0x0045, 0x00C7, 0x0086, 0x21AB, 0x118B, 0x00C9,
  0x092A, 0x8D37, 0x1967, 0x0022, 0x118B, 0x0108, 0x0025, 0x22D3, 0x1AB2, 0x11EF, 0x74FA, 0x3BD6,
  0x1AB2, 0x00EB, 0x00A7, 0x0086, 0x0005, 0x6D7E, 0x5DBF, 0x4499, 0x2231, 0x2AF4, 0x4CDB, 0x973F,
  0x44BC, 0x2BB8, 0x12F5, 0x3396, 0x22B2, 0x4332, 0x4B96, 0x3355, 0xFFFF, 0x8C0E, 0x18C2, 0x1081,
  0x0020, 0x0861, 0x1082, 0x10C2, 0x0860, 0x0000, 0x0044, 0x0023, 0x0044, 0x0044, 0x0043, 0x0085,
  0x0065, 0x0044, 0x0045, 0x0044, 0x0046, 0x0867, 0x0065, 0x0065, 0x0044, 0x0044, 0x08EC, 0x00ED,
  0x0047, 0x0087, 0x0086, 0x0066, 0x0088, 0x00CB, 0x00AB, 0x196E, 0x00CA, 0x118E, 0x19D2, 0x1A11,
  0x094D, 0x092C, 0x08EB, 0x19CF, 0x11D0, 0x09B0, 0x0991, 0x6C1A, 0xADFF, 0x84FE, 0x751E, 0x43D9,
  0x32F7, 0x32B6, 0x21F2, 0x3A95, 0x3A95, 0x5398, 0x4B77, 0x5BB8, 0x3B35, 0xA63F, 0x84DB, 0x5B16,
  0x4AD5, 0x29D1, 0x196F, 0x110D, 0x3B15, 0x2B15, 0x1B37, 0x1B57, 0x0272, 0x016C, 0x014A, 0x016C,
  0x01AD, 0x09AD, 0x08C4, 0x0020, 0x0000, 0x0000, 0x0000, 0x0000, 0x2104, 0x8410, 0x0000, 0x0000,
  0x222B, 0x2A8E, 0x4BB4, 0x7D5A, 0x120D, 0x018C, 0x09EE, 0x53F4, 0x74B6, 0x016D, 0x01AF, 0x014E,
  0x4C38, 0x9EFF, 0x1B54, 0x00C7, 0x012A, 0x016B, 0x098C, 0x00C9, 0x11EE, 0x114A, 0x0001, 0x0083,
  0x0063, 0x08C6, 0x0064, 0x0042, 0x0086, 0x00A7, 0x0043, 0x0043, 0x0042, 0x0064, 0x0085, 0x0929,
  0x00C8, 0x0086, 0x0025, 0x09AD, 0x6E5F, 0x0030, 0x0C5D, 0xCFFF, 0xAFFF, 0x0197, 0x0131, 0x451E,
  0x018D, 0x0066, 0x0043, 0x0064, 0x0064, 0x0063, 0x0063, 0x0042, 0x0042, 0x0022, 0x0022, 0x0021,
  0x0064, 0x0086, 0x114B, 0x096B, 0x018C, 0x014B, 0x012A, 0x01AE, 0x01D2, 0x2438, 0xA7FF, 0x353D,
  0x455E, 0x7DDB, 0xC6FC, 0xD6FA, 0x33B4, 0x0317, 0x02B5, 0x0231, 0x0252, 0x0232, 0x1B56, 0x1B96,
  0x4CB9, 0x1292, 0x01AE, 0x014B, 0x098C, 0x00E9, 0x00C8, 0x2A8F, 0x0109, 0x0004, 0x21AC, 0x5B52,
  0x00E8, 0x118B, 0x0045, 0x198A, 0x08E7, 0x0086, 0x0065, 0x0065, 0x0064, 0x0064, 0x0085, 0x08E6,
  0x0844, 0x0864, 0x29CA, 0x1128, 0x09F0, 0x01AF, 0x2251, 0xCEDD, 0xFFFF, 0xEF9F, 0xEFBF, 0xEFBF,
  0xEFBF, 0xEFBF, 0xEFBF, 0xEFBF, 0xEFBF, 0xEFBF, 0xEFBF, 0xE79F, 0xEFBF, 0xF7FF, 0xFFFF, 0xD6FD,
  0x6415, 0x09AF, 0x01AF, 0x0A11, 0x11CD, 0x10E6, 0x10C5, 0x08A4, 0x0883, 0x0063, 0x0044, 0x0023,
  0x734D, 0x10A6, 0x08A6, 0x10C5, 0x10C5, 0x0064, 0x0885, 0x0885, 0x1107, 0x10C6, 0x0003, 0x10A5,
  0x41EA, 0x2127, 0x1108, 0x1947, 0x0862, 0x0002, 0x0043, 0x0884, 0x0063, 0x0884, 0x0864, 0x0063,
  0x10E7, 0x08E7, 0x1108, 0x216B, 0x10E9, 0x08C7, 0x10C8, 0x218A, 0x1928, 0x1128, 0x1948, 0x08C6,
  0x0046, 0x4B32, 0x4B73, 0x0109, 0x3A6E, 0x19CB, 0x08E8, 0x00A6, 0x08E7, 0x0908, 0x21AA, 0x0065,
  0x0843, 0x2927, 0x1947, 0x3A0B, 0x422B, 0x3A2C, 0x324D, 0x0067, 0x1A0D, 0x7454, 0x4A8B, 0x5A49,
  0x4A0A, 0x0086, 0x0024, 0x0002, 0x00E9, 0x3356, 0x3C1A, 0x1271, 0x00A7, 0x00A6, 0x0066, 0x00C8,
  0x0025, 0x43D6, 0x553C, 0x1AF4, 0x012C, 0x00CB, 0x1251, 0x449A, 0x1A94, 0x0A52, 0x0A93, 0x0A52,
  0x4B53, 0x73D4, 0x22D5, 0x5C37, 0xE6DA, 0x39A6, 0x10A2, 0x0000, 0x0841, 0x1082, 0x1082, 0x10C2,
  0x0000, 0x0002, 0x0003, 0x0023, 0x0084, 0x0044, 0x0043, 0x0064, 0x0065, 0x0045, 0x0045, 0x0064,
  0x0066, 0x0045, 0x0065, 0x0065, 0x0045, 0x00EA, 0x090C, 0x00A7, 0x0067, 0x0088, 0x0067, 0x0006,
  0x0006, 0x008B, 0x5B78, 0x7C9C, 0x21F1, 0x092C, 0x00EA, 0x090B, 0x092D, 0x116D, 0x196D, 0x2A73,
  0x0970, 0x010E, 0x11B1, 0x857D, 0x9F3F, 0xAFFF, 0x7EFF, 0x44DD, 0x1A94, 0x2A14, 0x3A14, 0x4AB7,
  0x6338, 0x6377, 0x5B77, 0x5B77, 0x643A, 0x859F, 0x4316, 0x3232, 0x3A74, 0x3212, 0x216F, 0x2A11,
  0x21B0, 0x19F0, 0x1212, 0x1A32, 0x1252, 0x01AE, 0x00C8, 0x012A, 0x014B, 0x010A, 0x0062, 0x0000,
  0x0000, 0x0000, 0x0000, 0x0000, 0x6B2C, 0x4207, 0x0000, 0x10E5, 0x2A6E, 0x224D, 0x3B32, 0x5C77,
  0x11EC, 0x11AA, 0x016C, 0x4331, 0x7495, 0x120E, 0x018F, 0x01D0, 0x0211, 0x137A, 0x1B14, 0x126F,
  0x00C8, 0x00A8, 0x0949, 0x0024, 0x118B, 0x21EC, 0x0063, 0x0043, 0x0043, 0x0064, 0x08A6, 0x0043,
  0x0085, 0x00C8, 0x0023, 0x0043, 0x0022, 0x0064, 0x0085, 0x09CD, 0x00E8, 0x00A7, 0x0087, 0x00AA,
  0x769F, 0x00D1, 0x34DD, 0x679F, 0x8FFF, 0x02B8, 0x004D, 0x3CDC, 0x1AF3, 0x0026, 0x00A5, 0x0085,
  0x0084, 0x0084, 0x0064, 0x0063, 0x0042, 0x0042, 0x0021, 0x0021, 0x0064, 0x0064, 0x116A, 0x00C7,
  0x016B, 0x018B, 0x012A, 0x01AE, 0x0192, 0x4D7B, 0x9FDF, 0x24FD, 0x1CFD, 0x3CDA, 0x8D78, 0x3B91,
  0x3C14, 0x0294, 0x02B4, 0x0AB3, 0x0232, 0x0253, 0x3C5A, 0x0AB4, 0x1315, 0x12B4, 0x018F, 0x012C,
  0x014A, 0x00E9, 0x00C8, 0x222E, 0x0087, 0x0026, 0x7415, 0x426E, 0x0065, 0x096A, 0x0066, 0x00C7,
  0x0065, 0x0044, 0x0065, 0x0065, 0x0065, 0x0044, 0x0064, 0x0043, 0x08A5, 0x320C, 0x1969, 0x1907,
  0x1128, 0x09F0, 0x01AF, 0x1A30, 0xA5FA, 0xFFFF, 0xF7FF, 0xEFBF, 0xE79F, 0xE79F, 0xEF9F, 0xEF9F,
  0xE79F, 0xEFBF, 0xF7DF, 0xFFFF, 0xF7FF, 0xC69C, 0x6415, 0x11F0, 0x016F, 0x09F1, 0x09EF, 0x1149,
  0x10E5, 0x10C5, 0x08A4, 0x0884, 0x0043, 0x0022, 0x0001, 0x31C9, 0x1948, 0x08A5, 0x10C6, 0x1905,
  0x0884, 0x31C9, 0x10E6, 0x08A5, 0x0885, 0x1907, 0x0023, 0x4A29, 0x6B2E, 0x10C6, 0x10C7, 0x1926,
  0x10E5, 0x0023, 0x0064, 0x0064, 0x0884, 0x08A4, 0x0043, 0x08A5, 0x1928, 0x10E7, 0x08A6, 0x08C7,
  0x00A6, 0x0023, 0x1929, 0x08C7, 0x08A6, 0x10E7, 0x10E7, 0x00A6, 0x0065, 0x10C6, 0x0002, 0x0002,
  0x0045, 0x08E7, 0x2A4E, 0x21ED, 0x08E8, 0x00C7, 0x0066, 0x08A6, 0x6AAB, 0x4A4A, 0x2988, 0x218A,
  0x21AA, 0x00E8, 0x012A, 0x014D, 0x3AF2, 0x6C77, 0x0025, 0x524B, 0x93AE, 0x00A6, 0x0003, 0x0907,
  0x092A, 0x094B, 0x016D, 0x014B, 0x0107, 0x00C6, 0x00A7, 0x00C8, 0x0044, 0x014A, 0x2336, 0x120E,
  0x0A30, 0x00CA, 0x0003, 0x1AF2, 0x0252, 0x2314, 0x2B35, 0x3B76, 0x4375, 0x2B14, 0x0A55, 0xA5FD,
  0xB511, 0x2925, 0x0861, 0x0000, 0x0861, 0x1082, 0x18A2, 0x0861, 0x0000, 0x0003, 0x0023, 0x10E7,
  0x08C6, 0x0064, 0x0064, 0x0063, 0x0064, 0x0064, 0x0064, 0x0065, 0x0066, 0x0066, 0x0066, 0x0088,
  0x00EB, 0x00CB, 0x0046, 0x0085, 0x0065, 0x0027, 0x0027, 0x00AA, 0x29F1, 0x8D1D, 0xB67F, 0x42F5,
  0x008A, 0x0087, 0x08A9, 0x10AB, 0x010C, 0x116D, 0x19F0, 0x1A94, 0x2317, 0x09F2, 0x5BFA, 0x8DDF,
  0x65FE, 0x4D9B, 0x3C7A, 0x1AD6, 0x2B36, 0x3296, 0x52D8, 0x6B9A, 0x841B, 0x7BFA, 0x6378, 0x3254,
  0x42F6, 0x6C7C, 0x3B15, 0x096D, 0x19CF, 0x2A52, 0x2A31, 0x21D0, 0x114E, 0x19D0, 0x1A72, 0x11AF,
  0x11CF, 0x32B2, 0x21EE, 0x00E9, 0x092C, 0x08A5, 0x0000, 0x0000, 0x0000, 0x0000, 0x0000, 0x0841,
  0x8410, 0x0000, 0x0000, 0x2A0B, 0x222D, 0x222B, 0x3312, 0x5457, 0x2A6E, 0x326C, 0x19ED, 0x224F,
  0x018D, 0x32F2, 0x2272, 0x01AF, 0x0211, 0x2BFB, 0x0A12, 0x4373, 0x096B, 0x0045, 0x00A7, 0x0044,
  0x08E8, 0x0066, 0x00E7, 0x00A5, 0x0043, 0x0022, 0x0065, 0x0085, 0x0085, 0x0908, 0x0044, 0x0021,
  0x1128, 0x0908, 0x012B, 0x1270, 0x0087, 0x00A6, 0x00A7, 0x004A, 0x869F, 0x0234, 0x03BA, 0x043E,
  0x66FF, 0x23F9, 0x000D, 0x2356, 0x3CFD, 0x0007, 0x0086, 0x0064, 0x0084, 0x0085, 0x0025, 0x0002,
  0x0023, 0x0041, 0x0021, 0x0021, 0x00C7, 0x0043, 0x098A, 0x0065, 0x09AC, 0x01AC, 0x012A, 0x09F0,
  0x0191, 0x769F, 0x8F5F, 0x14BD, 0x1CBB, 0x85BB, 0x8558, 0x1AD1, 0x3B92, 0x02B5, 0x0274, 0x02B3,
  0x0211, 0x0AD4, 0x555C, 0x01F1, 0x12F4, 0x0A92, 0x018E, 0x010B, 0x014A, 0x0109, 0x00A8, 0x116C,
  0x0026, 0x4B32, 0x9D7B, 0x0086, 0x21CB, 0x0108, 0x0025, 0x00C7, 0x0064, 0x0023, 0x0064, 0x0044,
  0x0025, 0x0023, 0x0043, 0x08A4, 0x2989, 0x298A, 0x0885, 0x0884, 0x10C4, 0x1128, 0x09F0, 0x01D0,
  0x018F, 0x4B94, 0xB63B, 0xEFBF, 0xFFFF, 0xFFFF, 0xFFFF, 0xFFFF, 0xFFFF, 0xF7FF, 0xDF3E, 0x9579,
  0x4353, 0x09CF, 0x016F, 0x01F1, 0x0A10, 0x118B, 0x1926, 0x10C5, 0x08A5, 0x0884, 0x0884, 0x0084,
  0x0022, 0x18E4, 0x6B2C, 0x10E6, 0x00A6, 0x10C6, 0x10A5, 0x0002, 0x0864, 0x2168, 0x08C6, 0x0084,
  0x08A6, 0x3A0B, 0x3167, 0x18E5, 0x08E7, 0x10E7, 0x10E7, 0x08A5, 0x10C5, 0x0884, 0x08C5, 0x10C5,
  0x0884, 0x0063, 0x0885, 0x08C6, 0x1107, 0x10C6, 0x08C6, 0x10E7, 0x08C6, 0x1928, 0x29CC, 0x0086,
  0x0044, 0x08C5, 0x08C6, 0x0044, 0x0002, 0x0885, 0x1907, 0x0062, 0x0000, 0x0003, 0x00A6, 0x08E7,
  0x112A, 0x112A, 0x1108, 0x1109, 0x08E6, 0x0044, 0x00E8, 0x00E8, 0x0066, 0x0065, 0x52EF, 0x3270,
  0x010A, 0x2270, 0x012B, 0x298B, 0xBD14, 0x29EC, 0x012B, 0x114A, 0x0003, 0x00A6, 0x016C, 0x092B,
  0x094A, 0x0108, 0x0065, 0x0065, 0x0001, 0x11CC, 0x1AB2, 0x0045, 0x014B, 0x096B, 0x0000, 0x1A91,
  0x0273, 0x2314, 0x3BB6, 0x2B14, 0x22B4, 0x02D6, 0x0AB6, 0xA577, 0x6288, 0x18E3, 0x0000, 0x0841,
  0x1082, 0x1082, 0x18C2, 0x0000, 0x00A5, 0x0929, 0x0065, 0x0023, 0x0043, 0x0044, 0x0064, 0x0084,
  0x0084, 0x0084, 0x0086, 0x0087, 0x0066, 0x0086, 0x0064, 0x0087, 0x090C, 0x0087, 0x0025, 0x0003,
  0x0045, 0x196F, 0x3254, 0x42D6, 0x5BB9, 0x851F, 0x00ED, 0x00AA, 0x00CB, 0x0087, 0x08EA, 0x116C,
  0x19AF, 0x2253, 0x23B8, 0x1377, 0x0232, 0x11B1, 0x5338, 0x4AF7, 0x3B57, 0x3B77, 0x32D6, 0x1253,
  0x1232, 0x5398, 0x8CDB, 0xBDFD, 0xBDBD, 0x6B99, 0x4297, 0x3296, 0x641A, 0x643B, 0x3336, 0x098E,
  0x116D, 0x198F, 0x2231, 0x2231, 0x19D0, 0x198F, 0x1A72, 0x2251, 0x4AB2, 0x4A73, 0x4AB3, 0x094C,
  0x114B, 0x0020, 0x0000, 0x0000, 0x0000, 0x0000, 0x0000, 0x5AAA, 0x52CA, 0x0000, 0x0021, 0x2A6D,
  0x21EB, 0x21CA, 0x3353, 0x5478, 0x2A2D, 0x0928, 0x018C, 0x09CD, 0x1A0E, 0x4B74, 0x4B54, 0x016E,
  0x01F0, 0x1337, 0x0A93, 0x014A, 0x094A, 0x0109, 0x3B53, 0x00A7, 0x0929, 0x0065, 0x0023, 0x08C5,
  0x00C6, 0x0022, 0x0043, 0x08C7, 0x0085, 0x0928, 0x0064, 0x0062, 0x0062, 0x0065, 0x09AC, 0x3BD6,
  0x00A7, 0x00A6, 0x00A6, 0x0009, 0x8E5D, 0x1AF7, 0x02B8, 0x033C, 0x4D5D, 0x44DC, 0x00B1, 0x01F1,
  0x457F, 0x006A, 0x0086, 0x0085, 0x0084, 0x0022, 0x11CE, 0x4CBC, 0x0045, 0x0022, 0x0021, 0x0021,
  0x0109, 0x0085, 0x09AB, 0x0023, 0x09CC, 0x09ED, 0x016B, 0x01D0, 0x01F1, 0x8F7F, 0x6E5F, 0x251D,
  0x2C58, 0x857A, 0x3353, 0x53F3, 0x7494, 0x02D6, 0x0295, 0x0293, 0x01B0, 0x1334, 0x3C78, 0x016D,
  0x0A71, 0x1271, 0x018E, 0x012A, 0x010A, 0x0129, 0x00C8, 0x00EA, 0x092A, 0x957B, 0x5372, 0x0002,
  0x1149, 0x328F, 0x00C8, 0x0929, 0x00A6, 0x0065, 0x0065, 0x00E7, 0x0065, 0x0002, 0x0024, 0x2168,
  0x0002, 0x1928, 0x0044, 0x0884, 0x0884, 0x10C4, 0x198B, 0x09CE, 0x0A11, 0x018F, 0x018F, 0x2AB2,
  0x5C15, 0x8518, 0x9579, 0x8D59, 0x7497, 0x4354, 0x1230, 0x016F, 0x01B0, 0x09F1, 0x11EF, 0x118B,
  0x1927, 0x10E5, 0x10C5, 0x08A4, 0x0884, 0x0084, 0x0064, 0x0044, 0x0002, 0x528B, 0x29A8, 0x0003,
  0x10C5, 0x18C6, 0x0864, 0x0064, 0x10E6, 0x0885, 0x0885, 0x1948, 0x2989, 0x1107, 0x10A6, 0x0003,
  0x10C7, 0x1928, 0x08A6, 0x0023, 0x0022, 0x0022, 0x0064, 0x0064, 0x0064, 0x0884, 0x0885, 0x08A6,
  0x1928, 0x10C7, 0x10E6, 0x1108, 0x08C6, 0x0044, 0x10E8, 0x08E7, 0x0022, 0x08C6, 0x08C6, 0x0065,
  0x0002, 0x08C6, 0x1906, 0x10E7, 0x1106, 0x0001, 0x1948, 0x0044, 0x0023, 0x0043, 0x0086, 0x31EC,
  0x2A2E, 0x0149, 0x0929, 0x0908, 0x0005, 0x7BB0, 0xBD15, 0x11EF, 0x01D1, 0x23FA, 0x0A95, 0x0191,
  0x32B3, 0x43B7, 0x012B, 0x0045, 0x0023, 0x00C7, 0x014B, 0x00E8, 0x0109, 0x0066, 0x0003, 0x0023,
  0x0045, 0x2B55, 0x1230, 0x00C8, 0x094C, 0x08E8, 0x0000, 0x120F, 0x5438, 0x43B5, 0x1AD3, 0x4BF6,
  0xC6BF, 0x443A, 0x5479, 0x8C50, 0x2903, 0x0861, 0x0000, 0x0841, 0x0861, 0x10A2, 0x1060, 0x0000,
  0x00C6, 0x00A5, 0x0084, 0x0063, 0x0023, 0x0000, 0x0001, 0x0022, 0x0042, 0x0065, 0x090A, 0x08E9,
  0x0085, 0x0043, 0x0001, 0x0087, 0x0088, 0x0004, 0x0087, 0x29D0, 0x42D6, 0x3255, 0x08EC, 0x08CC,
  0x5BF9, 0x32B5, 0x096F, 0x11AF, 0x2231, 0x19F0, 0x2210, 0x19AF, 0x094D, 0x094E, 0x1252, 0x014D,
  0x00AA, 0x3234, 0x4297, 0x4AF7, 0x4337, 0x32B5, 0x2234, 0x11F2, 0x3AD5, 0x84DC, 0xEF7F, 0xFFFF,
  0xFFBF, 0x8C99, 0x4B9A, 0x3B78, 0x74FC, 0x53FA, 0x3B79, 0x2A95, 0x196E, 0x194F, 0x1170, 0x19CF,
  0x11AF, 0x116E, 0x118E, 0x2210, 0x08EC, 0x31D1, 0x7BD9, 0x21D1, 0x08A6, 0x0000, 0x0000, 0x0000,
  0x0000, 0x0000, 0x0000, 0x9492, 0x10A2, 0x0000, 0x1968, 0x2A4C, 0x21A9, 0x1989, 0x3B73, 0x43D6,
  0x4B50, 0x118B, 0x11CD, 0x11EE, 0x3AF1, 0x5373, 0x2A91, 0x016E, 0x0231, 0x0AB5, 0x0AD5, 0x0045,
  0x0024, 0x2AD0, 0xCFFF, 0x1A8F, 0x0129, 0x0065, 0x0064, 0x0043, 0x0085, 0x00C6, 0x0043, 0x0084,
  0x0044, 0x00E7, 0x0085, 0x0063, 0x0063, 0x0064, 0x0085, 0x0066, 0x00E7, 0x0085, 0x014C, 0x002A,
  0x6DBB, 0x2398, 0x1377, 0x4E1F, 0x245A, 0x6E1E, 0x0154, 0x016F, 0x453E, 0x010D, 0x0066, 0x0085,
  0x0085, 0x0022, 0x0109, 0x2B33, 0x0043, 0x0022, 0x0021, 0x0021, 0x00A5, 0x0107, 0x012A, 0x0023,
  0x11EC, 0x09CE, 0x018C, 0x01D1, 0x0294, 0xA7DF, 0x6E5F, 0x6E1D, 0x3C57, 0x4C37, 0x0A70, 0x334F,
  0x538F, 0x1B34, 0x0255, 0x0294, 0x01AF, 0x3B96, 0x5CBB, 0x0A51, 0x016D, 0x22D2, 0x018D, 0x012A,
  0x010A, 0x010A, 0x00E9, 0x0005, 0x9D9A, 0x5352, 0x0004, 0x0003, 0x0087, 0x0908, 0x08C7, 0x092A,
  0x08A7, 0x0064, 0x0042, 0x1949, 0x0025, 0x2A0B, 0x7454, 0x0023, 0x1106, 0x0043, 0x0043, 0x0063,
  0x0843, 0x1128, 0x18E6, 0x10C4, 0x114A, 0x09CE, 0x09F0, 0x01D0, 0x018F, 0x016F, 0x018F, 0x018F,
  0x016F, 0x0190, 0x01D0, 0x09F0, 0x11CE, 0x116A, 0x1948, 0x18E6, 0x10C5, 0x08A5, 0x0884, 0x0884,
  0x0064, 0x0064, 0x0084, 0x0023, 0x1927, 0x2127, 0x0885, 0x0864, 0x0064, 0x10C6, 0x10C6, 0x31EB,
  0x2148, 0x10C6, 0x2148, 0x1907, 0x0885, 0x10C6, 0x10E6, 0x0044, 0x08A5, 0x0884, 0x0002, 0x0022,
  0x0023, 0x0043, 0x0023, 0x0043, 0x0884, 0x0885, 0x0885, 0x0885, 0x10C6, 0x10E7, 0x1107, 0x10C6,
  0x00A6, 0x0002, 0x0043, 0x00A5, 0x0884, 0x1969, 0x08C6, 0x0003, 0x0064, 0x116A, 0x0064, 0x0002,
  0x218B, 0x08C5, 0x0022, 0x0043, 0x0063, 0x0002, 0x0000, 0x5229, 0x1969, 0x118A, 0x19CD, 0x116B,
  0x222D, 0x3A0B, 0x0088, 0x0170, 0x0BFC, 0x1D5F, 0x03DC, 0x035A, 0x0AD5, 0x010C, 0x0068, 0x00A8,
  0x0066, 0x00C7, 0x118C, 0x19CC, 0x2AD1, 0x11EE, 0x114A, 0x0109, 0x120F, 0x1A72, 0x09CF, 0x016B,
  0x09EE, 0x120F, 0x00A7, 0x118B, 0x8CF7, 0xCEBE, 0x3312, 0x6C76, 0xFFFF, 0x7D7C, 0xD6BB, 0x5268,
  0x18A1, 0x0000, 0x0020, 0x0861, 0x0861, 0x10A1, 0x0000, 0x0002, 0x0023, 0x0001, 0x0022, 0x0000,
  0x0002, 0x0046, 0x0000, 0x0000, 0x0000, 0x0002, 0x0086, 0x0086, 0x08C7, 0x00A5, 0x0908, 0x08A9,
  0x0067, 0x21AE, 0x4296, 0x4AD9, 0x21B2, 0x0068, 0x0005, 0x196E, 0x4B58, 0x11D1, 0x2A74, 0x2A72,
  0x198F, 0x194E, 0x008A, 0x0069, 0x216E, 0x5B56, 0x19F1, 0x012C, 0x112E, 0x4B38, 0x5399, 0x641A,
  0x5399, 0x2A55, 0x2213, 0x2233, 0x3A95, 0x6BFA, 0xC63D, 0xFFFF, 0xD6BD, 0x9D7C, 0x5C5B, 0x4C3A,
  0x961E, 0x64BC, 0x3359, 0x3317, 0x3334, 0x3355, 0x2B15, 0x098F, 0x118E, 0x116E, 0x110B, 0x19EE,
  0x2210, 0x29B0, 0x945D, 0x52B6, 0x0000, 0x0000, 0x0000, 0x0000, 0x0000, 0x0000, 0x39E7, 0x73AE,
  0x0000, 0x0000, 0x2A8E, 0x220B, 0x1147, 0x21CA, 0x3311, 0x3353, 0x2A6D, 0x09CC, 0x21EE, 0x4B53,
  0x0A0F, 0x1A4E, 0x122F, 0x018E, 0x0A31, 0x0A95, 0x0AF6, 0x0086, 0x0084, 0x00A7, 0x018C, 0x1271,
  0x0088, 0x0064, 0x0065, 0x0065, 0x0043, 0x0064, 0x00C4, 0x0023, 0x0064, 0x00E8, 0x00C6, 0x0042,
  0x0063, 0x0085, 0x00A6, 0x0086, 0x0084, 0x0129, 0x09F0, 0x00AE, 0x6E3E, 0x1318, 0x3C99, 0x9FFF,
  0x1C1A, 0x867E, 0x0154, 0x0171, 0x55FF, 0x01B0, 0x0024, 0x0064, 0x0084, 0x0043, 0x0002, 0x0001,
  0x0021, 0x0021, 0x0021, 0x0001, 0x0043, 0x00E7, 0x00C7, 0x0044, 0x096A, 0x09CE, 0x014B, 0x02B5,
  0x1358, 0xAFFF, 0x7E9F, 0x551A, 0x3C78, 0x43F6, 0x1A90, 0x126D, 0x226B, 0x4BD2, 0x0271, 0x0293,
  0x01D0, 0x2BB6, 0x1B35, 0x1292, 0x016D, 0x2292, 0x012C, 0x012A, 0x010A, 0x00EA, 0x00E8, 0x0003,
  0x7453, 0x218B, 0x2A0D, 0x0044, 0x196A, 0x0044, 0x0002, 0x08C7, 0x0086, 0x0002, 0x0022, 0x0000,
  0x0003, 0x21CB, 0x2A2C, 0x0044, 0x10C5, 0x0022, 0x0001, 0x0022, 0x0085, 0x10E7, 0x0863, 0x0884,
  0x10A4, 0x10E5, 0x1128, 0x118B, 0x11CE, 0x11EF, 0x09EF, 0x09EF, 0x11CE, 0x11AD, 0x118B, 0x1969,
  0x1926, 0x10E5, 0x10C5, 0x10E7, 0x08A5, 0x0863, 0x0063, 0x0063, 0x0043, 0x0065, 0x0023, 0x10C4,
  0x422A, 0x0864, 0x1084, 0x0864, 0x10C5, 0x10C5, 0x0043, 0x0064, 0x29A9, 0x1947, 0x0884, 0x0063,
  0x0064, 0x08A5, 0x10E6, 0x0884, 0x0043, 0x0002, 0x0022, 0x0064, 0x0864, 0x0884, 0x0885, 0x0884,
  0x0884, 0x0884, 0x0885, 0x0064, 0x08C6, 0x1928, 0x1107, 0x08C6, 0x08E6, 0x0063, 0x0000, 0x0022,
  0x0864, 0x10E7, 0x0043, 0x08C6, 0x08C8, 0x19AD, 0x0063, 0x0883, 0x196A, 0x08E9, 0x29EA, 0x1946,
  0x0002, 0x0002, 0x4986, 0x934D, 0x0908, 0x08C5, 0x0002, 0x08C7, 0x9CB4, 0x3A2D, 0x0A74, 0x03DC,
  0x677F, 0xC7FF, 0x573F, 0x0C9C, 0x01F2, 0x01D1, 0x0A53, 0x1A92, 0x11EE, 0x1A0F, 0x116B, 0x118B,
  0x11EE, 0x098C, 0x0087, 0x116B, 0x09AC, 0x094B, 0x092A, 0x0908, 0x0929, 0x1A30, 0x0109, 0x0085,
  0x00E8, 0x11AD, 0x118C, 0x098D, 0x1A73, 0x53D7, 0xB532, 0x3184, 0x0841, 0x0000, 0x0841, 0x0861,
  0x1082, 0x0840, 0x0000, 0x0044, 0x0022, 0x0023, 0x0002, 0x0000, 0x2BB7, 0x4F1F, 0x34BB, 0x11CC,
  0x0001, 0x0000, 0x0000, 0x0001, 0x0003, 0x0003, 0x10EB, 0x5B54, 0x6BD7, 0x1990, 0x00AA, 0x00AB,
  0x00AA, 0x0088, 0x00CA, 0x21B1, 0x090E, 0x0087, 0x0067, 0x00A9, 0x08EB, 0x21F1, 0x3AF6, 0x32B5,
  0x7D1C, 0xFFFF, 0x4336, 0x008B, 0x1970, 0x4B79, 0xFFFF, 0xFFFF, 0x6D1E, 0x2277, 0x2254, 0x4397,
  0x63FA, 0x63D8, 0xB5BC, 0xA55B, 0x853A, 0x4C19, 0x3B9A, 0x2BF9, 0x653D, 0x6D5E, 0x3BDB, 0x3358,
  0x4C79, 0x4D5B, 0x3CFB, 0x2313, 0x19CF, 0x198E, 0x08EB, 0x2A92, 0x3AB2, 0x18CC, 0x3A34, 0x320E,
  0x0000, 0x0000, 0x0000, 0x0000, 0x0000, 0x0000, 0x736E, 0x2944, 0x0000, 0x1947, 0x32AE, 0x21CA,
  0x1969, 0x21EA, 0x2AB0, 0x0A4F, 0x120D, 0x11CC, 0x42CE, 0x09AD, 0x018E, 0x1A4F, 0x3AF0, 0x014D,
  0x01D0, 0x0A75, 0x1316, 0x00E7, 0x0043, 0x0108, 0x0068, 0x1AB3, 0x0087, 0x0064, 0x0085, 0x0064,
  0x0084, 0x0063, 0x0043, 0x00A6, 0x0044, 0x00A5, 0x0129, 0x0022, 0x0043, 0x0065, 0x00A6, 0x0085,
  0x0064, 0x092A, 0x012C, 0x004B, 0x8F3F, 0x0234, 0x0AB6, 0x9FFF, 0x039B, 0x6E3D, 0x0133, 0x01B2,
  0x5E7F, 0x0A11, 0x0004, 0x0043, 0x0084, 0x0084, 0x0064, 0x0064, 0x0022, 0x0022, 0x0022, 0x0001,
  0x0063, 0x0908, 0x0065, 0x0044, 0x116B, 0x01ED, 0x016D, 0x0295, 0x2419, 0xAFFF, 0x353E, 0x1C39,
  0x3C37, 0x33B4, 0x1A8F, 0x22CF, 0x1A6D, 0x3B2F, 0xA577, 0x6496, 0x01D2, 0x1316, 0x02D3, 0x4438,
  0x098D, 0x09AE, 0x018D, 0x010A, 0x00E9, 0x0109, 0x00E8, 0x0024, 0x21EB, 0x00C8, 0x5392, 0x19AB,
  0x198B, 0x0025, 0x0023, 0x00E7, 0x00A6, 0x0023, 0x0023, 0x0023, 0x0001, 0x29CC, 0x0004, 0x0024,
  0x0084, 0x0023, 0x0042, 0x0000, 0x08A7, 0x0063, 0x0062, 0x0864, 0x0884, 0x0884, 0x10A4, 0x10A4,
  0x10C4, 0x10E5, 0x10E6, 0x10E5, 0x10E5, 0x10C4, 0x10C4, 0x1947, 0x08A5, 0x0884, 0x0884, 0x0863,
  0x0063, 0x0043, 0x0043, 0x0043, 0x0063, 0x0003, 0x18E5, 0x7B8E, 0x10A6, 0x10C6, 0x0063, 0x10C4,
  0x0884, 0x0884, 0x0863, 0x10C5, 0x1907, 0x0064, 0x0864, 0x0884, 0x08A4, 0x08A4, 0x0884, 0x0043,
  0x0043, 0x0064, 0x0884, 0x08A5, 0x0885, 0x08C5, 0x0885, 0x08A5, 0x0885, 0x0885, 0x0885, 0x0065,
  0x10C6, 0x1928, 0x08C6, 0x08C6, 0x1107, 0x08A5, 0x0064, 0x08A4, 0x08E7, 0x0023, 0x08C5, 0x114A,
  0x0087, 0x114A, 0x2A0D, 0x1107, 0x08E8, 0x114B, 0x1108, 0x0063, 0x0064, 0x10A6, 0x3903, 0x6A6A,
  0x00A7, 0x0065, 0x1085, 0x10C5, 0x3A08, 0x08EA, 0x02B7, 0x0D3F, 0xFFFF, 0xFFFF, 0xF7FF, 0x0DFF,
  0x0379, 0x0292, 0x01AE, 0x0109, 0x00C7, 0x094B, 0x0066, 0x00E8, 0x014B, 0x098E, 0x11EF, 0x096C,
  0x096B, 0x1969, 0x0885, 0x0864, 0x0022, 0x0865, 0x00E8, 0x0908, 0x1149, 0x11AB, 0x118B, 0x098B,
  0x016E, 0xADD9, 0x732A, 0x18E1, 0x0000, 0x0020, 0x0841, 0x0861, 0x1081, 0x0000, 0x0022, 0x0043,
  0x0022, 0x0064, 0x0000, 0x00A7, 0x4F3F, 0x2E3F, 0x367F, 0x3EFF, 0x2DDF, 0x0BB5, 0x0108, 0x0002,
  0x0000, 0x0000, 0x0002, 0x192C, 0x08EA, 0x192A, 0x3250, 0x00EA, 0x00A9, 0x0067, 0x08CB, 0x196F,
  0x090C, 0x08EA, 0x00A8, 0x0067, 0x00A8, 0x090C, 0x2A75, 0x42F8, 0x541D, 0x2AD7, 0x016F, 0x09F0,
  0x2A73, 0x439A, 0xFFFF, 0xFFFF, 0x555E, 0x22F6, 0x3316, 0x32D6, 0x4B18, 0x5B78, 0xAD9D, 0x7459,
  0x6D3B, 0x3BD8, 0x0A76, 0x4CFB, 0x54FB, 0x4C7B, 0x3357, 0x541A, 0x659D, 0x55BD, 0x3437, 0x1A91,
  0x19EF, 0x32F3, 0x2251, 0x4356, 0x114C, 0x1088, 0x29CF, 0x0063, 0x0000, 0x0000, 0x0000, 0x0000,
  0x0000, 0x18C3, 0x738D, 0x0000, 0x0000, 0x324C, 0x2A4C, 0x21A9, 0x21CA, 0x19EB, 0x2AAF, 0x11CD,
  0x018C, 0x012A, 0x5B71, 0x53B3, 0x09AE, 0x098C, 0x19CC, 0x00EA, 0x01AF, 0x0A53, 0x1317, 0x0129,
  0x0064, 0x00A7, 0x010C, 0x0A52, 0x0046, 0x0043, 0x0085, 0x0065, 0x00A5, 0x0084, 0x0043, 0x0002,
  0x0064, 0x00A6, 0x010A, 0x0004, 0x0064, 0x0064, 0x00A5, 0x00A5, 0x00A5, 0x0086, 0x0068, 0x008C,
  0x877F, 0x01B2, 0x0275, 0x8FFF, 0x03DC, 0x661D, 0x00F1, 0x01D2, 0x669F, 0x22F5, 0x0003, 0x0043,
  0x0084, 0x0083, 0x0064, 0x0065, 0x0023, 0x0022, 0x0021, 0x0000, 0x00C6, 0x11AC, 0x0044, 0x0044,
  0x118B, 0x0A4F, 0x0A10, 0x0170, 0x3CF9, 0xA7FF, 0x24DC, 0x2C18, 0x2BB4, 0x3393, 0x1290, 0x22D1,
  0x0A2C, 0x6410, 0xD657, 0x6C54, 0x2397, 0x0293, 0x0A92, 0x3BB5, 0x00CA, 0x09EE, 0x01AE, 0x014A,
  0x00E9, 0x0109, 0x00C8, 0x0046, 0x2A0D, 0x0066, 0x5BD4, 0x6C35, 0x0045, 0x0045, 0x0085, 0x00C6,
  0x0085, 0x0002, 0x0002, 0x0001, 0x2169, 0x3A2C, 0x0001, 0x08E6, 0x0023, 0x0043, 0x0022, 0x0884,
  0x0044, 0x0042, 0x0043, 0x0043, 0x0063, 0x0863, 0x0884, 0x0883, 0x0884, 0x0884, 0x0884, 0x0884,
  0x0884, 0x0884, 0x0864, 0x0863, 0x0863, 0x0884, 0x0063, 0x0022, 0x0042, 0x0022, 0x0043, 0x0084,
  0x0064, 0x0002, 0x2946, 0x39A8, 0x00A7, 0x218B, 0x21CB, 0x0907, 0x1169, 0x29EA, 0x1085, 0x08A5,
  0x0085, 0x08A5, 0x08A5, 0x0885, 0x0084, 0x0083, 0x0043, 0x0864, 0x0864, 0x0864, 0x0884, 0x0864,
  0x0864, 0x0864, 0x0884, 0x10A5, 0x10C6, 0x10E6, 0x0885, 0x0885, 0x08A5, 0x08C5, 0x00A5, 0x0064,
  0x08A5, 0x0884, 0x08A5, 0x08A5, 0x1929, 0x1969, 0x00E5, 0x08E7, 0x0065, 0x29CD, 0x2A2D, 0x0044,
  0x10E7, 0x190A, 0x21CD, 0x00C7, 0x1909, 0x194B, 0x0021, 0x49C8, 0x00A7, 0x0065, 0x0084, 0x1947,
  0x39A8, 0x196C, 0x01F3, 0x14BF, 0xA7FF, 0xFFFF, 0xA7FF, 0x1E1F, 0x0379, 0x0273, 0x1AB2, 0x1A50,
  0x2292, 0x22F3, 0x1250, 0x11CE, 0x09CF, 0x1210, 0x1251, 0x1A4F, 0x118B, 0x0086, 0x0044, 0x0886,
  0x0044, 0x0063, 0x096B, 0x096A, 0x094A, 0x116B, 0x0129, 0x09AD, 0x3B12, 0xBDF7, 0x39A5, 0x1081,
  0x0000, 0x0841, 0x0861, 0x1081, 0x0840, 0x0000, 0x0043, 0x0044, 0x00A6, 0x0044, 0x0000, 0x1BF8,
  0x163F, 0x151D, 0x0D1F, 0x153F, 0x56BF, 0x46DF, 0x261F, 0x459F, 0x2376, 0x0928, 0x0000, 0x0006,
  0x0005, 0x0002, 0x216C, 0x216D, 0x08AA, 0x114D, 0x3AB4, 0x092C, 0x010A, 0x08EB, 0x08CA, 0x0909,
  0x090A, 0x00E9, 0x08CD, 0x08EE, 0x2254, 0x016F, 0x016E, 0x11D0, 0x1A12, 0x2A55, 0x343C, 0x1C7C,
  0x0A96, 0x1213, 0x2274, 0x2234, 0x3254, 0x5337, 0x6B98, 0x645B, 0x3397, 0x3BB8, 0x3BBA, 0x863F,
  0xA73F, 0x54BB, 0x1A32, 0x2A73, 0x3C59, 0x3C99, 0x2AD3, 0x116D, 0x2231, 0x1A10, 0x2AD3, 0x32B4,
  0x00CA, 0x10EA, 0x192B, 0x0000, 0x0000, 0x0000, 0x0000, 0x0000, 0x0000, 0x632C, 0x4A28, 0x0000,
  0x08A4, 0x2A8D, 0x21EA, 0x1188, 0x1A0A, 0x3AEF, 0x4311, 0x426E, 0x530F, 0x00C9, 0x5BD3, 0x84F6,
  0x012A, 0x098C, 0x19CD, 0x010B, 0x016E, 0x01F1, 0x1338, 0x016C, 0x0085, 0x0068, 0x657B, 0x4DBF,
  0x01CE, 0x0024, 0x0065, 0x00A6, 0x0085, 0x0084, 0x0085, 0x0043, 0x0002, 0x22D1, 0xBFFF, 0x010B,
  0x0064, 0x0085, 0x0085, 0x00A6, 0x00A5, 0x00C7, 0x0089, 0x014E, 0x8FBF, 0x0112, 0x1379, 0x8FFF,
  0x03FC, 0x6E3D, 0x00D0, 0x01B2, 0x55FF, 0x2B76, 0x0003, 0x0064, 0x0063, 0x0063, 0x0064, 0x0084,
  0x0023, 0x0002, 0x0021, 0x0021, 0x00E8, 0x01AB, 0x0064, 0x0023, 0x0929, 0x1AF2, 0x1271, 0x00ED,
  0x5DFC, 0x9FFF, 0x8E5D, 0x4437, 0x12F2, 0x3BD4, 0x12B0, 0x126E, 0x124C, 0x5BCF, 0x73F0, 0x01AE,
  0x0295, 0x1335, 0x0A30, 0x124F, 0x01AD, 0x018D, 0x09EF, 0x010A, 0x00E9, 0x00E9, 0x0909, 0x092A,
  0x21CC, 0x0046, 0x32AF, 0x218A, 0x0002, 0x0064, 0x0044, 0x00C7, 0x0085, 0x0001, 0x08C5, 0x1927,
  0xA59A, 0x3A2B, 0x0021, 0x0043, 0x0022, 0x0000, 0x0043, 0x0885, 0x0021, 0x0023, 0x0043, 0x0043,
  0x0043, 0x0043, 0x0043, 0x0063, 0x0043, 0x0063, 0x0863, 0x0863, 0x0063, 0x0062, 0x0063, 0x0063,
  0x0022, 0x0083, 0x0043, 0x0002, 0x0022, 0x0022, 0x0043, 0x0064, 0x0043, 0x0002, 0x1904, 0x1926,
  0x0949, 0x326F, 0x196B, 0x1128, 0x21C9, 0x2988, 0x0022, 0x10E6, 0x08A6, 0x08A5, 0x18E6, 0x10A5,
  0x08A4, 0x0884, 0x0884, 0x0884, 0x0864, 0x0864, 0x0863, 0x0063, 0x0063, 0x0063, 0x10C5, 0x10C6,
  0x2988, 0x08A6, 0x0085, 0x08A5, 0x08A5, 0x10E5, 0x08A4, 0x0064, 0x08A4, 0x08A5, 0x08C6, 0x0843,
  0x214A, 0x21ED, 0x0928, 0x08E7, 0x08A6, 0x194B, 0x1129, 0x08C6, 0x08C5, 0x0001, 0x19AA, 0x00E6,
  0x00C8, 0x222F, 0x0929, 0x0885, 0x1109, 0x00A6, 0x0907, 0x734F, 0x834E, 0x1A10, 0x1336, 0x347C,
  0x047E, 0x3EDF, 0x2DDF, 0x039B, 0x0297, 0x012D, 0x00C8, 0x0086, 0x116A, 0x096C, 0x120F, 0x098C,
  0x32D2, 0x3334, 0x3BF8, 0x3314, 0x1A0F, 0x0928, 0x08C7, 0x0065, 0x0044, 0x0044, 0x0129, 0x11AC,
  0x220E, 0x096B, 0x19CC, 0x00EA, 0xADFB, 0x734C, 0x18E2, 0x0020, 0x0020, 0x0841, 0x0861, 0x10A1,
  0x0000, 0x0001, 0x0023, 0x0064, 0x00A6, 0x0000, 0x012A, 0x0DFF, 0x35DF, 0xD7DF, 0x3D3C, 0x14DD,
  0xCFDF, 0x4DDF, 0x04DF, 0x2DDF, 0x3E9F, 0x475F, 0x2396, 0x0000, 0x0002, 0x0002, 0x0002, 0x0000,
  0x0001, 0x00C9, 0x2250, 0x114B, 0x08A9, 0x08AA, 0x0089, 0x08A8, 0x00A9, 0x00EA, 0x090D, 0x19B0,
  0x114E, 0x00CA, 0x00EC, 0x010E, 0x19B1, 0x29B2, 0x4B98, 0x1231, 0x0950, 0x0991, 0x1A13, 0x2233,
  0x2A54, 0x4AF6, 0x5B58, 0x4338, 0x09D2, 0x010E, 0x0A12, 0x5CDB, 0xBFFF, 0x4CBB, 0x2336, 0x2B56,
  0x3C18, 0x2314, 0x11AF, 0x096D, 0x120F, 0x094D, 0x1A11, 0x11AF, 0x114C, 0x194E, 0x0884, 0x0000,
  0x0000, 0x0000, 0x0000, 0x0000, 0x0840, 0x8C51, 0x1081, 0x0000, 0x2A0B, 0x2A4C, 0x1968, 0x19A9,
  0x1A0B, 0x2ACF, 0x9CF6, 0x7BD2, 0x19CC, 0x116A, 0x324D, 0x32AF, 0x010A, 0x014B, 0x014C, 0x010B,
  0x018E, 0x01D0, 0x0AF6, 0x018D, 0x0066, 0x00C9, 0xCFFF, 0x86DF, 0x3439, 0x00C6, 0x00C6, 0x0908,
  0x08E7, 0x00A6, 0x00A5, 0x00A5, 0x0004, 0x1AD3, 0xB7FF, 0x010B, 0x0023, 0x00A5, 0x00A5, 0x00A6,
  0x00C7, 0x00A8, 0x004A, 0x1293, 0x8FBF, 0x0050, 0x3CBC, 0xA7FF, 0x03FC, 0x86DD, 0x00F1, 0x0191,
  0x1B9B, 0x010C, 0x0044, 0x0063, 0x0062, 0x0042, 0x0004, 0x0047, 0x0001, 0x0000, 0x0001, 0x0021,
  0x0909, 0x0149, 0x0065, 0x0003, 0x098B, 0x4C78, 0x012D, 0x010E, 0x6E9F, 0x8F5F, 0x655D, 0x4418,
  0x2333, 0x3373, 0x0A8F, 0x22F0, 0x124E, 0x3AED, 0x42CC, 0x024F, 0x9F7F, 0x3C99, 0x012E, 0x3354,
  0x3B95, 0x016C, 0x09EF, 0x012A, 0x00E9, 0x0108, 0x00A7, 0x2A0C, 0x0928, 0x00C8, 0x118B, 0x0066,
  0x0002, 0x0064, 0x0044, 0x00C6, 0x0086, 0x0001, 0x2188, 0x29EA, 0x8CD7, 0x1927, 0x0042, 0x0001,
  0x0002, 0x0022, 0x08A6, 0x0003, 0x0022, 0x0022, 0x0023, 0x0022, 0x0022, 0x0022, 0x0022, 0x0043,
  0x0043, 0x0043, 0x0043, 0x0043, 0x0042, 0x0042, 0x0043, 0x08C6, 0x0064, 0x0043, 0x0021, 0x0021,
  0x0022, 0x0022, 0x0022, 0x0042, 0x0022, 0x0023, 0x0000, 0x4A4A, 0x428E, 0x29CC, 0x216A, 0x10E7,
  0x18E5, 0x1083, 0x0863, 0x18C4, 0x0863, 0x0003, 0x0864, 0x10E5, 0x0884, 0x0884, 0x0884, 0x0884,
  0x0884, 0x0864, 0x0863, 0x0043, 0x0043, 0x0063, 0x0023, 0x0022, 0x0022, 0x08C6, 0x08A5, 0x0885,
  0x08A5, 0x08A5, 0x08A5, 0x10E6, 0x08A5, 0x08C6, 0x08C5, 0x0084, 0x194A, 0x08E7, 0x08E8, 0x0907,
  0x0065, 0x0886, 0x0065, 0x0043, 0x0000, 0x10C5, 0x1107, 0x0044, 0x0929, 0x222F, 0x118C, 0x00A7,
  0x1109, 0x0085, 0x1948, 0x41EC, 0x090B, 0x1A92, 0x2B14, 0x0170, 0x0295, 0x0B99, 0x0357, 0x0B58,
  0x0A54, 0x1210, 0x00CA, 0x0045, 0x08C6, 0x0886, 0x0024, 0x0024, 0x0003, 0x0948, 0x1A2F, 0x116D,
  0x2AB2, 0x32F1, 0x19CC, 0x0085, 0x0044, 0x00A6, 0x00A7, 0x11AC, 0x19CD, 0x00E8, 0x00A8, 0x42F1,
  0xCE79, 0x3164, 0x0820, 0x0000, 0x0841, 0x0861, 0x1081, 0x0840, 0x0000, 0x0043, 0x0042, 0x0085,
  0x0044, 0x0000, 0x2CDC, 0x0E1F, 0x7E5E, 0xFFFF, 0xFFFF, 0x967D, 0x65BE, 0x043D, 0x043D, 0x1CFD,
  0x255E, 0x36BF, 0x33D9, 0x0000, 0x23F7, 0x461F, 0x12F3, 0x0026, 0x0000, 0x0001, 0x0000, 0x0005,
  0x0067, 0x090A, 0x090A, 0x08CA, 0x00A9, 0x0088, 0x0089, 0x3212, 0x110C, 0x00C9, 0x00EB, 0x110D,
  0x2190, 0x114F, 0x4377, 0x2293, 0x116E, 0x096D, 0x094E, 0x098E, 0x19B0, 0x4B38, 0x543E, 0x1255,
  0x09D1, 0x0990, 0x018F, 0x4CBB, 0x5DFF, 0x2BB9, 0x1A74, 0x3335, 0x2B75, 0x1A71, 0x114D, 0x092D,
  0x114D, 0x19CF, 0x2AB3, 0x2A71, 0x112E, 0x192C, 0x0000, 0x0000, 0x0000, 0x0000, 0x0000, 0x0000,
  0x4208, 0x62EB, 0x0000, 0x0042, 0x32AE, 0x21EB, 0x1968, 0x21EB, 0x32AF, 0x016C, 0x52F0, 0x322D,
  0x0004, 0x21A9, 0xB577, 0x4ACF, 0x118A, 0x21CB, 0x19AC, 0x00EA, 0x018E, 0x01CF, 0x0AF5, 0x01AE,
  0x00A6, 0x00A7, 0x018E, 0x012D, 0x016C, 0x0065, 0x0085, 0x0064, 0x0084, 0x0085, 0x0043, 0x0043,
  0x0085, 0x0047, 0x010D, 0x0066, 0x0043, 0x0085, 0x00C6, 0x00A6, 0x00A8, 0x00A9, 0x006C, 0x44DA,
  0x6E7F, 0x000F, 0x3D5D, 0x4E1F, 0x1C1C, 0x8F3E, 0x00D1, 0x0151, 0x1B79, 0x016D, 0x0067, 0x0109,
  0x0085, 0x0044, 0x0089, 0x75FF, 0x118C, 0x0002, 0x0021, 0x0021, 0x00A6, 0x0085, 0x00C7, 0x0003,
  0x22F2, 0x1AD2, 0x00A9, 0x016F, 0x7EFF, 0x76DF, 0x3CFB, 0x23F6, 0x6497, 0x2B12, 0x0A6F, 0x124E,
  0x0A0C, 0x6BF0, 0x94F3, 0x022E, 0x8F7F, 0x23D7, 0x01D0, 0x4C17, 0x01CE, 0x014D, 0x014D, 0x012A,
  0x00A8, 0x00C8, 0x0045, 0x3A2C, 0x0002, 0x116B, 0x21CC, 0x0004, 0x0023, 0x0023, 0x0024, 0x0086,
  0x0087, 0x0065, 0x0000, 0x1128, 0xA5FB, 0x0001, 0x0000, 0x0022, 0x0022, 0x08C6, 0x0044, 0x0002,
  0x0022, 0x0023, 0x0022, 0x0022, 0x0022, 0x0022, 0x0022, 0x0884, 0x0023, 0x0064, 0x0044, 0x0044,
  0x0043, 0x0022, 0x0085, 0x00A6, 0x0043, 0x0064, 0x0022, 0x0022, 0x0022, 0x0023, 0x0043, 0x0043,
  0x0023, 0x0044, 0x0000, 0xBD33, 0x528D, 0x0066, 0x10E6, 0x10C6, 0x49E9, 0x0002, 0x0000, 0x10A4,
  0x2148, 0x08A5, 0x10A5, 0x10A5, 0x08A4, 0x0884, 0x18E5, 0x0884, 0x0884, 0x0884, 0x0864, 0x0863,
  0x0863, 0x0022, 0x0022, 0x0021, 0x0002, 0x0043, 0x08A6, 0x08A5, 0x08A5, 0x08A5, 0x08A5, 0x08C6,
  0x08A5, 0x08A5, 0x10E7, 0x08E7, 0x194A, 0x08A6, 0x08E8, 0x21AA, 0x10C5, 0x0002, 0x0022, 0x0022,
  0x0023, 0x2A2E, 0x31EC, 0x0044, 0x114A, 0x118C, 0x0108, 0x08C8, 0x194A, 0x00A6, 0x08E6, 0x198C,
  0x1A2F, 0x19EC, 0x090A, 0x198D, 0x2292, 0x12B2, 0x098D, 0x1272, 0x012C, 0x098E, 0x2251, 0x098C,
  0x0086, 0x08C6, 0x0085, 0x0065, 0x0045, 0x0043, 0x0003, 0x0065, 0x0066, 0x198C, 0x222D, 0x19AC,
  0x0908, 0x118A, 0x114A, 0x118B, 0x19CD, 0x0109, 0x00A9, 0x9537, 0x83CD, 0x20C2, 0x0000, 0x0020,
  0x0861, 0x0861, 0x1081, 0x0000, 0x0002, 0x0044, 0x0064, 0x08A5, 0x0002, 0x0000, 0x3DDF, 0x26FF,
  0x153F, 0x24BE, 0xBF3F, 0xC7BF, 0xA6FE, 0x8E1C, 0x963D, 0x24DC, 0x257F, 0x3E5F, 0x0000, 0x0002,
  0x475F, 0x2E7F, 0x1E7F, 0x2DDF, 0x1CDD, 0x1271, 0x0004, 0x0000, 0x0000, 0x0004, 0x00C9, 0x012B,
  0x094B, 0x0089, 0x0068, 0x10EA, 0x08A9, 0x00E9, 0x00EA, 0x194D, 0x194E, 0x110D, 0x2AB5, 0x1211,
  0x19F0, 0x19F0, 0x19EF, 0x00AA, 0x092E, 0x1A75, 0x22F7, 0x0A33, 0x09F1, 0x09D0, 0x2B14, 0x4D3B,
  0x1314, 0x0A11, 0x1AB3, 0x00EC, 0x1A71, 0x118D, 0x19CF, 0x2230, 0x2250, 0x2210, 0x1A32, 0x11AF,
  0x1990, 0x08A7, 0x0000, 0x0000, 0x0000, 0x0000, 0x0000, 0x0000, 0x73AE, 0x18C2, 0x0000, 0x19A9,
  0x2A8E, 0x21C9, 0x21A8, 0x324D, 0x3B52, 0x018C, 0x0088, 0x00A8, 0x0004, 0x31EA, 0xAD15, 0x0066,
  0x116A, 0x52CC, 0x6390, 0x00AA, 0x018E, 0x1230, 0x1315, 0x09F0, 0x00C7, 0x00C8, 0x09EE, 0x00A8,
  0x0108, 0x0064, 0x0043, 0x0065, 0x0084, 0x0063, 0x0044, 0x0084, 0x0063, 0x0064, 0x0128, 0x0085,
  0x0063, 0x00A5, 0x00C6, 0x0087, 0x0088, 0x00EB, 0x00D0, 0x775F, 0x2419, 0x00D2, 0x3DBF, 0x03FC,
  0x34BD, 0x667E, 0x0091, 0x0170, 0x1BBA, 0x012D, 0x0066, 0x11AC, 0x0108, 0x0108, 0x0212, 0xF7FF,
  0x3C19, 0x0005, 0x0022, 0x0022, 0x0928, 0x0023, 0x0108, 0x0046, 0x3394, 0x012A, 0x00CA, 0x01D1,
  0x8F7F, 0x5E5F, 0x44FA, 0x3417, 0x4C37, 0x1B12, 0x022D, 0x09EC, 0x09EA, 0x7C92, 0xBDF7, 0x2A4E,
  0x0191, 0x0211, 0x2396, 0x3C38, 0x33B7, 0x3334, 0x0049, 0x096C, 0x0088, 0x0067, 0x1109, 0x3A6D,
  0x0000, 0x21AC, 0x1129, 0x0022, 0x00C5, 0x0023, 0x0063, 0x08A7, 0x00A7, 0x00A6, 0x0000, 0x5350,
  0x320B, 0x0001, 0x0002, 0x0001, 0x0043, 0x00A5, 0x0002, 0x0022, 0x0022, 0x0022, 0x0022, 0x0022,
  0x0022, 0x0022, 0x0023, 0x0022, 0x0023, 0x0044, 0x0022, 0x0002, 0x0023, 0x0002, 0x0023, 0x08A5,
  0x0063, 0x0043, 0x0022, 0x0023, 0x0043, 0x0043, 0x0044, 0x0023, 0x0044, 0x0044, 0x0843, 0x2926,
  0x0023, 0x0864, 0x0864, 0x10E5, 0x6A89, 0x0884, 0x08A5, 0x10C6, 0x10A6, 0x10A5, 0x08A5, 0x0885,
  0x08A4, 0x0884, 0x0884, 0x0884, 0x0884, 0x1084, 0x0863, 0x0863, 0x0863, 0x0842, 0x0022, 0x0062,
  0x0063, 0x0884, 0x0085, 0x0885, 0x08C5, 0x08A5, 0x08A5, 0x0884, 0x0884, 0x0002, 0x08E7, 0x114B,
  0x114A, 0x00A6, 0x1129, 0x08E6, 0x0021, 0x0001, 0x0001, 0x08A5, 0x0022, 0x08C6, 0x21A9, 0x0043,
  0x08E7, 0x0909, 0x08E8, 0x08E7, 0x08E7, 0x08C6, 0x00C7, 0x2A90, 0x198C, 0x0087, 0x10E9, 0x52D0,
  0x2AB2, 0x0A11, 0x10C8, 0x116B, 0x010B, 0x4418, 0x2251, 0x09AD, 0x226F, 0x116A, 0x0002, 0x0065,
  0x0086, 0x08A5, 0x0064, 0x0085, 0x0085, 0x0065, 0x0064, 0x1148, 0x19CB, 0x19AB, 0x21CC, 0x0129,
  0x3AF2, 0x2A72, 0x32B1, 0xB5B6, 0x3164, 0x0861, 0x0000, 0x0841, 0x0861, 0x0861, 0x1061, 0x0000,
  0x0042, 0x0023, 0x0044, 0x0065, 0x0003, 0x0000, 0x1149, 0x2C7A, 0x1D5F, 0x0D7F, 0x055F, 0x14DF,
  0x55BD, 0x6DDB, 0x8E5D, 0x3D5F, 0x2E5F, 0x1B75, 0x0000, 0x23F7, 0x367F, 0x04BF, 0x04BF, 0x0CDF,
  0x4EBF, 0x263F, 0x25DF, 0x2419, 0x11CC, 0x0026, 0x0029, 0x010C, 0x09AF, 0x2AB4, 0x22B3, 0x010A,
  0x0005, 0x0007, 0x0047, 0x196E, 0x21F0, 0x114E, 0x1A34, 0x098E, 0x090B, 0x116D, 0x2292, 0x2294,
  0x3BBC, 0x22F7, 0x016D, 0x010B, 0x00EB, 0x012C, 0x1A70, 0x0A0F, 0x094C, 0x096E, 0x0A31, 0x1A72,
  0x09CF, 0x092B, 0x196F, 0x2231, 0x224F, 0x08E9, 0x11AF, 0x114D, 0x196D, 0x0000, 0x0000, 0x0000,
  0x0000, 0x0000, 0x0000, 0x2944, 0x6B4C, 0x0000, 0x0000, 0x2A8E, 0x222C, 0x1989, 0x2A0B, 0x3B10,
  0x22B0, 0x120F, 0x010B, 0x00E8, 0x0065, 0x00A6, 0x52EF, 0x0002, 0x0087, 0x096A, 0x220E, 0x00EB,
  0x01AF, 0x0A31, 0x0A94, 0x09F0, 0x0086, 0x0109, 0x124F, 0x0085, 0x00A6, 0x08E7, 0x0002, 0x0907,
  0x0064, 0x0083, 0x00E7, 0x0043, 0x0043, 0x0064, 0x0107, 0x00A6, 0x0064, 0x00A5, 0x00A6, 0x0086,
  0x00A8, 0x008C, 0x0AB6, 0x97FF, 0x0172, 0x0236, 0x5EBF, 0x029A, 0x5DFF, 0x4D1C, 0x008F, 0x01D0,
  0x347D, 0x00CB, 0x0044, 0x0022, 0x0001, 0x0021, 0x00A9, 0x0A73, 0x012B, 0x0002, 0x0023, 0x0002,
  0x0948, 0x0043, 0x00E8, 0x092A, 0x3394, 0x00C9, 0x00EB, 0x0211, 0x8FBF, 0x661F, 0x64FB, 0x2376,
  0x33D6, 0x12F1, 0x0A4D, 0x122D, 0x1A8D, 0x5BD1, 0x5B8F, 0x1189, 0x01D0, 0x012E, 0x0A92, 0x2B95,
  0x3396, 0x6D3B, 0x53D4, 0x00C9, 0x00A8, 0x0046, 0x2A0C, 0x19AA, 0x0001, 0x326D, 0x0063, 0x0001,
  0x08C5, 0x0023, 0x0063, 0x00A6, 0x0087, 0x0003, 0x0001, 0x6393, 0x218A, 0x10E6, 0x0884, 0x0001,
  0x0884, 0x0003, 0x0023, 0x0023, 0x0022, 0x0022, 0x0022, 0x0022, 0x0022, 0x0022, 0x0022, 0x0022,
  0x0022, 0x0001, 0x10A3, 0x31C8, 0x0002, 0x0043, 0x0003, 0x08A6, 0x08C6, 0x08E6, 0x0043, 0x0023,
  0x0023, 0x0043, 0x0043, 0x0023, 0x0044, 0x0002, 0x4A6B, 0x4A09, 0x0023, 0x0042, 0x0043, 0x0064,
  0x18C4, 0x10C5, 0x08C5, 0x10C6, 0x10A5, 0x0884, 0x0885, 0x08A5, 0x10A5, 0x0884, 0x0884, 0x0884,
  0x0884, 0x0864, 0x0043, 0x0043, 0x0884, 0x10C5, 0x0864, 0x0043, 0x0884, 0x0885, 0x08A5, 0x10E6,
  0x1107, 0x0065, 0x0043, 0x0884, 0x0043, 0x0022, 0x216A, 0x2A4E, 0x21ED, 0x0065, 0x00A6, 0x08C6,
  0x08A5, 0x0084, 0x0043, 0x1107, 0x0084, 0x0065, 0x08C5, 0x08C6, 0x08E7, 0x08E7, 0x08A6, 0x08A5,
  0x0084, 0x0949, 0x114A, 0x1129, 0x21CD, 0x29ED, 0x216B, 0x0087, 0x01CE, 0x018C, 0x0085, 0x00E6,
  0x122E, 0x19EC, 0x09CB, 0x0109, 0x1A30, 0x19AD, 0x08E7, 0x0024, 0x1108, 0x00A4, 0x0064, 0x08E7,
  0x08E7, 0x00A6, 0x08E7, 0x08C6, 0x08A6, 0x08E8, 0x1969, 0x0129, 0x11AC, 0x016D, 0x84D7, 0x7BCD,
  0x18A3, 0x0000, 0x0000, 0x0861, 0x0861, 0x1081, 0x0000, 0x0001, 0x0043, 0x0042, 0x0064, 0x00C5,
  0x0042, 0x0000, 0x0000, 0x0000, 0x0001, 0x09AC, 0x1418, 0x1D3F, 0x055F, 0x04FF, 0x2D3F, 0x257F,
  0x46FF, 0x0001, 0x0000, 0x2E3F, 0x251F, 0x459E, 0x03FB, 0x355C, 0xD7FF, 0x3DBE, 0x0D3F, 0x2E3F,
  0x2EFF, 0x363F, 0x0089, 0x0007, 0x008A, 0x00AB, 0x11EF, 0x1AB4, 0x1A73, 0x09CF, 0x0047, 0x0008,
  0x004B, 0x096E, 0x1A34, 0x11D0, 0x116D, 0x116D, 0x19CF, 0x1A31, 0x1AB5, 0x1A94, 0x016D, 0x010C,
  0x010C, 0x11CF, 0x42F4, 0x3A93, 0x118E, 0x09D0, 0x010E, 0x2294, 0x3B16, 0x198F, 0x194D, 0x10EB,
  0x00C9, 0x116C, 0x2232, 0x094E, 0x08C7, 0x0000, 0x0000, 0x0000, 0x0000, 0x0000, 0x0000, 0x738D,
  0x39A6, 0x0000, 0x1146, 0x2A8E, 0x21C9, 0x21A9, 0x326D, 0x4BB3, 0x014B, 0x096B, 0x098C, 0x0066,
  0x0085, 0x0086, 0x3A2C, 0x0065, 0x0067, 0x010A, 0x096C, 0x00EB, 0x01AE, 0x0A31, 0x0273, 0x09F0,
  0x0065, 0x0129, 0x120D, 0x0065, 0x00A5, 0x08E7, 0x0065, 0x00C6, 0x00A6, 0x00A5, 0x00E6, 0x0064,
  0x0043, 0x0064, 0x00E7, 0x00E7, 0x0085, 0x0084, 0x0107, 0x094B, 0x00A9, 0x004D, 0x55BD, 0x5E5F,
  0x002F, 0x561F, 0x87BF, 0x0196, 0x775F, 0x23F9, 0x000C, 0x09F2, 0x1B59, 0x00EB, 0x0044, 0x0063,
  0x0042, 0x00C5, 0x0002, 0x00C7, 0x00A6, 0x0000, 0x0001, 0x0021, 0x0065, 0x0043, 0x00A7, 0x2270,
  0x12B1, 0x00A9, 0x010B, 0x0272, 0x87BF, 0x6E1E, 0x5457, 0x4BF6, 0x3BD5, 0x2352, 0x2B11, 0x018A,
  0x2AAE, 0x3AEE, 0x534F, 0x220A, 0x01EF, 0x016F, 0x0210, 0x016D, 0x2B53, 0xBFDF, 0x74F8, 0x0004,
  0x00E9, 0x00A7, 0x328F, 0x326E, 0x00C7, 0x3AAE, 0x0064, 0x0002, 0x0086, 0x0065, 0x0023, 0x00A6,
  0x0885, 0x0001, 0x0000, 0x5B94, 0x42AE, 0x0000, 0x0001, 0x0064, 0x0043, 0x0002, 0x0022, 0x0022,
  0x0022, 0x0022, 0x0022, 0x0022, 0x0022, 0x0002, 0x0021, 0x0021, 0x0021, 0x0001, 0x0842, 0x2105,
  0x0043, 0x0043, 0x0045, 0x0044, 0x0002, 0x0043, 0x00A5, 0x0003, 0x0023, 0x0023, 0x0043, 0x0043,
  0x0023, 0x0002, 0x2127, 0x4A0A, 0x0023, 0x0883, 0x10C5, 0x0885, 0x10C5, 0x0043, 0x0885, 0x2968,
  0x2147, 0x10A5, 0x10A5, 0x10A5, 0x08A4, 0x0884, 0x0884, 0x0884, 0x0884, 0x10A5, 0x0884, 0x0884,
  0x08A5, 0x10C5, 0x08A4, 0x0884, 0x08A5, 0x08A6, 0x10E6, 0x18E7, 0x1928, 0x1908, 0x0885, 0x0884,
  0x0064, 0x0044, 0x0044, 0x08E7, 0x1149, 0x08E7, 0x08C6, 0x08C6, 0x08A6, 0x08A6, 0x08A6, 0x1128,
  0x08E6, 0x08A6, 0x08A6, 0x0086, 0x10E7, 0x08E7, 0x0085, 0x0022, 0x10E7, 0x1108, 0x00C7, 0x0064,
  0x21AB, 0x324F, 0x00A6, 0x0044, 0x09AA, 0x00C7, 0x090A, 0x0949, 0x1A2C, 0x0023, 0x0108, 0x120F,
  0x11AE, 0x0047, 0x0866, 0x324E, 0x0928, 0x0023, 0x08E7, 0x1128, 0x00A6, 0x08C7, 0x0908, 0x08A6,
  0x0909, 0x08C7, 0x0064, 0x00E7, 0x010A, 0x1A0F, 0xD69A, 0x41E5, 0x0841, 0x0000, 0x0020, 0x0861,
  0x1061, 0x0841, 0x0000, 0x0042, 0x0022, 0x0043, 0x0022, 0x0000, 0x0045, 0x1109, 0x0000, 0x0000,
  0x0000, 0x0000, 0x0000, 0x0003, 0x122E, 0x249C, 0x263F, 0x3F9F, 0x3479, 0x0000, 0x1B96, 0x15FF,
  0x2D3E, 0xCFFE, 0x8EBD, 0x55DC, 0x865D, 0x14FE, 0x049E, 0x253F, 0x1DBF, 0x2E1F, 0x0003, 0x01AD,
  0x4E9F, 0x247A, 0x09EF, 0x006A, 0x010D, 0x1315, 0xC6DF, 0xFFFF, 0x8C56, 0x010D, 0x0A12, 0x2253,
  0x114D, 0x00EB, 0x0067, 0x012B, 0x098E, 0x00EC, 0x098E, 0x2272, 0x2294, 0x5BFA, 0x8CFE, 0x2A31,
  0x008A, 0x012E, 0x092F, 0x4318, 0x4B58, 0x19F1, 0x096D, 0x08EB, 0x00A8, 0x094C, 0x096E, 0x112C,
  0x0021, 0x0000, 0x0000, 0x0000, 0x0000, 0x0000, 0x0862, 0x738E, 0x0000, 0x0000, 0x2A6D, 0x2A4C,
  0x21A9, 0x2A0B, 0x3ACE, 0x3311, 0x00A9, 0x0109, 0x0109, 0x0086, 0x0085, 0x0065, 0x1908, 0x0086,
  0x00C8, 0x0108, 0x00E9, 0x012B, 0x01AF, 0x01F0, 0x0252, 0x01EF, 0x0064, 0x0129, 0x016B, 0x0085,
  0x00A5, 0x0085, 0x00A6, 0x09CC, 0x09AB, 0x0023, 0x0084, 0x0043, 0x0043, 0x0085, 0x0108, 0x00A6,
  0x0085, 0x0086, 0x1AB0, 0x1A70, 0x006A, 0x0193, 0x8FBF, 0x0254, 0x0172, 0x7F3F, 0x451E, 0x0218,
  0x97FF, 0x02B6, 0x004B, 0x09D2, 0x0A55, 0x00CB, 0x0044, 0x0084, 0x0085, 0x0044, 0x0001, 0x00A5,
  0x0045, 0x0002, 0x0021, 0x0021, 0x0064, 0x0085, 0x0046, 0x2B14, 0x09EE, 0x010A, 0x00EB, 0x0AD3,
  0x777F, 0x65BD, 0x3BF8, 0x6478, 0x3B93, 0x2B32, 0x3B32, 0x4B92, 0x1A0C, 0x222C, 0x4B0E, 0x0126,
  0x020F, 0x01AF, 0x016D, 0x016D, 0x3B53, 0x85BB, 0x5416, 0x0006, 0x0087, 0x3AD0, 0x4312, 0x5373,
  0x42D0, 0x63B3, 0x0002, 0x0004, 0x0065, 0x0086, 0x0003, 0x0086, 0x0065, 0x0000, 0x08E5, 0x2A0B,
  0x3A8C, 0x0000, 0x0022, 0x00A4, 0x0002, 0x0022, 0x0022, 0x0022, 0x0002, 0x0002, 0x0022, 0x0002,
  0x0002, 0x0002, 0x0002, 0x0002, 0x0002, 0x0022, 0x0022, 0x0001, 0x10A4, 0x0001, 0x0884, 0x0023,
  0x0002, 0x0022, 0x0064, 0x0023, 0x0023, 0x0023, 0x0043, 0x0043, 0x0023, 0x0002, 0x3987, 0x72CB,
  0x0064, 0x2926, 0x18E6, 0x10C6, 0x10C5, 0x10C5, 0x0884, 0x10C5, 0x10E6, 0x10C5, 0x0884, 0x08A4,
  0x0884, 0x08A4, 0x0884, 0x08A4, 0x10A4, 0x10A5, 0x10E6, 0x10A5, 0x10A5, 0x10A5, 0x10A5, 0x10E5,
  0x10E6, 0x0885, 0x0885, 0x08A5, 0x0085, 0x0885, 0x08C5, 0x0885, 0x08A5, 0x10A6, 0x0023, 0x10C6,
  0x0063, 0x00A5, 0x08C7, 0x08C6, 0x1108, 0x1108, 0x00C6, 0x08E6, 0x10E7, 0x0886, 0x08A6, 0x08C7,
  0x10E7, 0x08A6, 0x0065, 0x19CC, 0x114A, 0x0003, 0x08A6, 0x08C6, 0x0086, 0x00A6, 0x00A5, 0x0084,
  0x0928, 0x0909, 0x114C, 0x00A8, 0x0929, 0x0908, 0x0065, 0x11CD, 0x010A, 0x0046, 0x0002, 0x11AC,
  0x1A6F, 0x19ED, 0x0909, 0x0065, 0x00C6, 0x08E6, 0x08E7, 0x08E8, 0x0908, 0x08C6, 0x08E7, 0x0929,
  0x0068, 0x9DB9, 0xA4B2, 0x20E3, 0x0000, 0x0000, 0x0020, 0x0841, 0x1081, 0x0000, 0x0001, 0x0043,
  0x0084, 0x0085, 0x0821, 0x0003, 0x4E3F, 0x3F5F, 0x2D3E, 0x12F2, 0x00A9, 0x0000, 0x0000, 0x0000,
  0x0000, 0x0000, 0x096B, 0x1A50, 0x0001, 0x0000, 0x3E9F, 0x1E7F, 0x2DBF, 0x4D9D, 0xCFBF, 0xBF1E,
  0xAF1E, 0x863E, 0x3D5D, 0x14FF, 0x25DF, 0x1A73, 0x0000, 0x3DBF, 0x373F, 0x15DF, 0x261F, 0x255F,
  0x1315, 0x018E, 0x2AB3, 0xFFFF, 0xFFFF, 0x0069, 0x00A9, 0x010B, 0x010B, 0x0007, 0x0005, 0x118E,
  0x2A32, 0x3272, 0x4AD4, 0x00AA, 0x0089, 0x2212, 0x5BFA, 0x4335, 0x19F0, 0x32B5, 0x6C7D, 0x63FD,
  0x2212, 0x2A72, 0x092C, 0x00AA, 0x0067, 0x118C, 0x010C, 0x08A6, 0x0000, 0x0000, 0x0000, 0x0000,
  0x0000, 0x0000, 0x5AAA, 0x4A28, 0x0000, 0x08E5, 0x2A8E, 0x21EB, 0x21A9, 0x2A4B, 0x4330, 0x09AD,
  0x0087, 0x00A7, 0x00E8, 0x00A6, 0x0086, 0x00C7, 0x29CB, 0x08C9, 0x00E8, 0x0108, 0x010A, 0x010B,
  0x01AE, 0x1A2F, 0x0211, 0x0210, 0x00A6, 0x092A, 0x118B, 0x00A6, 0x00A6, 0x0024, 0x0929, 0x0149,
  0x19ED, 0x0064, 0x0063, 0x0063, 0x0043, 0x00A6, 0x00C6, 0x00A7, 0x00A6, 0x00C8, 0x010A, 0x00A9,
  0x00EE, 0x3CDC, 0x86DF, 0x000C, 0x0B37, 0x455F, 0x027A, 0x241B, 0xA7FF, 0x0154, 0x010F, 0x0A75,
  0x0A54, 0x0068, 0x0065, 0x00C7, 0x0086, 0x0044, 0x0043, 0x0085, 0x0044, 0x0042, 0x0022, 0x0021,
  0x0064, 0x11CB, 0x00E8, 0x1272, 0x016C, 0x012B, 0x00CB, 0x1335, 0x6F5F, 0x85FD, 0x2BD8, 0x5458,
  0x3372, 0x0A8F, 0x2AF0, 0x3B10, 0x01AA, 0x224C, 0x19A9, 0x0968, 0x01EE, 0x018E, 0x012B, 0x00C9,
  0x4352, 0x8DDC, 0x226F, 0x00A8, 0x0129, 0x42D0, 0x32D0, 0x4B72, 0x6C76, 0x5B92, 0x0000, 0x0044,
  0x0025, 0x08C6, 0x0002, 0x0045, 0x0044, 0x0042, 0x3A8C, 0x0022, 0x29A9, 0x0044, 0x0886, 0x0002,
  0x0022, 0x0022, 0x0022, 0x0022, 0x0002, 0x0002, 0x0002, 0x0002, 0x0002, 0x0002, 0x0002, 0x0002,
  0x0002, 0x0002, 0x0022, 0x0001, 0x0001, 0x0001, 0x3187, 0x0043, 0x0023, 0x0022, 0x0022, 0x0023,
  0x0023, 0x0023, 0x0023, 0x0022, 0x0023, 0x0001, 0x93CD, 0x72EA, 0x08A4, 0x2106, 0x10E5, 0x10A5,
  0x18E6, 0x10C5, 0x0865, 0x0844, 0x0864, 0x08C5, 0x1085, 0x0884, 0x0884, 0x08A5, 0x10A5, 0x10A5,
  0x10A5, 0x10A5, 0x10A5, 0x10A5, 0x10C5, 0x10C6, 0x10C5, 0x10E6, 0x08A5, 0x0064, 0x0043, 0x0043,
  0x0883, 0x0883, 0x0884, 0x0883, 0x08A5, 0x1906, 0x1107, 0x2189, 0x00A5, 0x08A6, 0x08C6, 0x08C6,
  0x1128, 0x1928, 0x08C6, 0x1128, 0x08C6, 0x10C7, 0x0085, 0x0086, 0x08C6, 0x00C7, 0x220D, 0x198C,
  0x08E8, 0x0064, 0x08A5, 0x1128, 0x00A6, 0x0044, 0x0001, 0x1106, 0x1948, 0x0002, 0x0086, 0x08C7,
  0x08A6, 0x19EC, 0x0065, 0x0086, 0x00E8, 0x1129, 0x0022, 0x094A, 0x0024, 0x19CC, 0x2A4F, 0x0949,
  0x0085, 0x08E7, 0x08E8, 0x08C7, 0x08E6, 0x00C7, 0x0909, 0x00C9, 0x11CC, 0xD6FA, 0x41E6, 0x1061,
  0x0000, 0x0000, 0x0841, 0x0841, 0x0840, 0x0000, 0x00E5, 0x0107, 0x0108, 0x0043, 0x0000, 0x1AF3,
  0x3F3F, 0x0D9F, 0x0DBF, 0x1E7F, 0x3E9F, 0x2D1D, 0x124E, 0x0001, 0x0000, 0x0000, 0x0000, 0x0000,
  0x0000, 0x0000, 0x120F, 0x355F, 0x363F, 0x1DFF, 0x0CFF, 0x457E, 0x75FC, 0xDFFF, 0x4DDE, 0x0CFF,
  0x1D3F, 0x0000, 0x096D, 0x369F, 0x563F, 0x5E1E, 0x1CDC, 0x1D7F, 0x25DF, 0x255F, 0x1CFC, 0x243A,
  0x01D0, 0x0006, 0x0047, 0x0089, 0x3A70, 0x9D9A, 0x19ED, 0x196F, 0x4AB3, 0x52F4, 0x4292, 0x0089,
  0x008A, 0x012D, 0x010C, 0x00EA, 0x00E9, 0x016C, 0x5C18, 0x4355, 0x098E, 0x3AD3, 0x63F8, 0x08CC,
  0x10EB, 0x19EF, 0x00C9, 0x0001, 0x0000, 0x0000, 0x0000, 0x0000, 0x0000, 0x0000, 0x83EF, 0x1040,
  0x0000, 0x21EA, 0x222C, 0x1168, 0x21C9, 0x2A8C, 0x32D1, 0x0067, 0x0066, 0x00C7, 0x08E9, 0x00E8,
  0x00C7, 0x0109, 0x198B, 0x094B, 0x00C9, 0x0108, 0x012A, 0x00EA, 0x19EE, 0x6436, 0x0211, 0x0231,
  0x08E8, 0x00C8, 0x0107, 0x00E7, 0x0109, 0x092A, 0x08E8, 0x00C6, 0x0108, 0x00C6, 0x0043, 0x0083,
  0x0084, 0x00E8, 0x00C6, 0x00C7, 0x00C7, 0x00A7, 0x00A7, 0x00A9, 0x01B4, 0x97FF, 0x1B36, 0x008D,
  0x1C1C, 0x243D, 0x01FA, 0x7E9F, 0x76DF, 0x0030, 0x0295, 0x0AF9, 0x12F7, 0x0007, 0x00C7, 0x00A6,
  0x0064, 0x0063, 0x0063, 0x0065, 0x0064, 0x0022, 0x0021, 0x0022, 0x0085, 0x00E7, 0x00C8, 0x1271,
  0x00EA, 0x012B, 0x00CB, 0x1BB7, 0x6F7F, 0x8E1D, 0x4498, 0x857A, 0x1AAF, 0x22B0, 0x2B11, 0x018B,
  0x1A4D, 0x1A4C, 0x1A0A, 0x0967, 0x09CD, 0x016D, 0x010A, 0x010A, 0x1A2F, 0x6498, 0x11EE, 0x0005,
  0x11AC, 0x8D1A, 0x3AB0, 0x32D0, 0x6415, 0x19CB, 0x0002, 0x0003, 0x0024, 0x0065, 0x0022, 0x08A6,
  0x1968, 0x1927, 0x29AA, 0x0000, 0x1128, 0x3B12, 0x0003, 0x0001, 0x0023, 0x0022, 0x0022, 0x0022,
  0x0002, 0x0002, 0x0002, 0x0002, 0x0002, 0x0002, 0x0002, 0x0002, 0x0002, 0x0022, 0x0002, 0x0001,
  0x0000, 0x0001, 0x20E6, 0x0042, 0x0022, 0x0022, 0x0022, 0x0023, 0x0023, 0x0023, 0x0022, 0x0002,
  0x0002, 0x0002, 0x6ACA, 0x49E8, 0x3147, 0x18C5, 0x08A5, 0x3146, 0x8B4D, 0x0884, 0x0064, 0x0042,
  0x0865, 0x0885, 0x0085, 0x10C5, 0x10C6, 0x08A5, 0x10C5, 0x10C5, 0x10C5, 0x10C5, 0x08A5, 0x08C5,
  0x10C5, 0x10C6, 0x10C6, 0x08A5, 0x10C5, 0x0884, 0x0884, 0x0864, 0x0864, 0x0063, 0x0043, 0x0042,
  0x0002, 0x08A5, 0x08E6, 0x1108, 0x10C6, 0x10E7, 0x08C6, 0x08E6, 0x08C6, 0x08E6, 0x08C5, 0x1128,
  0x0085, 0x0864, 0x08C6, 0x0045, 0x092A, 0x222C, 0x114A, 0x0908, 0x1149, 0x0063, 0x0885, 0x112A,
  0x19CC, 0x0908, 0x0001, 0x08A5, 0x198B, 0x0085, 0x0906, 0x0044, 0x0004, 0x114A, 0x116B, 0x0044,
  0x0907, 0x0886, 0x08A5, 0x0949, 0x0064, 0x00A5, 0x00E7, 0x19CC, 0x220E, 0x19CD, 0x1129, 0x00A6,
  0x08E6, 0x00C7, 0x0109, 0x0026, 0x9558, 0x9C90, 0x1081, 0x0000, 0x0000, 0x0020, 0x0841, 0x0841,
  0x0000, 0x0021, 0x0063, 0x0043, 0x00A5, 0x0000, 0x0000, 0x3E1F, 0x2DFF, 0x353F, 0x769F, 0x14DF,
  0x155F, 0x1E1F, 0x2E7F, 0x3DFF, 0x2439, 0x120E, 0x0003, 0x0000, 0x0000, 0x0000, 0x0000, 0x0001,
  0x0088, 0x1AB2, 0x147E, 0x157F, 0x1DDF, 0x25DF, 0x0CFF, 0x15DF, 0x1AD2, 0x0000, 0x253F, 0x25FF,
  0x96FD, 0x655B, 0xAF5E, 0x047C, 0x045E, 0x04BE, 0x25BF, 0x3E3F, 0x3EBF, 0x3DDE, 0x090C, 0x394E,
  0x6A31, 0xCCD7, 0xFEDF, 0xEEBF, 0xE6FF, 0xBD9A, 0x4A30, 0x114D, 0x00AB, 0x098E, 0x014C, 0x00CA,
  0x00A8, 0x0129, 0x098B, 0x0085, 0x0086, 0x010A, 0x3291, 0x194C, 0x42B2, 0x6439, 0x0046, 0x0000,
  0x0000, 0x0000, 0x0000, 0x0000, 0x0000, 0x4A49, 0x62EB, 0x0000, 0x0862, 0x326D, 0x21CA, 0x1148,
  0x2A2B, 0x3B10, 0x11AD, 0x0004, 0x00A7, 0x00C7, 0x0086, 0x0086, 0x0108, 0x0109, 0x19CC, 0x5B32,
  0x0087, 0x00E8, 0x00E9, 0x012A, 0x094B, 0x1A2F, 0x0212, 0x0232, 0x096B, 0x0086, 0x00A5, 0x00E8,
  0x09ED, 0x00E8, 0x0022, 0x1148, 0x0043, 0x0065, 0x0064, 0x0083, 0x00A5, 0x00A6, 0x00A6, 0x00C7,
  0x00E7, 0x00C7, 0x00C9, 0x002A, 0x3459, 0x8FBF, 0x000C, 0x0A95, 0x243E, 0x0B3C, 0x01D8, 0xC7FF,
  0x2C9C, 0x00B0, 0x13BB, 0x559F, 0x8F1F, 0x0A55, 0x010A, 0x0065, 0x0084, 0x0063, 0x0043, 0x0064,
  0x0043, 0x0042, 0x0022, 0x0021, 0x0043, 0x0023, 0x0108, 0x0A2F, 0x00A8, 0x018C, 0x00AB, 0x33F8,
  0x877F, 0x655C, 0x4C98, 0x857A, 0x2AD0, 0x32F1, 0x122D, 0x09CC, 0x122D, 0x120C, 0x11EA, 0x11A8,
  0x09AC, 0x014D, 0x012B, 0x010A, 0x00EA, 0x7D7B, 0x09CE, 0x0047, 0x0087, 0x3AB0, 0xCF5F, 0x8D59,
  0x4B52, 0x00C7, 0x19AA, 0x0886, 0x0005, 0x222D, 0x21EC, 0x2189, 0x08C6, 0x0002, 0x19A9, 0x0000,
  0x0065, 0x222E, 0x0044, 0x0001, 0x0022, 0x0022, 0x0022, 0x0022, 0x0002, 0x0002, 0x0002, 0x0002,
  0x0002, 0x0002, 0x0002, 0x0002, 0x0002, 0x0002, 0x0063, 0x0022, 0x18A4, 0x10C4, 0x0001, 0x0022,
  0x0022, 0x0022, 0x0022, 0x0023, 0x0023, 0x0044, 0x0022, 0x0002, 0x0000, 0x62C9, 0x6ACA, 0x2926,
  0x2906, 0x0843, 0x0063, 0x1884, 0x3925, 0x0063, 0x3188, 0x732C, 0x18C6, 0x10C5, 0x730D, 0x2107,
  0x08A5, 0x0884, 0x0885, 0x1927, 0x0884, 0x0044, 0x08A5, 0x10C6, 0x10C6, 0x10C6, 0x10E6, 0x08A5,
  0x08A5, 0x08A5, 0x0884, 0x0864, 0x0864, 0x0063, 0x0064, 0x0043, 0x08C6, 0x1949, 0x0064, 0x08A5,
  0x08C6, 0x08C6, 0x1107, 0x10E7, 0x1928, 0x10C7, 0x08C7, 0x196A, 0x00A4, 0x0063, 0x1107, 0x19AC,
  0x224F, 0x0108, 0x0886, 0x0909, 0x0908, 0x0042, 0x0043, 0x194A, 0x198B, 0x116A, 0x1129, 0x0949,
  0x2A90, 0x222F, 0x19CC, 0x0106, 0x0001, 0x0065, 0x19EE, 0x0025, 0x0041, 0x0000, 0x322D, 0x32D1,
  0x0066, 0x00A6, 0x0084, 0x0043, 0x198B, 0x222F, 0x1109, 0x21AB, 0x08C6, 0x0908, 0x00A7, 0x11AA,
  0xDF1C, 0x3185, 0x0000, 0x0000, 0x0000, 0x0841, 0x0841, 0x0840, 0x0000, 0x0042, 0x0023, 0x0084,
  0x0063, 0x0000, 0x2313, 0x2E9F, 0x4DFF, 0xB77F, 0x9EFE, 0x5DBD, 0x5DFE, 0x045E, 0x0C9E, 0x1D7F,
  0x25FF, 0x469F, 0x3E1F, 0x23F9, 0x0908, 0x0000, 0x0000, 0x0000, 0x0000, 0x0000, 0x0000, 0x00EB,
  0x1B36, 0x257F, 0x267F, 0x357F, 0x0000, 0x012A, 0x267F, 0x2DDF, 0x8EBD, 0x7DDC, 0xCF5D, 0x765D,
  0x3D3C, 0x253D, 0x3D7D, 0x2D5D, 0x2DFF, 0x365F, 0x314E, 0x510E, 0x33D8, 0x2252, 0x598E, 0xAB93,
  0xFF5E, 0xFFFF, 0xFFFF, 0x9416, 0x012D, 0x1A10, 0x220F, 0x098D, 0x012C, 0x094B, 0x00E7, 0x00E7,
  0x00A6, 0x00E8, 0x00E9, 0x010A, 0x00A9, 0x00E8, 0x0001, 0x0000, 0x0000, 0x0000, 0x0000, 0x0000,
  0x0000, 0x8410, 0x1903, 0x0000, 0x2189, 0x2A4D, 0x1967, 0x19C9, 0x326C, 0x3B52, 0x00A8, 0x0064,
  0x0085, 0x00C5, 0x0064, 0x0084, 0x00C8, 0x014B, 0x012B, 0x7C35, 0x00A7, 0x0087, 0x00E9, 0x012A,
  0x014B, 0x09CE, 0x0233, 0x0A95, 0x098C, 0x0043, 0x1127, 0x096B, 0x00C6, 0x0064, 0x0044, 0x00A6,
  0x00A6, 0x0064, 0x0084, 0x0063, 0x00A5, 0x00A5, 0x08C6, 0x0085, 0x0108, 0x00C8, 0x00EA, 0x00CF,
  0xB7FF, 0x1335, 0x0008, 0x2C5C, 0x2D1F, 0x027A, 0x1B9B, 0xC7FF, 0x0218, 0x0278, 0x249F, 0x8F3F,
  0xBFFF, 0x01B2, 0x0088, 0x0085, 0x0084, 0x0063, 0x0042, 0x0063, 0x0043, 0x0021, 0x0022, 0x0021,
  0x0084, 0x0044, 0x0149, 0x09EE, 0x0087, 0x09AD, 0x00AC, 0x3C9A, 0x8F9F, 0x551B, 0x2396, 0x5C77,
  0x4373, 0x226F, 0x122E, 0x09AC, 0x01AB, 0x228E, 0x3AEE, 0x0126, 0x098A, 0x014D, 0x014C, 0x010A,
  0x014B, 0x6478, 0x1A2F, 0x00CA, 0x0006, 0x2A2D, 0x9DFB, 0x7476, 0x63F4, 0x0000, 0x1128, 0x1107,
  0x0065, 0x094A, 0x116A, 0x0023, 0x0002, 0x08A4, 0x21A9, 0x0002, 0x1106, 0x1108, 0x0908, 0x0002,
  0x0022, 0x0022, 0x0022, 0x0022, 0x0002, 0x0002, 0x0002, 0x0002, 0x0002, 0x0002, 0x0002, 0x0002,
  0x0002, 0x0001, 0x18E5, 0x0043, 0x31A7, 0x2126, 0x0001, 0x0022, 0x0022, 0x0022, 0x0022, 0x0022,
  0x0023, 0x0064, 0x0022, 0x0002, 0x0000, 0x4A07, 0x62AA, 0x5228, 0x18C4, 0x0002, 0x0084, 0x1084,
  0x0883, 0x0023, 0x10A4, 0x2946, 0x0863, 0x0063, 0x938F, 0x49C9, 0x2968, 0x0084, 0x0885, 0x0064,
  0x83AE, 0x72AA, 0x0864, 0x10E6, 0x10E6, 0x10C5, 0x10C5, 0x08A5, 0x0884, 0x10A4, 0x0884, 0x0864,
  0x0884, 0x0063, 0x0063, 0x0043, 0x10C7, 0x10E7, 0x00A6, 0x08C6, 0x0885, 0x08A6, 0x1108, 0x1928,
  0x1108, 0x08A6, 0x00A6, 0x1128, 0x0063, 0x0022, 0x10C6, 0x1108, 0x00A5, 0x094A, 0x094A, 0x08E8,
  0x08C6, 0x0022, 0x0044, 0x1128, 0x08C8, 0x0086, 0x19CD, 0x1A6F, 0x2270, 0x2250, 0x08E8, 0x19AB,
  0x11AC, 0x0108, 0x11AB, 0x1107, 0x0000, 0x0000, 0x19AC, 0x3B14, 0x118C, 0x0908, 0x00C7, 0x0948,
  0x0908, 0x0929, 0x08E8, 0x2A2D, 0x1148, 0x0928, 0x0005, 0x84D6, 0xA4D2, 0x0820, 0x0000, 0x0000,
  0x0841, 0x0841, 0x0841, 0x0000, 0x0022, 0x0043, 0x0063, 0x0084, 0x0000, 0x0002, 0x3E7F, 0x25DF,
  0x2D5F, 0x6E3E, 0x3D3D, 0xBF5E, 0x249C, 0x147D, 0x557D, 0x0C5B, 0x0CBD, 0x14FE, 0x257F, 0x1E1F,
  0x261F, 0x2D3E, 0x2355, 0x00A9, 0x0000, 0x0000, 0x0000, 0x0000, 0x0000, 0x0003, 0x0929, 0x0026,
  0x0000, 0x2376, 0x26FF, 0x053F, 0x24FD, 0x559E, 0x3D3D, 0xB73E, 0xEFFF, 0x96BD, 0xB75E, 0x353D,
  0x2E1F, 0x1B77, 0x3005, 0x3BD7, 0x373F, 0x2E3F, 0x24FD, 0x3317, 0x8BF6, 0x9351, 0x724D, 0x72AF,
  0x1088, 0x0047, 0x00A7, 0x014B, 0x09EF, 0x09CE, 0x096B, 0x0908, 0x00C6, 0x00E8, 0x0129, 0x2B54,
  0x09F1, 0x0045, 0x0000, 0x0000, 0x0000, 0x0000, 0x0000, 0x0000, 0x31A6, 0x840F, 0x0000, 0x0000,
  0x322C, 0x21EB, 0x1127, 0x220A, 0x3AEF, 0x222E, 0x0025, 0x00A6, 0x00C6, 0x00C6, 0x0064, 0x00A7,
  0x096C, 0x00AA, 0x00CB, 0x63D1, 0x00E6, 0x0046, 0x00E8, 0x00E9, 0x014B, 0x09CF, 0x0255, 0x0AD5,
  0x098B, 0x0086, 0x0929, 0x094A, 0x00A5, 0x0063, 0x0064, 0x0064, 0x0928, 0x0065, 0x0085, 0x0085,
  0x00A5, 0x00C6, 0x1148, 0x0065, 0x00E8, 0x00E9, 0x002C, 0x6E1E, 0x8FBF, 0x0009, 0x0190, 0x45BF,
  0x1C5E, 0x029C, 0x7EDE, 0x8F7F, 0x0199, 0x451F, 0x0BFD, 0x1BDE, 0x01D0, 0x0007, 0x0086, 0x00A5,
  0x0043, 0x0021, 0x0000, 0x0001, 0x0022, 0x0021, 0x0022, 0x0021, 0x0063, 0x0044, 0x0108, 0x092A,
  0x0086, 0x0A0E, 0x010E, 0x3CDB, 0x7F3F, 0x5CFA, 0x32F0, 0x0907, 0x00A6, 0x00A6, 0x00A6, 0x00A6,
  0x00A6, 0x00A6, 0x00A6, 0x00A6, 0x00A6, 0x00C6, 0x0109, 0x014B, 0x012A, 0x098C, 0x00E7, 0x00A6,
  0x00A6, 0x00A6, 0x00A6, 0x00A6, 0x00A6, 0x00A6, 0x00A6, 0x00A6, 0x00A6, 0x0065, 0x00C6, 0x0085,
  0x00A6, 0x00A6, 0x00A6, 0x00A6, 0x00A6, 0x00A6, 0x00A6, 0x00A6, 0x00A6, 0x00A6, 0x00A6, 0x00A6,
  0x00A6, 0x00A6, 0x00A6, 0x00A6, 0x00A6, 0x00A6, 0x00A5, 0x0064, 0x0002, 0x0022, 0x0001, 0x0001,
  0x0000, 0x0022, 0x0064, 0x0085, 0x00A5, 0x00A5, 0x00A6, 0x00A5, 0x00A5, 0x00A5, 0x0064, 0x0042,
  0x2967, 0x18E5, 0x0023, 0x10A4, 0x2966, 0x2966, 0x10A5, 0x00A5, 0x00A6, 0x00A6, 0x00A6, 0x00A6,
  0x00A6, 0x00A6, 0x00A6, 0x00A5, 0x0885, 0x0083, 0x08A4, 0x730B, 0x31A8, 0x08E6, 0x00A6, 0x00A6,
  0x00A6, 0x00A6, 0x00A6, 0x00A6, 0x00A6, 0x00A5, 0x0084, 0x0064, 0x0063, 0x0063, 0x0064, 0x0043,
  0x08A6, 0x2148, 0x08A6, 0x00A6, 0x0085, 0x00A6, 0x00A6, 0x00A6, 0x00A6, 0x00A5, 0x08C6, 0x08A6,
  0x0021, 0x1108, 0x08A6, 0x0000, 0x0000, 0x1949, 0x0909, 0x0063, 0x08A4, 0x0065, 0x08A7, 0x08E7,
  0x0085, 0x0085, 0x0928, 0x0908, 0x08E7, 0x00C6, 0x00A6, 0x00A6, 0x00A6, 0x00A6, 0x00A5, 0x1169,
  0x0044, 0x0000, 0x0928, 0x0929, 0x19AB, 0x0949, 0x094B, 0x0929, 0x00A6, 0x00A6, 0x00A6, 0x00A6,
  0x00A6, 0x00A6, 0x00A6, 0x00A6, 0x00A6, 0x00A6, 0x00A6, 0x00A6, 0x00A6, 0x00A5, 0x00A5, 0x0085,
  0x0085, 0x0064, 0x0084, 0x0043, 0x0000, 0x11AB, 0x2D15, 0x0969, 0x00A6, 0x00A6, 0x00A6, 0x00A6,
  0x00A6, 0x00A6, 0x00A6, 0x00A6, 0x00A6, 0x00A6, 0x00A6, 0x00A6, 0x00A6, 0x00A6, 0x00A6, 0x00A6,
  0x00A6, 0x00A6, 0x00A6, 0x0043, 0x0000, 0x0000, 0x0002, 0x0024, 0x0004, 0x00A9, 0x24BE, 0x1DDF,
  0x25DF, 0x057F, 0x051F, 0x24FF, 0x65BF, 0x7E3D, 0x765D, 0x253F, 0x2DDF, 0x208B, 0x388A, 0x365F,
  0x2E3F, 0x255F, 0x051E, 0x157F, 0x259F, 0x0CBD, 0x02B3, 0x014C, 0x0028, 0x0004, 0x0066, 0x012B,
  0x09AD, 0x098C, 0x096C, 0x094B, 0x014A, 0x012B, 0x1A4E, 0x120F, 0x12D5, 0x00A5, 0x0000, 0x0000,
  0x0000, 0x0000, 0x0000, 0x0000, 0x738E, 0x39C6, 0x0000, 0x1105, 0x2A2C, 0x2189, 0x1988, 0x2A6C,
  0x3B11, 0x0109, 0x0086, 0x00C7, 0x00C7, 0x08E8, 0x0909, 0x22B1, 0x016D, 0x01AE, 0x00AB, 0xDF1C,
  0x5B91, 0x0003, 0x00C8, 0x010B, 0x016D, 0x0210, 0x0275, 0x0AD4, 0x00E8, 0x00A7, 0x00E8, 0x21EE,
  0x00A7, 0x0063, 0x0064, 0x0043, 0x00A5, 0x00E7, 0x0085, 0x00A6, 0x0085, 0x00E8, 0x00E9, 0x00A7,
  0x012B, 0x0009, 0x1274, 0xD7FF, 0x0214, 0x0009, 0x349C, 0x249F, 0x02DD, 0x0C3E, 0xCFFF, 0x34FE,
  0x0B7C, 0x5E3F, 0x0278, 0x1254, 0x0047, 0x0067, 0x0087, 0x0064, 0x118A, 0x0085, 0x00C6, 0x19EC,
  0x0000, 0x0041, 0x0022, 0x0021, 0x0064, 0x0043, 0x096A, 0x0129, 0x00C8, 0x01EE, 0x01D0, 0x3CDB,
  0x6EBF, 0x6414, 0x00A6, 0x00A6, 0x00A6, 0x00A6, 0x00A6, 0x00A6, 0x00A6, 0x00A6, 0x00A6, 0x00A6,
  0x00A6, 0x00A6, 0x00A6, 0x0109, 0x010A, 0x00A6, 0x00A6, 0x00A6, 0x00A6, 0x00A6, 0x00A6, 0x00A6,
  0x00A6, 0x00A6, 0x00A6, 0x00A6, 0x00A6, 0x00A6, 0x00A6, 0x00A6, 0x00A6, 0x00A6, 0x00A6, 0x00A6,
  0x00A6, 0x00A6, 0x00A6, 0x00A6, 0x00A6, 0x00A6, 0x00A6, 0x00A6, 0x00A6, 0x00A6, 0x00A6, 0x00A6,
  0x00A6, 0x00A6, 0x00A6, 0x00A6, 0x0063, 0x0022, 0x0022, 0x0043, 0x00A5, 0x00A6, 0x00A6, 0x00A6,
  0x00A6, 0x00A6, 0x00A6, 0x00A6, 0x00A6, 0x00A6, 0x00A6, 0x00A6, 0x00A6, 0x0085, 0x10E5, 0x08A5,
  0x0023, 0x3A09, 0x00A6, 0x00A6, 0x00A6, 0x00A6, 0x00A6, 0x00A6, 0x00A6, 0x00A6, 0x00A6, 0x00A6,
  0x00A6, 0x0084, 0x0042, 0x2105, 0x00A6, 0x00A6, 0x00A6, 0x00A6, 0x00A6, 0x00A6, 0x00A6, 0x00A6,
  0x00A6, 0x00A6, 0x00A6, 0x0084, 0x0063, 0x0063, 0x0064, 0x0063, 0x0085, 0x00A6, 0x00A6, 0x00A6,
  0x00A6, 0x00A6, 0x00A6, 0x00A6, 0x00A6, 0x00A6, 0x00A6, 0x00A6, 0x00A6, 0x00A6, 0x0065, 0x0022,
  0x0000, 0x0885, 0x196B, 0x0084, 0x08C4, 0x10E7, 0x08E6, 0x08E6, 0x00A6, 0x00A6, 0x00A6, 0x00A6,
  0x00A6, 0x00A6, 0x00A6, 0x00A6, 0x00A6, 0x00A6, 0x00A6, 0x00A6, 0x00A6, 0x0084, 0x08E7, 0x0023,
  0x00A6, 0x0928, 0x0108, 0x00A6, 0x00A6, 0x00A6, 0x00A6, 0x00A6, 0x00A6, 0x00A6, 0x00A6, 0x00A6,
  0x00A6, 0x00A6, 0x00A6, 0x00A6, 0x00A6, 0x00A6, 0x00A6, 0x00A6, 0x00A6, 0x00A6, 0x00A6, 0x00C6,
  0x0002, 0x0042, 0x00A6, 0x00A6, 0x00A6, 0x00A6, 0x00A6, 0x00A6, 0x00A6, 0x00A6, 0x00A6, 0x00A6,
  0x00A6, 0x00A6, 0x00A6, 0x00A6, 0x00A6, 0x00A6, 0x00A6, 0x00A6, 0x00A6, 0x00A6, 0x00A6, 0x00A6,
  0x11CC, 0x0025, 0x0001, 0x0067, 0x0068, 0x0004, 0x1068, 0x0848, 0x1251, 0x247B, 0x1D9F, 0x15FF,
  0x0D7F, 0x0D3E, 0x2D7D, 0x365F, 0x2BFA, 0x3005, 0x3B55, 0x265F, 0x35BE, 0xAF3E, 0x6E1D, 0x1CDC,
  0x04DE, 0x055F, 0x2E5F, 0x3E7F, 0x2D7F, 0x1B55, 0x096C, 0x014B, 0x014B, 0x010B, 0x0109, 0x0108,
  0x096A, 0x012A, 0x0109, 0x0087, 0x018C, 0x0021, 0x0000, 0x0000, 0x0000, 0x0000, 0x0000, 0x18C3,
  0x7BEF, 0x0000, 0x0000, 0x220B, 0x21EB, 0x1947, 0x21EA, 0x32EF, 0x2AAF, 0x0025, 0x0086, 0x0085,
  0x00A5, 0x0065, 0x0085, 0x0087, 0x00A8, 0x012A, 0x00CA, 0xFFFF, 0xAF1F, 0x00CB, 0x012B, 0x014C,
  0x0274, 0x02D5, 0x239A, 0x1B78, 0x0109, 0x00A6, 0x0086, 0x010A, 0x0109, 0x0085, 0x00A5, 0x0063,
  0x0064, 0x0908, 0x00A6, 0x00C6, 0x0064, 0x014A, 0x012B, 0x0087, 0x012C, 0x004D, 0xA7FF, 0x453E,
  0x000C, 0x0252, 0x4DBF, 0x0AFB, 0x02BA, 0x979F, 0xF7FF, 0x041C, 0x2CFE, 0x2CDD, 0x0132, 0x11F1,
  0x0003, 0x0085, 0x0065, 0x0043, 0x08E7, 0x0022, 0x11AA, 0x54FB, 0x0000, 0x0021, 0x0022, 0x0021,
  0x08A5, 0x0002, 0x098B, 0x0108, 0x012A, 0x016D, 0x01F1, 0x3CFC, 0x7EBF, 0x2A0B, 0x00A6, 0x00A6,
  0x00A6, 0x00A6, 0x00A6, 0x00A6, 0x00A6, 0x00A6, 0x00A6, 0x00A6, 0x00A6, 0x00A6, 0x00A6, 0x00C7,
  0x00E8, 0x00A6, 0x00A6, 0x00A6, 0x00A6, 0x00A6, 0x00A6, 0x00A6, 0x00A6, 0x00A6, 0x00A6, 0x00A6,
  0x00A6, 0x00A6, 0x00A6, 0x00A6, 0x00A6, 0x00A6, 0x00A6, 0x00A6, 0x00A6, 0x00A6, 0x00A6, 0x00A6,
  0x00A6, 0x00A6, 0x00A6, 0x00A6, 0x00A6, 0x00A6, 0x00A6, 0x00A6, 0x00A6, 0x00A6, 0x00A6, 0x00A6,
  0x0085, 0x0022, 0x0085, 0x00A6, 0x00A6, 0x00A6, 0x00A6, 0x00A6, 0x00A6, 0x00A6, 0x00A6, 0x00A6,
  0x00A6, 0x00A6, 0x00A6, 0x00A6, 0x00A6, 0x00A6, 0x00A6, 0x1906, 0x0084, 0x0084, 0x00A6, 0x00A6,
  0x00A6, 0x00A6, 0x00A6, 0x00A6, 0x00A6, 0x00A6, 0x00A6, 0x00A6, 0x00A6, 0x00A5, 0x10A4, 0x08A5,
  0x00A6, 0x00A6, 0x00A6, 0x00A6, 0x00A6, 0x00A6, 0x00A6, 0x00A6, 0x00A6, 0x00A6, 0x00A6, 0x0085,
  0x0043, 0x0023, 0x0064, 0x00A5, 0x00A6, 0x00A6, 0x00A6, 0x00A6, 0x00A6, 0x00A6, 0x00A6, 0x00A6,
  0x00A6, 0x00A6, 0x00A6, 0x00A6, 0x00A6, 0x00A6, 0x00A6, 0x0064, 0x0023, 0x094A, 0x21EE, 0x21AC,
  0x19AA, 0x0928, 0x00A6, 0x00A6, 0x00A6, 0x00A6, 0x00A6, 0x00A6, 0x00A6, 0x00A6, 0x00A6, 0x00A6,
  0x00A6, 0x00A6, 0x00A6, 0x00A6, 0x00A6, 0x00A6, 0x00A6, 0x00A5, 0x0085, 0x0928, 0x00C6, 0x00A6,
  0x00A6, 0x00A6, 0x00A6, 0x00A6, 0x00A6, 0x00A6, 0x00A6, 0x00A6, 0x00A6, 0x00A6, 0x00A6, 0x00A6,
  0x00A6, 0x00A6, 0x00A6, 0x00A6, 0x00A6, 0x00A6, 0x00A6, 0x00A6, 0x00A5, 0x0084, 0x00A6, 0x00A6,
  0x00A6, 0x00A6, 0x00A6, 0x00A6, 0x00A6, 0x00A6, 0x00A6, 0x00A6, 0x00A6, 0x00A6, 0x00A6, 0x00A6,
  0x00A6, 0x00A6, 0x00A6, 0x00A6, 0x00A6, 0x00A6, 0x00A6, 0x00A6, 0x0989, 0x461F, 0x0000, 0x0000,
  0x0003, 0x0002, 0x0003, 0x0000, 0x0000, 0x0000, 0x08AA, 0x1AF4, 0x2D1E, 0x2E1F, 0x369F, 0x3EBF,
  0x31B1, 0x48EC, 0x2DBF, 0x25DF, 0x3D7D, 0xA6BC, 0x44DA, 0xC77F, 0x4D9E, 0x04FE, 0x153E, 0x259F,
  0x1D9F, 0x25FF, 0x35FF, 0x2C9B, 0x012A, 0x096C, 0x11EE, 0x018A, 0x0109, 0x00E8, 0x0065, 0x0086,
  0x0044, 0x0000, 0x0000, 0x0000, 0x0000, 0x0000, 0x0000, 0x630C, 0x4208, 0x0000, 0x08A3, 0x2A6D,
  0x21AA, 0x1127, 0x2A4B, 0x4372, 0x096A, 0x0004, 0x0086, 0x00A5, 0x00A5, 0x0085, 0x0085, 0x00C7,
  0x0086, 0x0045, 0x0005, 0x1A0E, 0x5C57, 0x012D, 0x0253, 0x0318, 0x765F, 0xFFFF, 0x137B, 0x0235,
  0x0129, 0x0064, 0x00E7, 0x09AB, 0x0108, 0x0085, 0x00A6, 0x0063, 0x0063, 0x00A6, 0x08E8, 0x00A5,
  0x0085, 0x012A, 0x014B, 0x0087, 0x002A, 0x5D7D, 0x6F5F, 0x00AF, 0x006B, 0x451E, 0x245E, 0x01F9,
  0x0C3D, 0xFFFF, 0xDFFF, 0x03FD, 0x3D9F, 0x01F5, 0x0A77, 0x09F1, 0x0004, 0x0064, 0x00A5, 0x0084,
  0x0001, 0x0000, 0x0000, 0x0002, 0x0022, 0x0021, 0x0021, 0x0021, 0x0043, 0x0001, 0x118B, 0x0108,
  0x014A, 0x014C, 0x014E, 0x34FC, 0x55BE, 0x1148, 0x00A6, 0x00A6, 0x6DBC, 0x7E7F, 0x7E7F, 0x7E7F,
  0x7E7F, 0x7E7F, 0x7E7F, 0x7E7F, 0x763E, 0x00C6, 0x00A6, 0x00A6, 0x00A6, 0x00A6, 0x00A6, 0x43D4,
  0x7E7F, 0x7E7F, 0x7E7F, 0x7E7F, 0x7E7F, 0x7E7F, 0x7E7F, 0x7E7F, 0x224D, 0x00A6, 0x00A6, 0x00A6,
  0x655B, 0x7E7F, 0x7E7F, 0x7E7F, 0x7E7F, 0x7E7F, 0x7E7F, 0x7E7F, 0x7E7F, 0x7E7F, 0x7E7F, 0x7E7F,
  0x7E7F, 0x7E7F, 0x7E7F, 0x7E7F, 0x7E7F, 0x765F, 0x00A6, 0x00A6, 0x00A5, 0x0085, 0x00A6, 0x00A6,
  0x00A6, 0x0928, 0x3331, 0x54B7, 0x659B, 0x761E, 0x765F, 0x765F, 0x6DFD, 0x655A, 0x4C35, 0x224D,
  0x00C6, 0x00A6, 0x00A6, 0x00A6, 0x08A5, 0x00A5, 0x00A6, 0x00A6, 0x5D19, 0x7E7F, 0x7E7F, 0x7E7F,
  0x7E7F, 0x7E7F, 0x6DBC, 0x00A6, 0x00A6, 0x00A6, 0x20E5, 0x00A5, 0x00A6, 0x00A6, 0x6DDD, 0x7E7F,
  0x7E7F, 0x7E7F, 0x7E7F, 0x7E7F, 0x5D3A, 0x00A6, 0x00A6, 0x00A5, 0x0063, 0x0085, 0x00A6, 0x00A6,
  0x00A6, 0x00A6, 0x19CB, 0x3B92, 0x5CF9, 0x6DBC, 0x761E, 0x765F, 0x761E, 0x659B, 0x5477, 0x32CF,
  0x0907, 0x00A6, 0x00A6, 0x00A6, 0x08E7, 0x118B, 0x220E, 0x19CC, 0x00C7, 0x00A6, 0x00A6, 0x00A6,
  0x00A6, 0x1169, 0x3B51, 0x54B8, 0x659C, 0x761E, 0x765F, 0x6DFE, 0x659C, 0x54B8, 0x3B51, 0x1189,
  0x00A6, 0x00A6, 0x00A6, 0x00A6, 0x00A5, 0x0064, 0x00A5, 0x00A6, 0x00A6, 0x5CD8, 0x7E7F, 0x7E7F,
  0x7E7F, 0x7E7F, 0x7E7F, 0x7E7F, 0x7E7F, 0x7E7F, 0x7E7F, 0x7E7F, 0x7E7F, 0x765F, 0x6DFD, 0x655A,
  0x4C35, 0x1A0C, 0x00A6, 0x00A6, 0x00A6, 0x00A5, 0x00A6, 0x00A6, 0x655B, 0x7E7F, 0x7E7F, 0x7E7F,
  0x7E7F, 0x7E7F, 0x7E7F, 0x7E7F, 0x7E7F, 0x7E7F, 0x7E7F, 0x7E7F, 0x7E7F, 0x7E7F, 0x7E7F, 0x7E7F,
  0x7E7F, 0x765F, 0x00A6, 0x00A6, 0x00C6, 0x3D7F, 0x0000, 0x00E8, 0x3DFF, 0x2499, 0x098C, 0x0001,
  0x0000, 0x0000, 0x58C9, 0x58EC, 0x396F, 0x11D0, 0x1B56, 0x1A52, 0x71EF, 0x549B, 0x2EBF, 0x259F,
  0x665E, 0x96DD, 0x659C, 0xBEDD, 0xDF9E, 0x6DBD, 0x5DFE, 0x253D, 0x353D, 0x0CDE, 0x1DDF, 0x3E7F,
  0x014C, 0x090B, 0x096D, 0x014B, 0x094A, 0x0086, 0x0064, 0x0085, 0x0021, 0x0000, 0x0000, 0x0000,
  0x0000, 0x0000, 0x0020, 0x736E, 0x0820, 0x0000, 0x220A, 0x2A4C, 0x1968, 0x2188, 0x32CD, 0x3331,
  0x0046, 0x0065, 0x0086, 0x0085, 0x00A6, 0x0065, 0x00A6, 0x00C6, 0x0086, 0x0065, 0x0024, 0x00E7,
  0x6B71, 0x00C8, 0x00CB, 0x0190, 0x761E, 0xF7FF, 0x02F7, 0x2C5C, 0x09AD, 0x0045, 0x014A, 0x120F,
  0x00A8, 0x0084, 0x00A5, 0x0064, 0x00A4, 0x0064, 0x08E7, 0x0084, 0x0086, 0x094B, 0x014B, 0x0007,
  0x1315, 0x7FFF, 0x0213, 0x0008, 0x0253, 0x3D5F, 0x139C, 0x021A, 0x5E7F, 0xEFFF, 0x1C5D, 0x0B9E,
  0x1C5D, 0x00EE, 0x2318, 0x00EB, 0x0044, 0x00A5, 0x0064, 0x0064, 0x0023, 0x0022, 0x0021, 0x0042,
  0x0022, 0x0021, 0x0021, 0x0021, 0x0001, 0x0064, 0x114C, 0x00C7, 0x0149, 0x016B, 0x00EB, 0x453C,
  0x6E1F, 0x1968, 0x00A6, 0x00A6, 0x6DBC, 0x7E7F, 0x7E7F, 0x7E7F, 0x7E7F, 0x7E7F, 0x7E7F, 0x7E7F,
  0x7E7F, 0x1A0B, 0x00A6, 0x00A6, 0x00A6, 0x00A6, 0x00A6, 0x655A, 0x7E7F, 0x7E7F, 0x7E7F, 0x7E7F,
  0x7E7F, 0x7E7F, 0x7E7F, 0x7E7F, 0x224D, 0x00A6, 0x00A6, 0x00A6, 0x655B, 0x7E7F, 0x7E7F, 0x7E7F,
  0x7E7F, 0x7E7F, 0x7E7F, 0x7E7F, 0x7E7F, 0x7E7F, 0x7E7F, 0x7E7F, 0x7E7F, 0x7E7F, 0x7E7F, 0x7E7F,
  0x7E7F, 0x765F, 0x00A6, 0x00A6, 0x00A6, 0x00A6, 0x00A6, 0x00C6, 0x3B52, 0x763E, 0x7E7F, 0x7E7F,
  0x7E7F, 0x7E7F, 0x7E7F, 0x7E7F, 0x7E7F, 0x7E7F, 0x7E7F, 0x7E7F, 0x657B, 0x19EB, 0x00A6, 0x00A6,
  0x00A6, 0x00A6, 0x00A6, 0x00A6, 0x5D19, 0x7E7F, 0x7E7F, 0x7E7F, 0x7E7F, 0x7E7F, 0x6DBC, 0x00A6,
  0x00A6, 0x00A5, 0x10A4, 0x00A5, 0x00A6, 0x00A6, 0x6DDD, 0x7E7F, 0x7E7F, 0x7E7F, 0x7E7F, 0x7E7F,
  0x5D3A, 0x00A6, 0x00A6, 0x00A5, 0x0084, 0x00A6, 0x00A6, 0x00A6, 0x19AA, 0x5CD8, 0x7E7F, 0x7E7F,
  0x7E7F, 0x7E7F, 0x7E7F, 0x7E7F, 0x7E7F, 0x7E7F, 0x7E7F, 0x7E7F, 0x761E, 0x3310, 0x00A6, 0x00A6,
  0x00A6, 0x0907, 0x196A, 0x1149, 0x00A6, 0x00A6, 0x00A6, 0x1169, 0x5477, 0x765F, 0x7E7F, 0x7E7F,
  0x7E7F, 0x7E7F, 0x7E7F, 0x7E7F, 0x7E7F, 0x7E7F, 0x7E7F, 0x767F, 0x5497, 0x1169, 0x00A6, 0x00A6,
  0x00A6, 0x0044, 0x0085, 0x00A6, 0x00A6, 0x5CD8, 0x7E7F, 0x7E7F, 0x7E7F, 0x7E7F, 0x7E7F, 0x7E7F,
  0x7E7F, 0x7E7F, 0x7E7F, 0x7E7F, 0x7E7F, 0x7E7F, 0x7E7F, 0x7E7F, 0x7E7F, 0x7E7F, 0x5477, 0x00C6,
  0x00A6, 0x00A6, 0x00A6, 0x00A6, 0x655B, 0x7E7F, 0x7E7F, 0x7E7F, 0x7E7F, 0x7E7F, 0x7E7F, 0x7E7F,
  0x7E7F, 0x7E7F, 0x7E7F, 0x7E7F, 0x7E7F, 0x7E7F, 0x7E7F, 0x7E7F, 0x7E7F, 0x765F, 0x00A6, 0x00A6,
  0x00C6, 0x114B, 0x0000, 0x3E7F, 0x375F, 0x2EDF, 0x2EFF, 0x2D5E, 0x12D2, 0x0047, 0x28EA, 0x514D,
  0x408B, 0x1009, 0x0007, 0x0006, 0x38CA, 0x2314, 0x365F, 0x35FF, 0x2DBF, 0x255E, 0x355E, 0x4D7C,
  0x965C, 0xF7FE, 0xDFBF, 0x965D, 0x96BE, 0x049E, 0x2E3F, 0x1BD9, 0x0006, 0x092B, 0x012B, 0x012A,
  0x096B, 0x00C7, 0x0085, 0x08A5, 0x0800, 0x0000, 0x0000, 0x0000, 0x0000, 0x0000, 0x4228, 0x4A6A,
  0x0000, 0x0020, 0x328E, 0x220B, 0x1126, 0x2A0A, 0x42EF, 0x11CC, 0x0024, 0x00A6, 0x0066, 0x00A6,
  0x08C7, 0x00A7, 0x1128, 0x0065, 0x00A6, 0x0085, 0x0065, 0x0005, 0x8433, 0x63B3, 0x008A, 0x012C,
  0x2AD3, 0x4354, 0x01B0, 0x0294, 0x014B, 0x010A, 0x4CBA, 0x2355, 0x096C, 0x0085, 0x0064, 0x0044,
  0x0085, 0x0063, 0x0085, 0x0085, 0x0067, 0x098E, 0x006A, 0x014F, 0x773F, 0x0338, 0x0049, 0x00CB,
  0x3CDE, 0x147E, 0x0279, 0x037C, 0xC7FF, 0x453E, 0x01BA, 0x2C9F, 0x01D4, 0x01B1, 0x1A93, 0x0067,
  0x0085, 0x00A6, 0x0043, 0x0043, 0x0042, 0x0041, 0x0042, 0x0042, 0x0022, 0x0021, 0x0021, 0x0001,
  0x0002, 0x00A9, 0x096C, 0x0045, 0x00E9, 0x01CE, 0x0230, 0x663F, 0xA73F, 0x1148, 0x00A6, 0x00A6,
  0x6DBC, 0x7E7F, 0x7E7F, 0x7E7F, 0x7E7F, 0x7E7F, 0x7E7F, 0x7E7F, 0x7E7F, 0x3B72, 0x00A6, 0x00A6,
  0x00A6, 0x00A6, 0x08E7, 0x765F, 0x7E7F, 0x7E7F, 0x7E7F, 0x7E7F, 0x7E7F, 0x7E7F, 0x7E7F, 0x7E7F,
  0x224D, 0x00A6, 0x00A6, 0x00A6, 0x655B, 0x7E7F, 0x7E7F, 0x7E7F, 0x7E7F, 0x7E7F, 0x7E7F, 0x7E7F,
  0x7E7F, 0x7E7F, 0x7E7F, 0x7E7F, 0x7E7F, 0x7E7F, 0x7E7F, 0x7E7F, 0x7E7F, 0x765F, 0x00A6, 0x00A6,
  0x00A6, 0x00A6, 0x00A6, 0x4C35, 0x7E7F, 0x7E7F, 0x7E7F, 0x7E7F, 0x7E7F, 0x7E7F, 0x7E7F, 0x7E7F,
  0x7E7F, 0x7E7F, 0x7E7F, 0x7E7F, 0x7E7F, 0x763E, 0x19EB, 0x00A6, 0x00A6, 0x00A6, 0x00A6, 0x00A6,
  0x5D19, 0x7E7F, 0x7E7F, 0x7E7F, 0x7E7F, 0x7E7F, 0x6DBC, 0x00A6, 0x00A6, 0x00A5, 0x08A5, 0x00A6,
  0x00A6, 0x00A6, 0x6DDD, 0x7E7F, 0x7E7F, 0x7E7F, 0x7E7F, 0x7E7F, 0x5D3A, 0x00A6, 0x00A6, 0x00A5,
  0x00A6, 0x00A6, 0x00A6, 0x2AAF, 0x763F, 0x7E7F, 0x7E7F, 0x7E7F, 0x7E7F, 0x7E7F, 0x7E7F, 0x7E7F,
  0x7E7F, 0x7E7F, 0x7E7F, 0x7E7F, 0x7E7F, 0x7E7F, 0x4C35, 0x00A6, 0x00A6, 0x00A6, 0x00A6, 0x00A6,
  0x00A6, 0x00A6, 0x224D, 0x761E, 0x7E7F, 0x7E7F, 0x7E7F, 0x7E7F, 0x7E7F, 0x7E7F, 0x7E7F, 0x7E7F,
  0x7E7F, 0x7E7F, 0x7E7F, 0x7E7F, 0x7E7F, 0x761E, 0x226D, 0x00A6, 0x00A6, 0x00A6, 0x00A5, 0x00A6,
  0x00A6, 0x5CD8, 0x7E7F, 0x7E7F, 0x7E7F, 0x7E7F, 0x7E7F, 0x7E7F, 0x7E7F, 0x7E7F, 0x7E7F, 0x7E7F,
  0x7E7F, 0x7E7F, 0x7E7F, 0x7E7F, 0x7E7F, 0x7E7F, 0x7E7F, 0x4C35, 0x00A6, 0x00A6, 0x00A6, 0x00A6,
  0x655B, 0x7E7F, 0x7E7F, 0x7E7F, 0x7E7F, 0x7E7F, 0x7E7F, 0x7E7F, 0x7E7F, 0x7E7F, 0x7E7F, 0x7E7F,
  0x7E7F, 0x7E7F, 0x7E7F, 0x7E7F, 0x7E7F, 0x765F, 0x00A6, 0x00A6, 0x00C6, 0x0000, 0x118B, 0x477F,
  0x25BF, 0x257E, 0x1D7F, 0x0D7F, 0x15FF, 0x265F, 0x251C, 0x1396, 0x016D, 0x0006, 0x0003, 0x0006,
  0x1008, 0x1028, 0x29CF, 0x3C18, 0x457D, 0x25DF, 0x157F, 0x0D3F, 0x1CFD, 0x767F, 0x5DFC, 0x96FC,
  0x2CFB, 0x155F, 0x363F, 0x012C, 0x0005, 0x094B, 0x0129, 0x0149, 0x096B, 0x0086, 0x00C7, 0x0063,
  0x0000, 0x0000, 0x0000, 0x0000, 0x0000, 0x0000, 0x7BEF, 0x18C3, 0x0000, 0x21A8, 0x328E, 0x21A9,
  0x1988, 0x2A6B, 0x3B10, 0x0046, 0x0066, 0x00C7, 0x00A6, 0x00A6, 0x0085, 0x00A6, 0x00A6, 0x00A6,
  0x00A6, 0x0086, 0x0065, 0x0005, 0x6391, 0x7474, 0x00A9, 0x00EB, 0x21CD, 0x29ED, 0x018E, 0x016E,
  0x0002, 0x0024, 0x6DFD, 0x33D6, 0x09CE, 0x00C6, 0x00C7, 0x00C7, 0x00A7, 0x0084, 0x0023, 0x010B,
  0x00EC, 0x0172, 0x00D0, 0x86FF, 0x1C7B, 0x00AC, 0x0048, 0x1255, 0x2CDF, 0x033A, 0x0198, 0x7F3F,
  0xA7FF, 0x01D8, 0x02B9, 0x1BDD, 0x0192, 0x0A33, 0x010B, 0x0045, 0x0085, 0x0086, 0x0043, 0x08C6,
  0x08C6, 0x0001, 0x0042, 0x0022, 0x0022, 0x0021, 0x0021, 0x0001, 0x012B, 0x1315, 0x0211, 0x0149,
  0x0A4E, 0x0A71, 0x014E, 0x555D, 0x869F, 0x0908, 0x00A6, 0x00A6, 0x6DBC, 0x7E7F, 0x7E7F, 0x7E7F,
  0x7E7F, 0x7E7F, 0x7E7F, 0x7E7F, 0x7E7F, 0x5CD8, 0x00A6, 0x00A6, 0x00A6, 0x00A6, 0x224D, 0x7E7F,
  0x7E7F, 0x7E7F, 0x7E7F, 0x7E7F, 0x7E7F, 0x7E7F, 0x7E7F, 0x7E7F, 0x224D, 0x00A6, 0x00A6, 0x00A6,
  0x655B, 0x7E7F, 0x7E7F, 0x7E7F, 0x7E7F, 0x7E7F, 0x7E7F, 0x7E7F, 0x7E7F, 0x7E7F, 0x7E7F, 0x7E7F,
  0x7E7F, 0x7E7F, 0x7E7F, 0x7E7F, 0x7E7F, 0x765F, 0x00A6, 0x00A6, 0x00A6, 0x00A6, 0x32EF, 0x7E7F,
  0x7E7F, 0x7E7F, 0x7E7F, 0x7E7F, 0x7E7F, 0x7E7F, 0x7E7F, 0x7E7F, 0x7E7F, 0x7E7F, 0x7E7F, 0x7E7F,
  0x7E7F, 0x7E7F, 0x659B, 0x00C6, 0x00A6, 0x00A6, 0x00A6, 0x00A6, 0x5D19, 0x7E7F, 0x7E7F, 0x7E7F,
  0x7E7F, 0x7E7F, 0x6DBC, 0x00A6, 0x00A6, 0x00A5, 0x08A5, 0x00A5, 0x00A6, 0x00A6, 0x6DDD, 0x7E7F,
  0x7E7F, 0x7E7F, 0x7E7F, 0x7E7F, 0x5D3A, 0x00A6, 0x00A6, 0x00A5, 0x00A6, 0x00A6, 0x224D, 0x767F,
  0x7E7F, 0x7E7F, 0x7E7F, 0x7E7F, 0x7E7F, 0x7E7F, 0x7E7F, 0x7E7F, 0x7E7F, 0x7E7F, 0x7E7F, 0x7E7F,
  0x7E7F, 0x7E7F, 0x7E7F, 0x3B72, 0x00A6, 0x00A6, 0x00A6, 0x00A6, 0x00A6, 0x19EB, 0x765F, 0x7E7F,
  0x7E7F, 0x7E7F, 0x7E7F, 0x7E7F, 0x7E7F, 0x7E7F, 0x7E7F, 0x7E7F, 0x7E7F, 0x7E7F, 0x7E7F, 0x7E7F,
  0x7E7F, 0x7E7F, 0x765F, 0x220C, 0x00A6, 0x00A6, 0x00A6, 0x00A6, 0x00A6, 0x5CD8, 0x7E7F, 0x7E7F,
  0x7E7F, 0x7E7F, 0x7E7F, 0x7E7F, 0x7E7F, 0x7E7F, 0x7E7F, 0x7E7F, 0x7E7F, 0x7E7F, 0x7E7F, 0x7E7F,
  0x7E7F, 0x7E7F, 0x7E7F, 0x767F, 0x1189, 0x00A6, 0x00A6, 0x00A6, 0x655B, 0x7E7F, 0x7E7F, 0x7E7F,
  0x7E7F, 0x7E7F, 0x7E7F, 0x7E7F, 0x7E7F, 0x7E7F, 0x7E7F, 0x7E7F, 0x7E7F, 0x7E7F, 0x7E7F, 0x7E7F,
  0x7E7F, 0x765F, 0x00A6, 0x00A6, 0x00A6, 0x0000, 0x351C, 0x2E7F, 0x769F, 0x55DE, 0x1CFF, 0x8E9E,
  0x4DDE, 0x0D5F, 0x2DDF, 0x367F, 0x36BF, 0x2D3D, 0x0291, 0x00EA, 0x0007, 0x0005, 0x5231, 0xACDA,
  0x84F8, 0x3395, 0x02F4, 0x1CDA, 0x2DBF, 0x1D7F, 0x04DF, 0x253E, 0x1D1E, 0x25FF, 0x243C, 0x0004,
  0x08E9, 0x094B, 0x00E8, 0x11AC, 0x0109, 0x00A5, 0x0085, 0x0040, 0x0000, 0x0000, 0x0000, 0x0000,
  0x0000, 0x39E7, 0x632C, 0x0000, 0x0000, 0x326D, 0x2A0C, 0x1147, 0x2A0A, 0x3B0F, 0x224D, 0x0003,
  0x0086, 0x00A7, 0x0085, 0x0085, 0x0085, 0x0085, 0x0085, 0x0086, 0x0085, 0x0064, 0x0024, 0x0025,
  0x21CB, 0x5BB2, 0x0088, 0x00EA, 0x116C, 0x198C, 0x016D, 0x018D, 0x0002, 0x0044, 0x00EA, 0x0045,
  0x08E8, 0x0084, 0x0084, 0x00C7, 0x00E8, 0x00A6, 0x0086, 0x00CB, 0x2B77, 0x241D, 0x7EFF, 0x5E5F,
  0x006F, 0x00EE, 0x01D4, 0x1C5E, 0x353F, 0x0239, 0x147D, 0xCFFF, 0x0C3C, 0x01B6, 0x1BDD, 0x0235,
  0x01D3, 0x09F1, 0x0065, 0x0063, 0x00A6, 0x00A6, 0x0043, 0x00A4, 0x00A5, 0x0002, 0x0042, 0x0021,
  0x0021, 0x0021, 0x0001, 0x0001, 0x014B, 0xFFFF, 0x667F, 0x016D, 0x016B, 0x00EA, 0x0069, 0x4D1D,
  0x6E1F, 0x0907, 0x00A6, 0x00A6, 0x6DBC, 0x7E7F, 0x7E7F, 0x7E7F, 0x7E7F, 0x7E7F, 0x7E7F, 0x7E7F,
  0x7E7F, 0x763E, 0x00C6, 0x00A6, 0x00A6, 0x00A6, 0x43D3, 0x7E7F, 0x7E7F, 0x7E7F, 0x7E7F, 0x7E7F,
  0x7E7F, 0x7E7F, 0x7E7F, 0x7E7F, 0x224D, 0x00A6, 0x00A6, 0x00A6, 0x655B, 0x7E7F, 0x7E7F, 0x7E7F,
  0x7E7F, 0x7E7F, 0x7E7F, 0x7E7F, 0x7E7F, 0x7E7F, 0x7E7F, 0x7E7F, 0x7E7F, 0x7E7F, 0x7E7F, 0x7E7F,
  0x7E7F, 0x765F, 0x00A6, 0x00A6, 0x00A6, 0x00A6, 0x659B, 0x7E7F, 0x7E7F, 0x7E7F, 0x7E7F, 0x7E7F,
  0x4C36, 0x1149, 0x08E7, 0x19EB, 0x5D19, 0x7E7F, 0x7E7F, 0x7E7F, 0x7E7F, 0x7E7F, 0x7E7F, 0x226D,
  0x00A6, 0x00A6, 0x00A6, 0x00A6, 0x5D19, 0x7E7F, 0x7E7F, 0x7E7F, 0x7E7F, 0x7E7F, 0x6DBC, 0x00A6,
  0x00A6, 0x00A5, 0x0885, 0x00A5, 0x00A6, 0x00A6, 0x6DDD, 0x7E7F, 0x7E7F, 0x7E7F, 0x7E7F, 0x7E7F,
  0x5D3A, 0x00A6, 0x00A6, 0x00A6, 0x00A6, 0x0907, 0x761E, 0x7E7F, 0x7E7F, 0x7E7F, 0x7E7F, 0x7E7F,
  0x7E7F, 0x7E7F, 0x7E7F, 0x7E7F, 0x7E7F, 0x7E7F, 0x7E7F, 0x7E7F, 0x7E7F, 0x7E7F, 0x7E7F, 0x765F,
  0x1189, 0x00A6, 0x00A6, 0x00A6, 0x0907, 0x6DDD, 0x7E7F, 0x7E7F, 0x7E7F, 0x7E7F, 0x7E7F, 0x7E7F,
  0x7E7F, 0x7E7F, 0x7E7F, 0x7E7F, 0x7E7F, 0x7E7F, 0x7E7F, 0x7E7F, 0x7E7F, 0x7E7F, 0x7E7F, 0x6DFD,
  0x0907, 0x00A6, 0x00A6, 0x00A6, 0x00A6, 0x5CD8, 0x7E7F, 0x7E7F, 0x7E7F, 0x7E7F, 0x7E7F, 0x7E7F,
  0x7E7F, 0x7E7F, 0x7E7F, 0x7E7F, 0x7E7F, 0x7E7F, 0x7E7F, 0x7E7F, 0x7E7F, 0x7E7F, 0x7E7F, 0x7E7F,
  0x3B72, 0x00A6, 0x00A6, 0x00A6, 0x655B, 0x7E7F, 0x7E7F, 0x7E7F, 0x7E7F, 0x7E7F, 0x7E7F, 0x7E7F,
  0x7E7F, 0x7E7F, 0x7E7F, 0x7E7F, 0x7E7F, 0x7E7F, 0x7E7F, 0x7E7F, 0x7E7F, 0x765F, 0x00A6, 0x00A6,
  0x00A5, 0x00E7, 0x369F, 0x257F, 0x3D9D, 0x2D3E, 0x3D5F, 0xBF1D, 0x761E, 0x353E, 0x1CDD, 0x14DE,
  0x0D3E, 0x159F, 0x1E1F, 0x25BF, 0x2CDB, 0x12B2, 0x010C, 0x5334, 0x7C58, 0x6C16, 0x222F, 0x01CE,
  0x0AD4, 0x13D8, 0x1CFD, 0x1D9F, 0x1E1F, 0x3EBF, 0x09AF, 0x0004, 0x116A, 0x092A, 0x0109, 0x094B,
  0x0086, 0x00A6, 0x0063, 0x0000, 0x0020, 0x0000, 0x0000, 0x0000, 0x0000, 0x73AE, 0x3165, 0x0000,
  0x1146, 0x2A6D, 0x21AA, 0x1948, 0x328C, 0x3B70, 0x00E7, 0x0004, 0x00A6, 0x00A6, 0x0084, 0x0084,
  0x0084, 0x0085, 0x0085, 0x0085, 0x0064, 0x0084, 0x0064, 0x19AA, 0x0149, 0x19AC, 0x00EA, 0x0129,
  0x118B, 0x090A, 0x01AE, 0x018C, 0x0042, 0x0084, 0x0129, 0x0085, 0x00E8, 0x0065, 0x0087, 0x11AC,
  0x00A6, 0x0086, 0x012A, 0x01F3, 0xA7DF, 0xFFFF, 0x771F, 0x00CE, 0x004C, 0x0A77, 0x559F, 0x66FF,
  0x0CBE, 0x0CFE, 0xD7FF, 0x671F, 0x029A, 0x02DA, 0x0298, 0x0190, 0x09D1, 0x014C, 0x0064, 0x0084,
  0x00A6, 0x0085, 0x0064, 0x0043, 0x0022, 0x0021, 0x0042, 0x0001, 0x0021, 0x0021, 0x0001, 0x0001,
  0x0047, 0x7EBF, 0x2418, 0x01EE, 0x00A8, 0x00A9, 0x0088, 0x3479, 0x4D3C, 0x1148, 0x00A6, 0x00A6,
  0x6DBC, 0x7E7F, 0x7E7F, 0x7E7F, 0x7E7F, 0x765F, 0x7E7F, 0x7E7F, 0x7E7F, 0x7E7F, 0x19EB, 0x00A6,
  0x00A6, 0x00A6, 0x5D3A, 0x7E7F, 0x7E7F, 0x7E7F, 0x765F, 0x7E7F, 0x7E7F, 0x7E7F, 0x7E7F, 0x7E7F,
  0x224D, 0x00A6, 0x00A6, 0x00A6, 0x655B, 0x7E7F, 0x7E7F, 0x7E7F, 0x7E7F, 0x7E7F, 0x657B, 0x00A6,
  0x00A6, 0x00A6, 0x00A6, 0x00A6, 0x00A6, 0x00A6, 0x00A6, 0x00A6, 0x00A6, 0x00A6, 0x00A6, 0x00A6,
  0x00A6, 0x08E7, 0x7E7F, 0x7E7F, 0x7E7F, 0x7E7F, 0x7E7F, 0x7E7F, 0x08E7, 0x00A6, 0x00A6, 0x00A6,
  0x0907, 0x6DDD, 0x7E7F, 0x7E7F, 0x7E7F, 0x7E7F, 0x7E7F, 0x4C15, 0x00A6, 0x00A6, 0x00A6, 0x00A6,
  0x5D19, 0x7E7F, 0x7E7F, 0x7E7F, 0x7E7F, 0x7E7F, 0x6DBC, 0x00A6, 0x00A6, 0x00A6, 0x00A6, 0x00A6,
  0x00A6, 0x00A6, 0x6DDD, 0x7E7F, 0x7E7F, 0x7E7F, 0x7E7F, 0x7E7F, 0x5D3A, 0x00A6, 0x00A6, 0x00A6,
  0x00A6, 0x3B93, 0x7E7F, 0x7E7F, 0x7E7F, 0x7E7F, 0x7E7F, 0x7E7F, 0x763E, 0x3B52, 0x1169, 0x00C6,
  0x118A, 0x4C15, 0x7E7F, 0x7E7F, 0x7E7F, 0x7E7F, 0x7E7F, 0x7E7F, 0x4C56, 0x00A6, 0x00A6, 0x00A6,
  0x3B72, 0x7E7F, 0x7E7F, 0x7E7F, 0x7E7F, 0x7E7F, 0x7E7F, 0x763E, 0x3B51, 0x1149, 0x00C6, 0x1169,
  0x3B52, 0x763E, 0x7E7F, 0x7E7F, 0x7E7F, 0x7E7F, 0x7E7F, 0x7E7F, 0x3B93, 0x00A6, 0x00A6, 0x00A6,
  0x00A6, 0x5CD8, 0x7E7F, 0x7E7F, 0x7E7F, 0x7E7F, 0x7E7F, 0x763E, 0x00A6, 0x00A6, 0x00A6, 0x00C6,
  0x1169, 0x43F4, 0x7E7F, 0x7E7F, 0x7E7F, 0x7E7F, 0x7E7F, 0x7E7F, 0x4C35, 0x00A6, 0x00A6, 0x00A6,
  0x655B, 0x7E7F, 0x7E7F, 0x7E7F, 0x7E7F, 0x7E7F, 0x657B, 0x00A6, 0x00A6, 0x00A6, 0x00A6, 0x00A6,
  0x00A6, 0x00A6, 0x00A6, 0x00A6, 0x00A6, 0x00A6, 0x00A6, 0x00A6, 0x0085, 0x3D5E, 0x36DF, 0x255F,
  0x251E, 0x251F, 0x6E3D, 0x9EBD, 0xDFDF, 0xF7FF, 0x8E9D, 0x867F, 0x2CFD, 0x353E, 0x049E, 0x1D7F,
  0x3E3F, 0x469F, 0x3DDF, 0x1C59, 0x0AF4, 0x018E, 0x00CA, 0x2230, 0x2AF4, 0x3B15, 0x1A51, 0x0231,
  0x245B, 0x1337, 0x0066, 0x08E7, 0x0909, 0x0109, 0x118D, 0x00A7, 0x0065, 0x0085, 0x0041, 0x0000,
  0x0000, 0x0000, 0x0000, 0x0000, 0x2124, 0x73AE, 0x0000, 0x0000, 0x2A4C, 0x1A0C, 0x1126, 0x21CA,
  0x3AF0, 0x32F0, 0x0004, 0x08E6, 0x1107, 0x0064, 0x0043, 0x0085, 0x0085, 0x0084, 0x0085, 0x0064,
  0x0085, 0x2168, 0x1107, 0x198B, 0x0109, 0x19CC, 0x0109, 0x0107, 0x116A, 0x096C, 0x01CF, 0x014B,
  0x0042, 0x00A6, 0x00E7, 0x0085, 0x00E7, 0x0087, 0x0129, 0x096A, 0x0085, 0x0065, 0x0048, 0x00F2,
  0x8F5F, 0xBFFF, 0x01B3, 0x0008, 0x0190, 0x0257, 0x6E9F, 0x97FF, 0x675F, 0xFFFF, 0xFFFF, 0x4EBF,
  0x035C, 0x031B, 0x0AF9, 0x01CF, 0x096E, 0x0086, 0x0064, 0x00C6, 0x00A6, 0x0065, 0x0064, 0x0023,
  0x0086, 0x0001, 0x0000, 0x0001, 0x0021, 0x0021, 0x0001, 0x0001, 0x0087, 0x01F0, 0x010B, 0x014B,
  0x22B1, 0x00EA, 0x0006, 0x2C17, 0x3CFB, 0x1948, 0x00A6, 0x00A6, 0x6DBC, 0x7E7F, 0x7E7F, 0x7E7F,
  0x7E7F, 0x5D3A, 0x7E7F, 0x7E7F, 0x7E7F, 0x7E7F, 0x3B52, 0x00A6, 0x00A6, 0x08E7, 0x765F, 0x7E7F,
  0x7E7F, 0x7E7F, 0x5D3A, 0x7E7F, 0x7E7F, 0x7E7F, 0x7E7F, 0x7E7F, 0x224D, 0x00A6, 0x00A6, 0x00A6,
  0x655B, 0x7E7F, 0x7E7F, 0x7E7F, 0x7E7F, 0x7E7F, 0x657B, 0x00A6, 0x00A6, 0x00A6, 0x00A6, 0x00A6,
  0x00A6, 0x00A6, 0x00A6, 0x00A6, 0x00A6, 0x00A6, 0x00A6, 0x00A6, 0x00A6, 0x1169, 0x7E7F, 0x7E7F,
  0x7E7F, 0x7E7F, 0x7E7F, 0x7E7F, 0x3B72, 0x00C6, 0x00A6, 0x00A6, 0x00A6, 0x43F4, 0x763E, 0x6DDC,
  0x657B, 0x5D19, 0x54B8, 0x3B72, 0x00A6, 0x00A6, 0x00A6, 0x00A6, 0x5D19, 0x7E7F, 0x7E7F, 0x7E7F,
  0x7E7F, 0x7E7F, 0x6DBC, 0x00A6, 0x00A6, 0x00A6, 0x00A6, 0x00A6, 0x00A6, 0x00A6, 0x6DDD, 0x7E7F,
  0x7E7F, 0x7E7F, 0x7E7F, 0x7E7F, 0x5D3A, 0x00A6, 0x00A6, 0x00A6, 0x00A6, 0x6DFD, 0x7E7F, 0x7E7F,
  0x7E7F, 0x7E7F, 0x7E7F, 0x765F, 0x220C, 0x00A6, 0x00A6, 0x00A6, 0x00A6, 0x00A6, 0x3B92, 0x7E7F,
  0x7E7F, 0x7E7F, 0x7E7F, 0x7E7F, 0x655A, 0x00C6, 0x00A6, 0x00A6, 0x6DFD, 0x7E7F, 0x7E7F, 0x7E7F,
  0x7E7F, 0x7E7F, 0x765F, 0x19EB, 0x00A6, 0x00A6, 0x00A6, 0x00A6, 0x00A6, 0x19EB, 0x765F, 0x7E7F,
  0x7E7F, 0x7E7F, 0x7E7F, 0x7E7F, 0x6DFD, 0x00A6, 0x00A6, 0x00A6, 0x00A6, 0x5CD8, 0x7E7F, 0x7E7F,
  0x7E7F, 0x7E7F, 0x7E7F, 0x763E, 0x00A6, 0x00A6, 0x00A6, 0x00A6, 0x00A6, 0x0907, 0x7E7F, 0x7E7F,
  0x7E7F, 0x7E7F, 0x7E7F, 0x7E7F, 0x4C35, 0x00A6, 0x00A6, 0x00A6, 0x655B, 0x7E7F, 0x7E7F, 0x7E7F,
  0x7E7F, 0x7E7F, 0x657B, 0x00A6, 0x00A6, 0x00A6, 0x00A6, 0x00A6, 0x00A6, 0x00A6, 0x00A6, 0x00A6,
  0x00A6, 0x00A6, 0x00A6, 0x00A6, 0x0044, 0x2BD8, 0x46DF, 0x3EBF, 0x361F, 0x2DBF, 0x251F, 0x14DD,
  0x765E, 0x7E3C, 0xA73E, 0x3CDB, 0x9EDE, 0x65DC, 0x457C, 0x457C, 0x14DD, 0x2D3E, 0x257F, 0x2DBF,
  0x2DFF, 0x251E, 0x1B57, 0x01EF, 0x00EC, 0x196D, 0x31AC, 0x0047, 0x0069, 0x0068, 0x00A7, 0x00E8,
  0x00A7, 0x00C8, 0x116C, 0x0065, 0x00A5, 0x00A4, 0x0000, 0x0000, 0x0000, 0x0000, 0x0000, 0x0000,
  0x632C, 0x39E7, 0x0000, 0x08A4, 0x2A2C, 0x21A9, 0x1146, 0x2A2C, 0x4332, 0x0949, 0x0004, 0x08E6,
  0x00A5, 0x0065, 0x0084, 0x1969, 0x08C6, 0x0043, 0x0065, 0x0044, 0x0024, 0x29A9, 0x1107, 0x090A,
  0x010A, 0x0929, 0x0129, 0x00E7, 0x114A, 0x098C, 0x01AE, 0x012A, 0x0022, 0x08E7, 0x00C7, 0x0084,
  0x00A5, 0x11EE, 0x0108, 0x00A6, 0x0066, 0x0067, 0x004B, 0x663F, 0x8F7F, 0x13FC, 0x00CD, 0x014E,
  0x0171, 0x241C, 0x56BF, 0x14FF, 0x6EDF, 0xFFFF, 0xFFFF, 0xAFFF, 0x359F, 0x1C7F, 0x1359, 0x09F1,
  0x08EB, 0x0003, 0x0043, 0x198C, 0x08E9, 0x0064, 0x0044, 0x0004, 0x014F, 0x0087, 0x0001, 0x0001,
  0x0021, 0x0021, 0x0001, 0x0001, 0x00E9, 0x00EA, 0x012A, 0x0045, 0x00C8, 0x22D1, 0x0089, 0x1B34,
  0x55BE, 0x1128, 0x00A6, 0x00A6, 0x6DBC, 0x7E7F, 0x7E7F, 0x7E7F, 0x7E7F, 0x43F4, 0x761E, 0x7E7F,
  0x7E7F, 0x7E7F, 0x54D8, 0x00A6, 0x00A6, 0x224D, 0x7E7F, 0x7E7F, 0x7E7F, 0x7E7F, 0x43B3, 0x7E7F,
  0x7E7F, 0x7E7F, 0x7E7F, 0x7E7F, 0x224D, 0x00A6, 0x00A6, 0x00A6, 0x655B, 0x7E7F, 0x7E7F, 0x7E7F,
  0x7E7F, 0x7E7F, 0x657B, 0x00A6, 0x00A6, 0x00A6, 0x00A6, 0x00A6, 0x00A6, 0x00A6, 0x00A6, 0x00A6,
  0x00A6, 0x00A6, 0x00A6, 0x00A6, 0x00A6, 0x00C6, 0x763F, 0x7E7F, 0x7E7F, 0x7E7F, 0x7E7F, 0x7E7F,
  0x7E7F, 0x761E, 0x54B8, 0x3B72, 0x220C, 0x00C6, 0x00A6, 0x00A6, 0x00A6, 0x00A6, 0x00A6, 0x00A6,
  0x00A6, 0x00A6, 0x00A6, 0x00A6, 0x5D19, 0x7E7F, 0x7E7F, 0x7E7F, 0x7E7F, 0x7E7F, 0x6DBC, 0x00A6,
  0x00A6, 0x00A6, 0x00A6, 0x00A6, 0x00A6, 0x00A6, 0x6DDD, 0x7E7F, 0x7E7F, 0x7E7F, 0x7E7F, 0x7E7F,
  0x5D3A, 0x00A6, 0x00A6, 0x00A6, 0x19AA, 0x7E7F, 0x7E7F, 0x7E7F, 0x7E7F, 0x7E7F, 0x7E7F, 0x4C56,
  0x00A6, 0x00A6, 0x00A6, 0x00A6, 0x00A6, 0x00A6, 0x00C6, 0x6D9C, 0x5CD8, 0x3B93, 0x224D, 0x0907,
  0x00A6, 0x00A6, 0x00A6, 0x19CB, 0x7E7F, 0x7E7F, 0x7E7F, 0x7E7F, 0x7E7F, 0x7E7F, 0x4C15, 0x00A6,
  0x00A6, 0x00A6, 0x00A6, 0x00A6, 0x00A6, 0x00A6, 0x4C15, 0x7E7F, 0x7E7F, 0x7E7F, 0x7E7F, 0x7E7F,
  0x7E7F, 0x19CA, 0x00A6, 0x00A6, 0x00A6, 0x5CD8, 0x7E7F, 0x7E7F, 0x7E7F, 0x7E7F, 0x7E7F, 0x763E,
  0x00A6, 0x00A6, 0x00A6, 0x0907, 0x19EB, 0x5477, 0x7E7F, 0x7E7F, 0x7E7F, 0x7E7F, 0x7E7F, 0x7E7F,
  0x3B72, 0x00A6, 0x00A6, 0x00A6, 0x655B, 0x7E7F, 0x7E7F, 0x7E7F, 0x7E7F, 0x7E7F, 0x657B, 0x00A6,
  0x00A6, 0x00A6, 0x00A6, 0x00A6, 0x00A6, 0x00A6, 0x00A6, 0x00A6, 0x00A6, 0x00A6, 0x00A6, 0x00A6,
  0x00C6, 0x0025, 0x00C8, 0x1250, 0x24DC, 0x365F, 0x2E7F, 0x25DF, 0x0CFF, 0x047D, 0x353D, 0x1C5B,
  0x7E1D, 0x141A, 0x867D, 0xAE9D, 0xA6BD, 0x4D7C, 0x24DC, 0x14DE, 0x1D1E, 0x257F, 0x35DF, 0x465F,
  0x3DFF, 0x0AF4, 0x0004, 0x0888, 0x112A, 0x090A, 0x00E8, 0x00E7, 0x00A6, 0x00A7, 0x00C8, 0x00A5,
  0x00E7, 0x0063, 0x0000, 0x0000, 0x0000, 0x0000, 0x0000, 0x10A2, 0x6B6D, 0x0000, 0x0000, 0x19C9,
  0x21EB, 0x1966, 0x21EA, 0x32D0, 0x3B10, 0x0004, 0x0064, 0x0065, 0x0064, 0x0085, 0x0044, 0x0064,
  0x0085, 0x0065, 0x0085, 0x0064, 0x0064, 0x08C5, 0x0084, 0x1148, 0x094A, 0x0929, 0x00E8, 0x00C7,
  0x114B, 0x014B, 0x01AF, 0x012A, 0x0042, 0x0908, 0x00C7, 0x0084, 0x00E6, 0x098A, 0x0044, 0x00A8,
  0x0047, 0x0009, 0x6E5F, 0x665F, 0x0111, 0x0234, 0x01F1, 0x00EE, 0x1359, 0x359F, 0x045E, 0x1D3E,
  0xDFFF, 0xD7FF, 0x3DFF, 0x145D, 0x147F, 0x1C9F, 0x2C7E, 0x1AF5, 0x0086, 0x0022, 0x0085, 0x094A,
  0x0065, 0x0064, 0x0004, 0x010C, 0x7F7F, 0x12B3, 0x0002, 0x0001, 0x0021, 0x0021, 0x0021, 0x0021,
  0x11AD, 0x00E9, 0x0129, 0x00C7, 0x0044, 0x00A7, 0x122E, 0x3417, 0x55BE, 0x0907, 0x00A6, 0x00A6,
  0x6DBC, 0x7E7F, 0x7E7F, 0x7E7F, 0x7E7F, 0x43F4, 0x54B8, 0x7E7F, 0x7E7F, 0x7E7F, 0x763E, 0x00C6,
  0x00A6, 0x43B3, 0x7E7F, 0x7E7F, 0x7E7F, 0x7E7F, 0x222C, 0x7E7F, 0x7E7F, 0x7E7F, 0x7E7F, 0x7E7F,
  0x224D, 0x00A6, 0x00A6, 0x00A6, 0x655B, 0x7E7F, 0x7E7F, 0x7E7F, 0x7E7F, 0x7E7F, 0x7E7F, 0x7E7F,
  0x7E7F, 0x7E7F, 0x7E7F, 0x7E7F, 0x7E7F, 0x7E7F, 0x7E7F, 0x7E7F, 0x7E7F, 0x118A, 0x00A6, 0x00A6,
  0x00A6, 0x00A6, 0x5477, 0x7E7F, 0x7E7F, 0x7E7F, 0x7E7F, 0x7E7F, 0x7E7F, 0x7E7F, 0x7E7F, 0x7E7F,
  0x7E7F, 0x763E, 0x54B8, 0x2ACF, 0x08E6, 0x00A6, 0x00A6, 0x00A6, 0x00A6, 0x00A6, 0x00A6, 0x00A6,
  0x5D19, 0x7E7F, 0x7E7F, 0x7E7F, 0x7E7F, 0x7E7F, 0x7E7F, 0x7E7F, 0x7E7F, 0x7E7F, 0x7E7F, 0x7E7F,
  0x7E7F, 0x7E7F, 0x7E7F, 0x7E7F, 0x7E7F, 0x7E7F, 0x7E7F, 0x7E7F, 0x5D3A, 0x00A6, 0x00A6, 0x00A6,
  0x32F0, 0x7E7F, 0x7E7F, 0x7E7F, 0x7E7F, 0x7E7F, 0x7E7F, 0x2A6E, 0x00A6, 0x00A6, 0x00C5, 0x0062,
  0x0085, 0x00A6, 0x00A6, 0x00A6, 0x00A6, 0x00A6, 0x00A6, 0x00A6, 0x00A6, 0x00A6, 0x00A6, 0x3331,
  0x7E7F, 0x7E7F, 0x7E7F, 0x7E7F, 0x7E7F, 0x7E7F, 0x222C, 0x00A6, 0x00A6, 0x0949, 0x094A, 0x00E7,
  0x00A6, 0x00A6, 0x222C, 0x7E7F, 0x7E7F, 0x7E7F, 0x7E7F, 0x7E7F, 0x7E7F, 0x3310, 0x00A6, 0x00A6,
  0x00A6, 0x5CD8, 0x7E7F, 0x7E7F, 0x7E7F, 0x7E7F, 0x7E7F, 0x7E7F, 0x7E7F, 0x7E7F, 0x7E7F, 0x7E7F,
  0x7E7F, 0x7E7F, 0x7E7F, 0x7E7F, 0x7E7F, 0x7E7F, 0x7E7F, 0x7E7F, 0x1189, 0x00A6, 0x00A6, 0x00A6,
  0x655B, 0x7E7F, 0x7E7F, 0x7E7F, 0x7E7F, 0x7E7F, 0x7E7F, 0x7E7F, 0x7E7F, 0x7E7F, 0x7E7F, 0x7E7F,
  0x7E7F, 0x7E7F, 0x7E7F, 0x7E7F, 0x7E7F, 0x118A, 0x00A6, 0x00A6, 0x0084, 0x092A, 0x092B, 0x0006,
  0x0002, 0x0024, 0x1AB1, 0x2CFD, 0x365F, 0x2E3F, 0x153F, 0x14DF, 0x14BE, 0x24BD, 0x761D, 0x8E7C,
  0xEF9E, 0xCEFD, 0x9E5D, 0x75FE, 0x5DDC, 0x1CFC, 0x1CFD, 0x359F, 0x3E7F, 0x4F5F, 0x094B, 0x0026,
  0x00EA, 0x118D, 0x0169, 0x00A5, 0x00C7, 0x118B, 0x00A6, 0x00A6, 0x00A5, 0x0020, 0x0000, 0x0000,
  0x0000, 0x0000, 0x0000, 0x5ACB, 0x4207, 0x0000, 0x0021, 0x224C, 0x21CA, 0x1106, 0x224B, 0x4371,
  0x32CE, 0x0002, 0x00A5, 0x0064, 0x0085, 0x0084, 0x0044, 0x0044, 0x0085, 0x0084, 0x0084, 0x0085,
  0x00A5, 0x00A6, 0x00C7, 0x1127, 0x196A, 0x0909, 0x08E8, 0x00A8, 0x092A, 0x012B, 0x01EF, 0x012A,
  0x0063, 0x0929, 0x00C7, 0x00A6, 0x0044, 0x0064, 0x00E7, 0x0190, 0x0170, 0x76BF, 0x5DBF, 0x006E,
  0x0213, 0x0A53, 0x012F, 0x12D7, 0x45DF, 0x03BD, 0x0CDE, 0xCFFF, 0xFFFF, 0x567F, 0x033C, 0x027B,
  0x033B, 0x01D5, 0x33FB, 0x22B1, 0x0003, 0x0043, 0x00C7, 0x00A7, 0x0022, 0x0043, 0x0002, 0x010B,
  0x6E5F, 0x1A91, 0x0003, 0x0001, 0x0021, 0x0021, 0x0001, 0x0001, 0x014A, 0x00A7, 0x098A, 0x00C7,
  0x00A5, 0x0085, 0x0005, 0x44BA, 0x55DE, 0x00E7, 0x00A6, 0x00A6, 0x6DBC, 0x7E7F, 0x7E7F, 0x7E7F,
  0x7E7F, 0x43F4, 0x3B51, 0x7E7F, 0x7E7F, 0x7E7F, 0x7E7F, 0x19CB, 0x00A6, 0x5D1A, 0x7E7F, 0x7E7F,
  0x7E7F, 0x6DBC, 0x1189, 0x7E7F, 0x7E7F, 0x7E7F, 0x7E7F, 0x7E7F, 0x224D, 0x00A6, 0x00A6, 0x00A6,
  0x655B, 0x7E7F, 0x7E7F, 0x7E7F, 0x7E7F, 0x7E7F, 0x7E7F, 0x7E7F, 0x7E7F, 0x7E7F, 0x7E7F, 0x7E7F,
  0x7E7F, 0x7E7F, 0x7E7F, 0x7E7F, 0x7E7F, 0x118A, 0x00A6, 0x00A6, 0x00A6, 0x00A6, 0x1169, 0x6DFD,
  0x7E7F, 0x7E7F, 0x7E7F, 0x7E7F, 0x7E7F, 0x7E7F, 0x7E7F, 0x7E7F, 0x7E7F, 0x7E7F, 0x7E7F, 0x7E7F,
  0x6DFE, 0x3331, 0x00A6, 0x00A6, 0x00A6, 0x00A5, 0x00A6, 0x00A6, 0x5D19, 0x7E7F, 0x7E7F, 0x7E7F,
  0x7E7F, 0x7E7F, 0x7E7F, 0x7E7F, 0x7E7F, 0x7E7F, 0x7E7F, 0x7E7F, 0x7E7F, 0x7E7F, 0x7E7F, 0x7E7F,
  0x7E7F, 0x7E7F, 0x7E7F, 0x7E7F, 0x5D3A, 0x00A6, 0x00A6, 0x00A6, 0x3B72, 0x7E7F, 0x7E7F, 0x7E7F,
  0x7E7F, 0x7E7F, 0x7E7F, 0x118A, 0x00A6, 0x00A6, 0x1127, 0x08A5, 0x0063, 0x00A6, 0x00A6, 0x00A6,
  0x00A6, 0x00A6, 0x00A6, 0x00A6, 0x00A5, 0x00A6, 0x00A6, 0x43D3, 0x7E7F, 0x7E7F, 0x7E7F, 0x7E7F,
  0x7E7F, 0x7E7F, 0x0928, 0x00A6, 0x00A6, 0x198A, 0x116B, 0x222E, 0x00A6, 0x00A6, 0x0928, 0x7E7F,
  0x7E7F, 0x7E7F, 0x7E7F, 0x7E7F, 0x7E7F, 0x3B93, 0x00A6, 0x00A6, 0x00A6, 0x5CD8, 0x7E7F, 0x7E7F,
  0x7E7F, 0x7E7F, 0x7E7F, 0x7E7F, 0x7E7F, 0x7E7F, 0x7E7F, 0x7E7F, 0x7E7F, 0x7E7F, 0x7E7F, 0x7E7F,
  0x7E7F, 0x7E7F, 0x7E7F, 0x4C15, 0x00A6, 0x00A6, 0x00A6, 0x00A6, 0x655B, 0x7E7F, 0x7E7F, 0x7E7F,
  0x7E7F, 0x7E7F, 0x7E7F, 0x7E7F, 0x7E7F, 0x7E7F, 0x7E7F, 0x7E7F, 0x7E7F, 0x7E7F, 0x7E7F, 0x7E7F,
  0x7E7F, 0x118A, 0x00A6, 0x00A6, 0x0001, 0x0001, 0x00C7, 0x092A, 0x0002, 0x0000, 0x0000, 0x0000,
  0x00C7, 0x2396, 0x3D7F, 0x3E7F, 0x2E3F, 0x157F, 0x251F, 0x2D5E, 0x8E9D, 0xE7FF, 0x8E5D, 0xFFFF,
  0x8E9D, 0x0C9B, 0x251C, 0x359F, 0x3E7F, 0x463F, 0x0046, 0x0025, 0x0087, 0x00C8, 0x096B, 0x09AB,
  0x094A, 0x0108, 0x00A5, 0x0085, 0x0062, 0x0000, 0x0000, 0x0000, 0x0000, 0x0000, 0x0000, 0x840F,
  0x1081, 0x0000, 0x1988, 0x222C, 0x1988, 0x1126, 0x222C, 0x53D1, 0x4ACD, 0x0003, 0x0085, 0x0085,
  0x0085, 0x0064, 0x0064, 0x0063, 0x0085, 0x0064, 0x0064, 0x0085, 0x0085, 0x0085, 0x00C7, 0x0087,
  0x0908, 0x0928, 0x1127, 0x00A8, 0x00E9, 0x010A, 0x01CF, 0x010A, 0x00E7, 0x012A, 0x0107, 0x0084,
  0x0022, 0x08E9, 0x00CD, 0x2358, 0xAFFF, 0x345A, 0x004C, 0x0A33, 0x0254, 0x010E, 0x0A74, 0x4DDF,
  0x13FE, 0x03BE, 0x463F, 0xFFFF, 0xB7FF, 0x2DFF, 0x02B9, 0x139D, 0x02BA, 0x010F, 0x096D, 0x0066,
  0x0065, 0x0044, 0x00E8, 0x0044, 0x0022, 0x0001, 0x0021, 0x0064, 0x0003, 0x0001, 0x0001, 0x0001,
  0x0021, 0x0021, 0x0001, 0x0000, 0x00C8, 0x0065, 0x0128, 0x00E8, 0x00A5, 0x00E7, 0x0006, 0x1AF4,
  0x76FF, 0x0908, 0x00A6, 0x00A6, 0x6DBC, 0x7E7F, 0x7E7F, 0x7E7F, 0x7E7F, 0x43F4, 0x19CB, 0x7E7F,
  0x7E7F, 0x7E7F, 0x7E7F, 0x3B51, 0x08E7, 0x765F, 0x7E7F, 0x7E7F, 0x7E7F, 0x4C35, 0x1189, 0x7E7F,
  0x7E7F, 0x7E7F, 0x7E7F, 0x7E7F, 0x224D, 0x00A6, 0x00A6, 0x00A6, 0x655B, 0x7E7F, 0x7E7F, 0x7E7F,
  0x7E7F, 0x7E7F, 0x7E7F, 0x7E7F, 0x7E7F, 0x7E7F, 0x7E7F, 0x7E7F, 0x7E7F, 0x7E7F, 0x7E7F, 0x7E7F,
  0x7E7F, 0x118A, 0x00A6, 0x00A6, 0x00A5, 0x00A6, 0x00A6, 0x19AA, 0x659B, 0x7E7F, 0x7E7F, 0x7E7F,
  0x7E7F, 0x7E7F, 0x7E7F, 0x7E7F, 0x7E7F, 0x7E7F, 0x7E7F, 0x7E7F, 0x7E7F, 0x7E7F, 0x54D8, 0x08E6,
  0x00A6, 0x00A6, 0x00A6, 0x00A6, 0x5D19, 0x7E7F, 0x7E7F, 0x7E7F, 0x7E7F, 0x7E7F, 0x7E7F, 0x7E7F,
  0x7E7F, 0x7E7F, 0x7E7F, 0x7E7F, 0x7E7F, 0x7E7F, 0x7E7F, 0x7E7F, 0x7E7F, 0x7E7F, 0x7E7F, 0x7E7F,
  0x5D3A, 0x00A6, 0x00A6, 0x00A6, 0x43D4, 0x7E7F, 0x7E7F, 0x7E7F, 0x7E7F, 0x7E7F, 0x7E7F, 0x0928,
  0x00A6, 0x00A6, 0x08A5, 0x0064, 0x0000, 0x0085, 0x00A6, 0x00A6, 0x00A6, 0x00A6, 0x08C6, 0x0864,
  0x0085, 0x00A6, 0x00A6, 0x4C35, 0x7E7F, 0x7E7F, 0x7E7F, 0x7E7F, 0x7E7F, 0x7E7F, 0x00C6, 0x00A6,
  0x00A6, 0x0908, 0x114A, 0x118C, 0x00A6, 0x00A6, 0x08E6, 0x7E7F, 0x7E7F, 0x7E7F, 0x7E7F, 0x7E7F,
  0x7E7F, 0x4415, 0x00A6, 0x00A6, 0x00A6, 0x5CD8, 0x7E7F, 0x7E7F, 0x7E7F, 0x7E7F, 0x7E7F, 0x7E7F,
  0x7E7F, 0x7E7F, 0x7E7F, 0x7E7F, 0x7E7F, 0x7E7F, 0x7E7F, 0x7E7F, 0x7E7F, 0x7E7F, 0x5477, 0x00C6,
  0x00A6, 0x00A6, 0x00A6, 0x00A6, 0x655B, 0x7E7F, 0x7E7F, 0x7E7F, 0x7E7F, 0x7E7F, 0x7E7F, 0x7E7F,
  0x7E7F, 0x7E7F, 0x7E7F, 0x7E7F, 0x7E7F, 0x7E7F, 0x7E7F, 0x7E7F, 0x7E7F, 0x118A, 0x00A6, 0x00A6,
  0x0001, 0x0000, 0x0000, 0x0020, 0x0001, 0x0020, 0x0000, 0x0000, 0x0001, 0x0000, 0x0003, 0x09CC,
  0x2459, 0x365F, 0x3EBF, 0x365F, 0x4E3F, 0x665F, 0x251C, 0x767E, 0x2D3C, 0x14DD, 0x2CFD, 0x357F,
  0x3F3F, 0x1BD7, 0x0001, 0x0086, 0x00C7, 0x00E8, 0x00C8, 0x0149, 0x0128, 0x00C7, 0x00A5, 0x0084,
  0x0040, 0x0000, 0x0000, 0x0000, 0x0000, 0x0000, 0x4A48, 0x52AA, 0x0000, 0x0000, 0x2A4C, 0x2A2C,
  0x1106, 0x1988, 0x226D, 0x532F, 0x39C9, 0x0004, 0x0065, 0x0085, 0x0084, 0x0064, 0x0064, 0x0064,
  0x00A5, 0x0064, 0x0064, 0x0085, 0x0085, 0x0065, 0x00A6, 0x0087, 0x08C6, 0x422B, 0x19A9, 0x00E9,
  0x010A, 0x010B, 0x01CF, 0x0128, 0x098A, 0x0065, 0x0085, 0x08E8, 0x08C8, 0x006A, 0x1B57, 0xAFFF,
  0x341A, 0x0007, 0x01AE, 0x0A73, 0x00ED, 0x0213, 0x455F, 0x1BBD, 0x0B1C, 0x147D, 0xE7FF, 0x7F5F,
  0x04FE, 0x033B, 0x02FB, 0x13BE, 0x0257, 0x09AF, 0x00A7, 0x0045, 0x0065, 0x0065, 0x014A, 0x3AF1,
  0x0002, 0x0001, 0x0022, 0x0042, 0x0021, 0x0000, 0x0000, 0x0021, 0x0021, 0x0001, 0x0000, 0x0000,
  0x0085, 0x0042, 0x0908, 0x00C7, 0x00A6, 0x0108, 0x0047, 0x2375, 0x5E3F, 0x0928, 0x00A6, 0x00A6,
  0x6DBC, 0x7E7F, 0x7E7F, 0x7E7F, 0x7E7F, 0x43F4, 0x00A6, 0x761E, 0x7E7F, 0x7E7F, 0x7E7F, 0x54B8,
  0x222C, 0x7E7F, 0x7E7F, 0x7E7F, 0x7E7F, 0x2AAF, 0x1189, 0x7E7F, 0x7E7F, 0x7E7F, 0x7E7F, 0x7E7F,
  0x224D, 0x00A6, 0x00A6, 0x00A6, 0x655B, 0x7E7F, 0x7E7F, 0x7E7F, 0x7E7F, 0x7E7F, 0x7E7F, 0x7E7F,
  0x7E7F, 0x7E7F, 0x7E7F, 0x7E7F, 0x7E7F, 0x7E7F, 0x7E7F, 0x7E7F, 0x7E7F, 0x118A, 0x00A6, 0x00A6,
  0x0084, 0x00A6, 0x00A6, 0x00A6, 0x08E6, 0x3331, 0x6DBC, 0x7E7F, 0x7E7F, 0x7E7F, 0x7E7F, 0x7E7F,
  0x7E7F, 0x7E7F, 0x7E7F, 0x7E7F, 0x7E7F, 0x7E7F, 0x7E7F, 0x43F4, 0x00A6, 0x00A6, 0x00A6, 0x00A6,
  0x5D19, 0x7E7F, 0x7E7F, 0x7E7F, 0x7E7F, 0x7E7F, 0x7E7F, 0x7E7F, 0x7E7F, 0x7E7F, 0x7E7F, 0x7E7F,
  0x7E7F, 0x7E7F, 0x7E7F, 0x7E7F, 0x7E7F, 0x7E7F, 0x7E7F, 0x7E7F, 0x5D3A, 0x00A6, 0x00A6, 0x00A6,
  0x43D4, 0x7E7F, 0x7E7F, 0x7E7F, 0x7E7F, 0x7E7F, 0x7E7F, 0x0948, 0x00A6, 0x00A6, 0x0064, 0x0063,
  0x0001, 0x00A5, 0x00A6, 0x00A6, 0x00A6, 0x00A6, 0x00A6, 0x00A5, 0x08C6, 0x00A6, 0x00A6, 0x4C36,
  0x7E7F, 0x7E7F, 0x7E7F, 0x7E7F, 0x7E7F, 0x7E7F, 0x00C6, 0x00A6, 0x00A6, 0x00A6, 0x1129, 0x1129,
  0x00A6, 0x00A6, 0x08E7, 0x7E7F, 0x7E7F, 0x7E7F, 0x7E7F, 0x7E7F, 0x7E7F, 0x4415, 0x00A6, 0x00A6,
  0x00A6, 0x5CD8, 0x7E7F, 0x7E7F, 0x7E7F, 0x7E7F, 0x7E7F, 0x7E7F, 0x7E7F, 0x7E7F, 0x7E7F, 0x7E7F,
  0x7E7F, 0x7E7F, 0x7E7F, 0x765F, 0x5D19, 0x2AAE, 0x00A6, 0x00A6, 0x00A6, 0x00C6, 0x00A6, 0x00A6,
  0x655B, 0x7E7F, 0x7E7F, 0x7E7F, 0x7E7F, 0x7E7F, 0x7E7F, 0x7E7F, 0x7E7F, 0x7E7F, 0x7E7F, 0x7E7F,
  0x7E7F, 0x7E7F, 0x7E7F, 0x7E7F, 0x7E7F, 0x118A, 0x00A6, 0x00A6, 0x0001, 0x0000, 0x0000, 0x0000,
  0x0000, 0x0000, 0x0000, 0x0021, 0x10C7, 0x00A5, 0x0064, 0x0002, 0x0003, 0x010D, 0x0AB3, 0x24BA,
  0x3DDF, 0x259F, 0x15BF, 0x0CFF, 0x1CFE, 0x251E, 0x355F, 0x35FF, 0x36BF, 0x0068, 0x0045, 0x098C,
  0x012B, 0x0109, 0x00A6, 0x0086, 0x00C7, 0x012A, 0x00E8, 0x0063, 0x0000, 0x0000, 0x0000, 0x0000,
  0x0000, 0x0000, 0x7BEF, 0x2103, 0x0000, 0x1947, 0x2A6D, 0x29EA, 0x10C5, 0x1189, 0x228D, 0x2188,
  0x39CA, 0x0025, 0x00A6, 0x0085, 0x0084, 0x0065, 0x0064, 0x0064, 0x0084, 0x0064, 0x0064, 0x0085,
  0x0085, 0x0084, 0x00A6, 0x0066, 0x1106, 0x31EA, 0x0108, 0x0089, 0x014C, 0x012B, 0x01CE, 0x00E8,
  0x0149, 0x0085, 0x0108, 0x00CA, 0x0009, 0x44DB, 0x9FFF, 0x0AB5, 0x00AC, 0x0046, 0x22B3, 0x014E,
  0x0A33, 0x3CBF, 0x135C, 0x02FC, 0x03BD, 0xD7FF, 0xB7FF, 0x031C, 0x02B9, 0x02B9, 0x137D, 0x0297,
  0x11B0, 0x1A50, 0x0024, 0x00A5, 0x0065, 0x00C8, 0x0107, 0x0043, 0x0000, 0x0021, 0x0022, 0x0022,
  0x0001, 0x0022, 0x0022, 0x0021, 0x0021, 0x0001, 0x0000, 0x0000, 0x0085, 0x0021, 0x00C6, 0x00C7,
  0x00A5, 0x00E8, 0x0047, 0x1B55, 0x665F, 0x0108, 0x00A6, 0x00A6, 0x6DBC, 0x7E7F, 0x7E7F, 0x7E7F,
  0x7E7F, 0x43F4, 0x00A6, 0x5497, 0x7E7F, 0x7E7F, 0x7E7F, 0x761E, 0x43B3, 0x7E7F, 0x7E7F, 0x7E7F,
  0x7E7F, 0x0928, 0x1189, 0x7E7F, 0x7E7F, 0x7E7F, 0x7E7F, 0x7E7F, 0x224D, 0x00A6, 0x00A6, 0x00A6,
  0x655B, 0x7E7F, 0x7E7F, 0x7E7F, 0x7E7F, 0x7E7F, 0x7E7F, 0x7E7F, 0x7E7F, 0x7E7F, 0x7E7F, 0x7E7F,
  0x7E7F, 0x7E7F, 0x7E7F, 0x7E7F, 0x7E7F, 0x118A, 0x00A6, 0x00A6, 0x00A6, 0x00A6, 0x00A6, 0x00A6,
  0x00A6, 0x00A6, 0x00A6, 0x1A0C, 0x43D3, 0x655A, 0x765F, 0x7E7F, 0x7E7F, 0x7E7F, 0x7E7F, 0x7E7F,
  0x7E7F, 0x7E7F, 0x7E7F, 0x765F, 0x0928, 0x00A6, 0x00A6, 0x00A6, 0x5D19, 0x7E7F, 0x7E7F, 0x7E7F,
  0x7E7F, 0x7E7F, 0x7E7F, 0x7E7F, 0x7E7F, 0x7E7F, 0x7E7F, 0x7E7F, 0x7E7F, 0x7E7F, 0x7E7F, 0x7E7F,
  0x7E7F, 0x7E7F, 0x7E7F, 0x7E7F, 0x5D3A, 0x00A6, 0x00A6, 0x00A6, 0x3B92, 0x7E7F, 0x7E7F, 0x7E7F,
  0x7E7F, 0x7E7F, 0x7E7F, 0x118A, 0x00A6, 0x00A6, 0x0062, 0x0063, 0x0064, 0x00A6, 0x00A6, 0x00A6,
  0x00A6, 0x00A6, 0x00A6, 0x00A6, 0x00A6, 0x00A6, 0x00A6, 0x43F4, 0x7E7F, 0x7E7F, 0x7E7F, 0x7E7F,
  0x7E7F, 0x7E7F, 0x0928, 0x00A6, 0x00A6, 0x526B, 0x10C5, 0x00A5, 0x00A6, 0x00A6, 0x1169, 0x7E7F,
  0x7E7F, 0x7E7F, 0x7E7F, 0x7E7F, 0x7E7F, 0x43B3, 0x00A6, 0x00A6, 0x00A6, 0x5CD8, 0x7E7F, 0x7E7F,
  0x7E7F, 0x7E7F, 0x7E7F, 0x7E7F, 0x7E7F, 0x7E7F, 0x7E7F, 0x7E7F, 0x7E7F, 0x7E7F, 0x7E7F, 0x6DFD,
  0x3B72, 0x00C6, 0x00A6, 0x00A6, 0x00A6, 0x0085, 0x00A6, 0x00A6, 0x655B, 0x7E7F, 0x7E7F, 0x7E7F,
  0x7E7F, 0x7E7F, 0x7E7F, 0x7E7F, 0x7E7F, 0x7E7F, 0x7E7F, 0x7E7F, 0x7E7F, 0x7E7F, 0x7E7F, 0x7E7F,
  0x7E7F, 0x118A, 0x00A6, 0x00A6, 0x0001, 0x0020, 0x0020, 0x0000, 0x0000, 0x0000, 0x0000, 0x0000,
  0x0000, 0x0000, 0x0042, 0x00C7, 0x096E, 0x0990, 0x00CA, 0x0046, 0x014C, 0x12F3, 0x249B, 0x3E3F,
  0x3E9F, 0x2DFF, 0x2DDF, 0x3F3F, 0x245A, 0x0000, 0x0065, 0x094A, 0x00E8, 0x00A7, 0x00A6, 0x08E8,
  0x08C8, 0x0129, 0x00E8, 0x0040, 0x0000, 0x0000, 0x0000, 0x0000, 0x0000, 0x31A6, 0x6B4C, 0x0000,
  0x0000, 0x2A4D, 0x324C, 0x10E5, 0x1167, 0x1A4E, 0x42EE, 0x31A9, 0x2988, 0x0045, 0x00A6, 0x0085,
  0x0085, 0x0065, 0x0065, 0x0064, 0x0064, 0x0044, 0x0085, 0x0085, 0x0084, 0x0084, 0x00A6, 0x0066,
  0x08C6, 0x1148, 0x324C, 0x4AAE, 0x428E, 0x010B, 0x016C, 0x096A, 0x0169, 0x00C7, 0x0003, 0x010D,
  0x5E7F, 0x7F7F, 0x01D1, 0x010D, 0x012C, 0x010A, 0x00CA, 0x12F7, 0x3C9F, 0x131A, 0x12FA, 0x031C,
  0xB7FF, 0xDFFF, 0x041D, 0x0218, 0x0216, 0x1B7B, 0x02B9, 0x010E, 0x118E, 0x0088, 0x0086, 0x0066,
  0x00A7, 0x00A6, 0x0063, 0x0000, 0x0001, 0x0022, 0x0022, 0x0022, 0x0021, 0x0021, 0x0021, 0x0021,
  0x0001, 0x0001, 0x0000, 0x0000, 0x0064, 0x0022, 0x00A5, 0x0129, 0x0085, 0x0108, 0x0047, 0x1AF3,
  0x5E1F, 0x0908, 0x00A6, 0x00A6, 0x6DBC, 0x7E7F, 0x7E7F, 0x7E7F, 0x7E7F, 0x43F4, 0x00A6, 0x3331,
  0x7E7F, 0x7E7F, 0x7E7F, 0x7E7F, 0x6DFD, 0x7E7F, 0x7E7F, 0x7E7F, 0x659B, 0x00A6, 0x1189, 0x7E7F,
  0x7E7F, 0x7E7F, 0x7E7F, 0x7E7F, 0x224D, 0x00A6, 0x00A6, 0x00A6, 0x655B, 0x7E7F, 0x7E7F, 0x7E7F,
  0x7E7F, 0x7E7F, 0x657B, 0x00A6, 0x00A6, 0x00A6, 0x00A6, 0x00A6, 0x00A6, 0x00A6, 0x00A6, 0x00A6,
  0x00A6, 0x00A6, 0x00A6, 0x00A6, 0x00A6, 0x00A6, 0x00A6, 0x00A6, 0x00A6, 0x00A6, 0x00A6, 0x00A6,
  0x00A6, 0x00A6, 0x0907, 0x2A6E, 0x5497, 0x7E7F, 0x7E7F, 0x7E7F, 0x7E7F, 0x7E7F, 0x7E7F, 0x7E7F,
  0x2AAF, 0x00A6, 0x00A6, 0x00A6, 0x5D19, 0x7E7F, 0x7E7F, 0x7E7F, 0x7E7F, 0x7E7F, 0x6DBC, 0x00A6,
  0x00A6, 0x00A6, 0x00A6, 0x00A6, 0x00A6, 0x00A6, 0x6DDD, 0x7E7F, 0x7E7F, 0x7E7F, 0x7E7F, 0x7E7F,
  0x5D3A, 0x00A6, 0x00A6, 0x00A6, 0x2ACF, 0x7E7F, 0x7E7F, 0x7E7F, 0x7E7F, 0x7E7F, 0x7E7F, 0x226D,
  0x00A6, 0x00A6, 0x2946, 0x18C4, 0x0085, 0x00A6, 0x00A6, 0x4C56, 0x54D8, 0x3310, 0x1169, 0x00A6,
  0x00A6, 0x00A6, 0x00A6, 0x3331, 0x7E7F, 0x7E7F, 0x7E7F, 0x7E7F, 0x7E7F, 0x7E7F, 0x222C, 0x00A6,
  0x00A6, 0x2987, 0x4A08, 0x0084, 0x00A6, 0x00A6, 0x224D, 0x7E7F, 0x7E7F, 0x7E7F, 0x7E7F, 0x7E7F,
  0x7E7F, 0x32F0, 0x00A6, 0x00A6, 0x00A6, 0x5CD8, 0x7E7F, 0x7E7F, 0x7E7F, 0x7E7F, 0x7E7F, 0x763E,
  0x00C6, 0x19EB, 0x655B, 0x7E7F, 0x7E7F, 0x7E7F, 0x7E7F, 0x7E7F, 0x7E7F, 0x5CD8, 0x00A6, 0x00A6,
  0x00A6, 0x00A5, 0x00A6, 0x00A6, 0x655B, 0x7E7F, 0x7E7F, 0x7E7F, 0x7E7F, 0x7E7F, 0x657B, 0x00A6,
  0x00A6, 0x00A6, 0x00A6, 0x00A6, 0x00A6, 0x00A6, 0x00A6, 0x00A6, 0x00A6, 0x00A6, 0x00A6, 0x00A6,
  0x2124, 0x0000, 0x0000, 0x0000, 0x0020, 0x0020, 0x0020, 0x0000, 0x0000, 0x0000, 0x0000, 0x0000,
  0x0042, 0x08C7, 0x19EE, 0x2AB5, 0x2233, 0x0049, 0x0005, 0x0109, 0x1B95, 0x359F, 0x3F3F, 0x4F5F,
  0x010A, 0x0000, 0x0043, 0x0084, 0x0108, 0x00E7, 0x0949, 0x0909, 0x00A7, 0x0085, 0x0022, 0x0000,
  0x0000, 0x0000, 0x0000, 0x0000, 0x0000, 0x736E, 0x39C6, 0x0000, 0x0905, 0x2A6D, 0x21C9, 0x08A4,
  0x2A6C, 0x2AB0, 0x9CD6, 0x2106, 0x1946, 0x0003, 0x0065, 0x0084, 0x0084, 0x0085, 0x0085, 0x0085,
  0x0044, 0x00A7, 0x08C7, 0x0043, 0x0063, 0x0085, 0x00A6, 0x0086, 0x00A6, 0x00C7, 0x0107, 0x5B90,
  0x3A8F, 0x01AF, 0x120F, 0x014A, 0x0047, 0x0005, 0x0A72, 0x66FF, 0x3C9B, 0x006B, 0x014D, 0x012A,
  0x00EA, 0x00AA, 0x12B5, 0x2CBF, 0x12FA, 0x0A99, 0x025A, 0x875F, 0xE7FF, 0x1CDE, 0x02DA, 0x01D4,
  0x1278, 0x0B3C, 0x00EE, 0x11AE, 0x0087, 0x0066, 0x0045, 0x3B94, 0x098C, 0x0066, 0x0043, 0x0022,
  0x0021, 0x0022, 0x0022, 0x0022, 0x0021, 0x0001, 0x0021, 0x0020, 0x0021, 0x0021, 0x0000, 0x0000,
  0x0062, 0x0042, 0x0084, 0x0929, 0x00A5, 0x0108, 0x0067, 0x2B74, 0x55BE, 0x0908, 0x00A6, 0x00A6,
  0x6DBC, 0x7E7F, 0x7E7F, 0x7E7F, 0x7E7F, 0x43F4, 0x00A6, 0x19AA, 0x7E7F, 0x7E7F, 0x7E7F, 0x7E7F,
  0x7E7F, 0x7E7F, 0x7E7F, 0x7E7F, 0x4415, 0x00A6, 0x1189, 0x7E7F, 0x7E7F, 0x7E7F, 0x7E7F, 0x7E7F,
  0x224D, 0x00A6, 0x00A6, 0x00A6, 0x655B, 0x7E7F, 0x7E7F, 0x7E7F, 0x7E7F, 0x7E7F, 0x657B, 0x00A6,
  0x00A6, 0x00A6, 0x00A6, 0x00A6, 0x00A6, 0x00A6, 0x00A6, 0x00A6, 0x00A6, 0x00A6, 0x00A6, 0x00A6,
  0x00A6, 0x43F4, 0x54B7, 0x5D19, 0x655B, 0x6DBC, 0x761E, 0x3B52, 0x00A6, 0x00A6, 0x00A6, 0x00A6,
  0x00A6, 0x32F0, 0x7E7F, 0x7E7F, 0x7E7F, 0x7E7F, 0x7E7F, 0x7E7F, 0x3B72, 0x00A6, 0x00A6, 0x00A6,
  0x5D19, 0x7E7F, 0x7E7F, 0x7E7F, 0x7E7F, 0x7E7F, 0x6DBC, 0x00A6, 0x00A6, 0x00A6, 0x00A6, 0x00A6,
  0x00A6, 0x00A6, 0x6DDD, 0x7E7F, 0x7E7F, 0x7E7F, 0x7E7F, 0x7E7F, 0x5D3A, 0x00A6, 0x00A6, 0x00A6,
  0x19AA, 0x7E7F, 0x7E7F, 0x7E7F, 0x7E7F, 0x7E7F, 0x7E7F, 0x43D4, 0x00A6, 0x00A6, 0x00A6, 0x00A6,
  0x00A6, 0x00A6, 0x0907, 0x763E, 0x7E7F, 0x7E7F, 0x7E7F, 0x659B, 0x43D4, 0x0928, 0x00A6, 0x220C,
  0x7E7F, 0x7E7F, 0x7E7F, 0x7E7F, 0x7E7F, 0x7E7F, 0x43F4, 0x00A6, 0x00A6, 0x00A6, 0x00A6, 0x00A6,
  0x00A6, 0x00A6, 0x43F4, 0x7E7F, 0x7E7F, 0x7E7F, 0x7E7F, 0x7E7F, 0x7E7F, 0x19EB, 0x00A6, 0x00A6,
  0x00A6, 0x5CD8, 0x7E7F, 0x7E7F, 0x7E7F, 0x7E7F, 0x7E7F, 0x763E, 0x00A6, 0x00A6, 0x1148, 0x763E,
  0x7E7F, 0x7E7F, 0x7E7F, 0x7E7F, 0x7E7F, 0x7E7F, 0x3B92, 0x00A6, 0x00A6, 0x00A5, 0x00A6, 0x00A6,
  0x655B, 0x7E7F, 0x7E7F, 0x7E7F, 0x7E7F, 0x7E7F, 0x657B, 0x00A6, 0x00A6, 0x00A6, 0x00A6, 0x00A6,
  0x00A6, 0x00A6, 0x00A6, 0x00A6, 0x00A6, 0x00A6, 0x00A6, 0x00A6, 0xDEFB, 0xAD55, 0x0862, 0x0000,
  0x0000, 0x0000, 0x0861, 0x0861, 0x0020, 0x0000, 0x0000, 0x0000, 0x0000, 0x0000, 0x0000, 0x10E6,
  0x21AC, 0x198F, 0x096D, 0x0026, 0x0001, 0x0001, 0x098A, 0x094A, 0x0002, 0x0002, 0x0064, 0x0085,
  0x0908, 0x0109, 0x0108, 0x0066, 0x0085, 0x0066, 0x0841, 0x0000, 0x0000, 0x0000, 0x0000, 0x0000,
  0x2104, 0x73AE, 0x0020, 0x0000, 0x220A, 0x2A6C, 0x08C4, 0x1147, 0x3B10, 0x22AF, 0x3A0B, 0x7BB0,
  0x08E5, 0x0002, 0x0084, 0x1987, 0x0044, 0x0085, 0x0085, 0x0084, 0x00A6, 0x096A, 0x0023, 0x0043,
  0x0063, 0x00A5, 0x00A6, 0x00A6, 0x00A6, 0x00A7, 0x00A8, 0x00A8, 0x11AD, 0x0A31, 0x01AE, 0x0087,
  0x00CC, 0x347D, 0x5E5F, 0x020F, 0x0003, 0x00EB, 0x018D, 0x0004, 0x0028, 0x2399, 0x1C3F, 0x02FA,
  0x127A, 0x0259, 0x66FF, 0xCFFF, 0x1CDE, 0x02FA, 0x01F4, 0x1276, 0x237D, 0x0192, 0x11AD, 0x114A,
  0x0001, 0x0064, 0x00A8, 0x4459, 0x012B, 0x0064, 0x0022, 0x0002, 0x0022, 0x0022, 0x0002, 0x0021,
  0x0021, 0x0064, 0x0001, 0x0000, 0x0001, 0x0001, 0x0000, 0x0000, 0x0042, 0x0062, 0x0043, 0x08E8,
  0x00A6, 0x00E7, 0x00A8, 0x2375, 0x4D7D, 0x0908, 0x00A6, 0x00A6, 0x6DBC, 0x7E7F, 0x7E7F, 0x7E7F,
  0x7E7F, 0x43F4, 0x00A6, 0x00A6, 0x6DFD, 0x7E7F, 0x7E7F, 0x7E7F, 0x7E7F, 0x7E7F, 0x7E7F, 0x7E7F,
  0x2A8E, 0x00A6, 0x1189, 0x7E7F, 0x7E7F, 0x7E7F, 0x7E7F, 0x7E7F, 0x224D, 0x00A6, 0x00A6, 0x00A6,
  0x655B, 0x7E7F, 0x7E7F, 0x7E7F, 0x7E7F, 0x7E7F, 0x657B, 0x00A6, 0x00A6, 0x00A6, 0x00A6, 0x00A6,
  0x00A6, 0x00A6, 0x00A6, 0x00A6, 0x00A6, 0x00A6, 0x00A6, 0x00A6, 0x00A6, 0x5D3A, 0x7E7F, 0x7E7F,
  0x7E7F, 0x7E7F, 0x7E7F, 0x5CF9, 0x00A6, 0x00A6, 0x00A6, 0x00A6, 0x00A6, 0x00A6, 0x765F, 0x7E7F,
  0x7E7F, 0x7E7F, 0x7E7F, 0x7E7F, 0x3B51, 0x00A6, 0x00A6, 0x00A6, 0x5D19, 0x7E7F, 0x7E7F, 0x7E7F,
  0x7E7F, 0x7E7F, 0x6DBC, 0x00A6, 0x00A6, 0x00A6, 0x00A6, 0x00A6, 0x00A6, 0x00A6, 0x6DDD, 0x7E7F,
  0x7E7F, 0x7E7F, 0x7E7F, 0x7E7F, 0x5D3A, 0x00A6, 0x00A6, 0x00A6, 0x00A6, 0x6DBC, 0x7E7F, 0x7E7F,
  0x7E7F, 0x7E7F, 0x7E7F, 0x761E, 0x1148, 0x00A6, 0x00A6, 0x00A6, 0x00A6, 0x00A6, 0x4C15, 0x7E7F,
  0x7E7F, 0x7E7F, 0x7E7F, 0x7E7F, 0x765F, 0x0907, 0x00A6, 0x00C6, 0x761E, 0x7E7F, 0x7E7F, 0x7E7F,
  0x7E7F, 0x7E7F, 0x765F, 0x19CB, 0x00A6, 0x00A6, 0x00A6, 0x00A6, 0x00A6, 0x11AA, 0x763F, 0x7E7F,
  0x7E7F, 0x7E7F, 0x7E7F, 0x7E7F, 0x6DFE, 0x00A6, 0x00A6, 0x00A6, 0x00A6, 0x5CD8, 0x7E7F, 0x7E7F,
  0x7E7F, 0x7E7F, 0x7E7F, 0x763E, 0x00A6, 0x00A6, 0x00A6, 0x3B92, 0x7E7F, 0x7E7F, 0x7E7F, 0x7E7F,
  0x7E7F, 0x7E7F, 0x765F, 0x1189, 0x00A6, 0x00A6, 0x00A6, 0x00A6, 0x655B, 0x7E7F, 0x7E7F, 0x7E7F,
  0x7E7F, 0x7E7F, 0x657B, 0x00A6, 0x00A6, 0x00A6, 0x00A6, 0x00A6, 0x00A6, 0x00A6, 0x00A6, 0x00A6,
  0x00A6, 0x00A6, 0x00A6, 0x00A6, 0x21A9, 0xFFFF, 0x9CF3, 0x0861, 0x0000, 0x0000, 0x0000, 0x0841,
  0x1082, 0x1081, 0x0861, 0x0000, 0x0000, 0x0000, 0x0000, 0x0000, 0x0000, 0x0000, 0x0883, 0x08E7,
  0x0886, 0x0002, 0x0001, 0x00A6, 0x1109, 0x00C7, 0x00A6, 0x00A6, 0x0064, 0x00A6, 0x00A7, 0x0065,
  0x0086, 0x0065, 0x0000, 0x0000, 0x0000, 0x0000, 0x0000, 0x0000, 0x634C, 0x4207, 0x0000, 0x10A3,
  0x2A6D, 0x21EA, 0x00A3, 0x2A2C, 0x4352, 0x09CC, 0x00A6, 0x62EE, 0x0023, 0x0002, 0x2188, 0x1926,
  0x0045, 0x0086, 0x00A5, 0x0044, 0x00C6, 0x00C6, 0x0044, 0x0084, 0x0084, 0x0085, 0x00A6, 0x00A6,
  0x0928, 0x11AB, 0x010A, 0x010B, 0x094C, 0x012D, 0x00CC, 0x12F3, 0x561F, 0x3CDE, 0x00A9, 0x0003,
  0x00C7, 0x016C, 0x0087, 0x0048, 0x33FC, 0x1BDE, 0x131A, 0x1B9B, 0x029A, 0x675F, 0xBFFF, 0x143C,
  0x02BA, 0x01F5, 0x0255, 0x2C3F, 0x0214, 0x096E, 0x222E, 0x0003, 0x0044, 0x0022, 0x1230, 0x018F,
  0x0003, 0x0085, 0x0042, 0x0022, 0x0022, 0x0021, 0x0001, 0x0000, 0x0021, 0x1968, 0x0083, 0x0000,
  0x0001, 0x0000, 0x0000, 0x0000, 0x0023, 0x0063, 0x0022, 0x08C8, 0x00E7, 0x00E7, 0x00C9, 0x0AB2,
  0x3D1C, 0x0928, 0x00A6, 0x00A6, 0x6DBC, 0x7E7F, 0x7E7F, 0x7E7F, 0x7E7F, 0x43F4, 0x00A6, 0x00A6,
  0x5477, 0x7E7F, 0x7E7F, 0x7E7F, 0x7E7F, 0x7E7F, 0x7E7F, 0x7E7F, 0x0927, 0x00A6, 0x1189, 0x7E7F,
  0x7E7F, 0x7E7F, 0x7E7F, 0x7E7F, 0x224D, 0x00A6, 0x00A6, 0x00A6, 0x655B, 0x7E7F, 0x7E7F, 0x7E7F,
  0x7E7F, 0x7E7F, 0x657B, 0x00A6, 0x00A6, 0x00A6, 0x00A6, 0x00A6, 0x00A6, 0x00A6, 0x00A6, 0x00A6,
  0x00A6, 0x00A6, 0x00A6, 0x00A6, 0x00A6, 0x43B3, 0x7E7F, 0x7E7F, 0x7E7F, 0x7E7F, 0x7E7F, 0x7E7F,
  0x226D, 0x00A6, 0x00A6, 0x00A6, 0x00A6, 0x1A0C, 0x7E7F, 0x7E7F, 0x7E7F, 0x7E7F, 0x7E7F, 0x7E7F,
  0x222C, 0x00A6, 0x00A6, 0x00A6, 0x5D19, 0x7E7F, 0x7E7F, 0x7E7F, 0x7E7F, 0x7E7F, 0x6DBC, 0x00A6,
  0x00A6, 0x00A5, 0x0084, 0x00A5, 0x00A6, 0x00A6, 0x6DDD, 0x7E7F, 0x7E7F, 0x7E7F, 0x7E7F, 0x7E7F,
  0x5D3A, 0x00A6, 0x00A6, 0x00A6, 0x00A6, 0x3B52, 0x7E7F, 0x7E7F, 0x7E7F, 0x7E7F, 0x7E7F, 0x7E7F,
  0x6DBC, 0x2AAE, 0x0907, 0x00C6, 0x11AA, 0x4C15, 0x7E7F, 0x7E7F, 0x7E7F, 0x7E7F, 0x7E7F, 0x7E7F,
  0x54B8, 0x00A6, 0x00A6, 0x00A6, 0x43D3, 0x7E7F, 0x7E7F, 0x7E7F, 0x7E7F, 0x7E7F, 0x7E7F, 0x761E,
  0x3331, 0x1149, 0x00C6, 0x1148, 0x3310, 0x6DFE, 0x7E7F, 0x7E7F, 0x7E7F, 0x7E7F, 0x7E7F, 0x7E7F,
  0x43D3, 0x00A6, 0x00A6, 0x00A6, 0x00A6, 0x5CD8, 0x7E7F, 0x7E7F, 0x7E7F, 0x7E7F, 0x7E7F, 0x763E,
  0x00A6, 0x00A6, 0x00A6, 0x08E7, 0x6DFD, 0x7E7F, 0x7E7F, 0x7E7F, 0x7E7F, 0x7E7F, 0x7E7F, 0x4C56,
  0x00A6, 0x00A6, 0x00A6, 0x00A6, 0x655B, 0x7E7F, 0x7E7F, 0x7E7F, 0x7E7F, 0x7E7F, 0x657B, 0x00A6,
  0x00A6, 0x00A6, 0x00A6, 0x00A6, 0x00A6, 0x00A6, 0x00A6, 0x00A6, 0x00A6, 0x00A6, 0x00A6, 0x00A6,
  0x00A6, 0x94D3, 0xB596, 0x7BCF, 0x0000, 0x0000, 0x0000, 0x0841, 0x0861, 0x10A2, 0x18E3, 0x18C3,
  0x1082, 0x0000, 0x0000, 0x0000, 0x0000, 0x0800, 0x0000, 0x0000, 0x0000, 0x0020, 0x00A4, 0x00A7,
  0x00C8, 0x00E8, 0x00E8, 0x00C6, 0x0043, 0x0044, 0x00A6, 0x0085, 0x00A5, 0x0042, 0x0000, 0x0020,
  0x0000, 0x0000, 0x0000, 0x0841, 0x7BCF, 0x1040, 0x0000, 0x21CA, 0x222D, 0x1967, 0x1987, 0x2ACE,
  0x3AF0, 0x0088, 0x0003, 0x73B1, 0x08A6, 0x0003, 0x0886, 0x08E7, 0x0086, 0x00C7, 0x00A6, 0x0084,
  0x0085, 0x0085, 0x0085, 0x0085, 0x0064, 0x0085, 0x00C6, 0x00A7, 0x0108, 0x014B, 0x014B, 0x094C,
  0x00EB, 0x01B1, 0x3CFE, 0x561F, 0x0B15, 0x0088, 0x00A6, 0x094A, 0x094B, 0x00C8, 0x00A9, 0x3D3E,
  0x5E5F, 0x0236, 0x0A78, 0x02BB, 0x7F5F, 0xCFFF, 0x145D, 0x0216, 0x0214, 0x0AB7, 0x1BDD, 0x139C,
  0x010D, 0x1A50, 0x0044, 0x0023, 0x0064, 0x00C8, 0x1272, 0x00A8, 0x0002, 0x0022, 0x0041, 0x0021,
  0x0022, 0x0021, 0x0001, 0x0021, 0x0000, 0x0001, 0x0884, 0x0000, 0x0000, 0x0000, 0x0000, 0x0000,
  0x0064, 0x0043, 0x0022, 0x0908, 0x0108, 0x00A6, 0x0109, 0x0230, 0x3CFB, 0x0928, 0x00A6, 0x00A6,
  0x6DBC, 0x7E7F, 0x7E7F, 0x7E7F, 0x7E7F, 0x43F4, 0x00A6, 0x00A6, 0x3310, 0x7E7F, 0x7E7F, 0x7E7F,
  0x7E7F, 0x7E7F, 0x7E7F, 0x655B, 0x00A6, 0x00A6, 0x1189, 0x7E7F, 0x7E7F, 0x7E7F, 0x7E7F, 0x7E7F,
  0x224D, 0x00A6, 0x00A6, 0x00A6, 0x655B, 0x7E7F, 0x7E7F, 0x7E7F, 0x7E7F, 0x7E7F, 0x7E7F, 0x7E7F,
  0x7E7F, 0x7E7F, 0x7E7F, 0x7E7F, 0x7E7F, 0x7E7F, 0x7E7F, 0x7E7F, 0x7E7F, 0x7E7F, 0x224D, 0x00A6,
  0x00A6, 0x11AA, 0x767F, 0x7E7F, 0x7E7F, 0x7E7F, 0x7E7F, 0x7E7F, 0x765F, 0x43F4, 0x224D, 0x222C,
  0x3B72, 0x761E, 0x7E7F, 0x7E7F, 0x7E7F, 0x7E7F, 0x7E7F, 0x6DDC, 0x00C6, 0x00A6, 0x00A6, 0x00A6,
  0x5D19, 0x7E7F, 0x7E7F, 0x7E7F, 0x7E7F, 0x7E7F, 0x6DBC, 0x00A6, 0x00A6, 0x00A5, 0x0863, 0x00A5,
  0x00A6, 0x00A6, 0x6DDD, 0x7E7F, 0x7E7F, 0x7E7F, 0x7E7F, 0x7E7F, 0x5D3A, 0x00A6, 0x00A6, 0x00A6,
  0x00A6, 0x08E7, 0x6DBC, 0x7E7F, 0x7E7F, 0x7E7F, 0x7E7F, 0x7E7F, 0x7E7F, 0x7E7F, 0x7E7F, 0x7E7F,
  0x7E7F, 0x7E7F, 0x7E7F, 0x7E7F, 0x7E7F, 0x7E7F, 0x7E7F, 0x7E7F, 0x19EB, 0x00A6, 0x00A6, 0x00A6,
  0x0927, 0x6DFD, 0x7E7F, 0x7E7F, 0x7E7F, 0x7E7F, 0x7E7F, 0x7E7F, 0x7E7F, 0x7E7F, 0x7E7F, 0x7E7F,
  0x7E7F, 0x7E7F, 0x7E7F, 0x7E7F, 0x7E7F, 0x7E7F, 0x7E7F, 0x6DFE, 0x0928, 0x00A6, 0x00A6, 0x00A6,
  0x00A6, 0x5CD8, 0x7E7F, 0x7E7F, 0x7E7F, 0x7E7F, 0x7E7F, 0x763E, 0x00A6, 0x00A6, 0x00A6, 0x00A6,
  0x3B51, 0x7E7F, 0x7E7F, 0x7E7F, 0x7E7F, 0x7E7F, 0x7E7F, 0x765F, 0x1189, 0x00A6, 0x00A6, 0x00A6,
  0x655B, 0x7E7F, 0x7E7F, 0x7E7F, 0x7E7F, 0x7E7F, 0x7E7F, 0x7E7F, 0x7E7F, 0x7E7F, 0x7E7F, 0x7E7F,
  0x7E7F, 0x7E7F, 0x7E7F, 0x7E7F, 0x7E7F, 0x7E7F, 0x224D, 0x00A6, 0x00A6, 0x0041, 0xFFDF, 0xC638,
  0x0000, 0x0000, 0x0000, 0x0841, 0x0861, 0x1082, 0x18C3, 0x2104, 0x2944, 0x18E3, 0x10A2, 0x1081,
  0x0840, 0x0000, 0x0000, 0x0000, 0x0000, 0x0000, 0x0000, 0x0020, 0x0062, 0x0084, 0x0085, 0x00A6,
  0x0086, 0x0064, 0x0085, 0x00A5, 0x00A4, 0x0040, 0x0000, 0x0020, 0x0000, 0x0000, 0x0000, 0x528A,
  0x5AEB, 0x0000, 0x0000, 0x2A2C, 0x19EA, 0x10E5, 0x322A, 0x3B10, 0x1A0D, 0x0005, 0x0065, 0x1108,
  0x0023, 0x1129, 0x31AA, 0x320B, 0x00A7, 0x00C8, 0x0085, 0x0086, 0x0085, 0x0085, 0x0085, 0x0085,
  0x0064, 0x0086, 0x0085, 0x0066, 0x00EA, 0x018C, 0x01AD, 0x014E, 0x1B16, 0x5E7F, 0x351C, 0x00CA,
  0x0025, 0x0108, 0x098C, 0x118B, 0x010A, 0x01B0, 0x24DF, 0x3D5F, 0x0236, 0x0277, 0x0238, 0x775F,
  0xDFFF, 0x1CDE, 0x0258, 0x0214, 0x0235, 0x139A, 0x1BDB, 0x01F1, 0x1252, 0x0086, 0x0023, 0x00E6,
  0x09AC, 0x012B, 0x00E9, 0x0109, 0x0001, 0x0042, 0x0041, 0x0022, 0x0022, 0x0001, 0x0021, 0x0021,
  0x0001, 0x0000, 0x0000, 0x0021, 0x0000, 0x0000, 0x0000, 0x0000, 0x0085, 0x0043, 0x0022, 0x00E7,
  0x0109, 0x00A6, 0x014A, 0x018D, 0x2C9A, 0x0948, 0x00A6, 0x00A6, 0x6DBC, 0x7E7F, 0x7E7F, 0x7E7F,
  0x7E7F, 0x43F4, 0x00A6, 0x00A6, 0x1189, 0x7E7F, 0x7E7F, 0x7E7F, 0x7E7F, 0x7E7F, 0x7E7F, 0x43D4,
  0x00A6, 0x00A6, 0x1189, 0x7E7F, 0x7E7F, 0x7E7F, 0x7E7F, 0x7E7F, 0x224D, 0x00A6, 0x00A6, 0x00A6,
  0x655B, 0x7E7F, 0x7E7F, 0x7E7F, 0x7E7F, 0x7E7F, 0x7E7F, 0x7E7F, 0x7E7F, 0x7E7F, 0x7E7F, 0x7E7F,
  0x7E7F, 0x7E7F, 0x7E7F, 0x7E7F, 0x7E7F, 0x7E7F, 0x224D, 0x00A6, 0x00A6, 0x00A6, 0x4C35, 0x7E7F,
  0x7E7F, 0x7E7F, 0x7E7F, 0x7E7F, 0x7E7F, 0x7E7F, 0x7E7F, 0x7E7F, 0x7E7F, 0x7E7F, 0x7E7F, 0x7E7F,
  0x7E7F, 0x7E7F, 0x7E7F, 0x2A8E, 0x00A6, 0x00A6, 0x00A6, 0x00A6, 0x5D19, 0x7E7F, 0x7E7F, 0x7E7F,
  0x7E7F, 0x7E7F, 0x6DBC, 0x00A6, 0x00A6, 0x08C6, 0x2146, 0x00A5, 0x00A6, 0x00A6, 0x6DDD, 0x7E7F,
  0x7E7F, 0x7E7F, 0x7E7F, 0x7E7F, 0x5D3A, 0x00A6, 0x00A6, 0x00A5, 0x00A6, 0x00A6, 0x1A0B, 0x765F,
  0x7E7F, 0x7E7F, 0x7E7F, 0x7E7F, 0x7E7F, 0x7E7F, 0x7E7F, 0x7E7F, 0x7E7F, 0x7E7F, 0x7E7F, 0x7E7F,
  0x7E7F, 0x7E7F, 0x7E7F, 0x4C15, 0x00A6, 0x00A6, 0x00A6, 0x00A6, 0x00A6, 0x224D, 0x765F, 0x7E7F,
  0x7E7F, 0x7E7F, 0x7E7F, 0x7E7F, 0x7E7F, 0x7E7F, 0x7E7F, 0x7E7F, 0x7E7F, 0x7E7F, 0x7E7F, 0x7E7F,
  0x7E7F, 0x7E7F, 0x765F, 0x226D, 0x00A6, 0x00A6, 0x08C6, 0x00A6, 0x00A6, 0x5CD8, 0x7E7F, 0x7E7F,
  0x7E7F, 0x7E7F, 0x7E7F, 0x763E, 0x00A6, 0x00A6, 0x00A6, 0x00A6, 0x08E6, 0x6DDD, 0x7E7F, 0x7E7F,
  0x7E7F, 0x7E7F, 0x7E7F, 0x7E7F, 0x4C76, 0x00A6, 0x00A6, 0x00A6, 0x655B, 0x7E7F, 0x7E7F, 0x7E7F,
  0x7E7F, 0x7E7F, 0x7E7F, 0x7E7F, 0x7E7F, 0x7E7F, 0x7E7F, 0x7E7F, 0x7E7F, 0x7E7F, 0x7E7F, 0x7E7F,
  0x7E7F, 0x7E7F, 0x224D, 0x00A6, 0x00A6, 0x0021, 0xE71B, 0xBDF7, 0x0020, 0x0000, 0x0000, 0x0861,
  0x1082, 0x1082, 0x10A2, 0x18E3, 0x18E3, 0x2103, 0x18E3, 0x18E3, 0x2945, 0x2945, 0x1081, 0x0000,
  0x0000, 0x0000, 0x0000, 0x0000, 0x0000, 0x0000, 0x0000, 0x0043, 0x00A4, 0x00A5, 0x00A7, 0x00C6,
  0x0083, 0x0000, 0x0000, 0x0000, 0x0000, 0x0000, 0x0000, 0x8410, 0x20E3, 0x0000, 0x1987, 0x2A4C,
  0x1988, 0x1106, 0x328D, 0x3B11, 0x00E8, 0x0045, 0x0086, 0x0065, 0x0001, 0x426C, 0x734F, 0x198A,
  0x0087, 0x116A, 0x00C6, 0x00A6, 0x0065, 0x0084, 0x0064, 0x0064, 0x0064, 0x0065, 0x0085, 0x094A,
  0x010A, 0x00CA, 0x016F, 0x243C, 0x3D7F, 0x0337, 0x0067, 0x0886, 0x00A8, 0x0929, 0x1128, 0x010A,
  0x02B4, 0x2D1F, 0x0B7C, 0x01D6, 0x0A18, 0x01F8, 0x6F5F, 0xC7FF, 0x147E, 0x0279, 0x0235, 0x0213,
  0x0A75, 0x1B79, 0x01CF, 0x1211, 0x012B, 0x0044, 0x0001, 0x3B10, 0x4439, 0x0005, 0x00C7, 0x00E8,
  0x0021, 0x0021, 0x0021, 0x0022, 0x0022, 0x0001, 0x0021, 0x0021, 0x0001, 0x0000, 0x0001, 0x0883,
  0x0020, 0x0000, 0x0000, 0x0000, 0x0064, 0x0084, 0x0022, 0x00C6, 0x0129, 0x0085, 0x09AB, 0x012B,
  0x23F8, 0x0948, 0x00A6, 0x00A6, 0x6DBC, 0x7E7F, 0x7E7F, 0x7E7F, 0x7E7F, 0x43F4, 0x00A6, 0x00A6,
  0x00A6, 0x6DDD, 0x7E7F, 0x7E7F, 0x7E7F, 0x7E7F, 0x7E7F, 0x226D, 0x00A6, 0x00A6, 0x1189, 0x7E7F,
  0x7E7F, 0x7E7F, 0x7E7F, 0x7E7F, 0x224D, 0x00A6, 0x00A6, 0x00A6, 0x655B, 0x7E7F, 0x7E7F, 0x7E7F,
  0x7E7F, 0x7E7F, 0x7E7F, 0x7E7F, 0x7E7F, 0x7E7F, 0x7E7F, 0x7E7F, 0x7E7F, 0x7E7F, 0x7E7F, 0x7E7F,
  0x7E7F, 0x7E7F, 0x224D, 0x00A6, 0x00A6, 0x00A6, 0x08E7, 0x655B, 0x7E7F, 0x7E7F, 0x7E7F, 0x7E7F,
  0x7E7F, 0x7E7F, 0x7E7F, 0x7E7F, 0x7E7F, 0x7E7F, 0x7E7F, 0x7E7F, 0x7E7F, 0x7E7F, 0x3B72, 0x00A6,
  0x00A6, 0x00A6, 0x00A6, 0x00A6, 0x5D19, 0x7E7F, 0x7E7F, 0x7E7F, 0x7E7F, 0x7E7F, 0x6DBC, 0x00A6,
  0x00A6, 0x00A5, 0x0883, 0x00A5, 0x00A6, 0x00A6, 0x6DDD, 0x7E7F, 0x7E7F, 0x7E7F, 0x7E7F, 0x7E7F,
  0x5D3A, 0x00A6, 0x00A6, 0x10E6, 0x00A6, 0x00A6, 0x00A6, 0x2A6E, 0x763F, 0x7E7F, 0x7E7F, 0x7E7F,
  0x7E7F, 0x7E7F, 0x7E7F, 0x7E7F, 0x7E7F, 0x7E7F, 0x7E7F, 0x7E7F, 0x7E7F, 0x7E7F, 0x5497, 0x00C6,
  0x00A6, 0x00A6, 0x2167, 0x00A6, 0x00A6, 0x00A6, 0x2A8E, 0x763F, 0x7E7F, 0x7E7F, 0x7E7F, 0x7E7F,
  0x7E7F, 0x7E7F, 0x7E7F, 0x7E7F, 0x7E7F, 0x7E7F, 0x7E7F, 0x7E7F, 0x7E7F, 0x763F, 0x2AAE, 0x00A6,
  0x00A6, 0x00A6, 0x00A5, 0x00A6, 0x00A6, 0x5CD8, 0x7E7F, 0x7E7F, 0x7E7F, 0x7E7F, 0x7E7F, 0x763E,
  0x00A6, 0x00A6, 0x00A6, 0x00A6, 0x00A6, 0x3310, 0x7E7F, 0x7E7F, 0x7E7F, 0x7E7F, 0x7E7F, 0x7E7F,
  0x767F, 0x118A, 0x00A6, 0x00A6, 0x655B, 0x7E7F, 0x7E7F, 0x7E7F, 0x7E7F, 0x7E7F, 0x7E7F, 0x7E7F,
  0x7E7F, 0x7E7F, 0x7E7F, 0x7E7F, 0x7E7F, 0x7E7F, 0x7E7F, 0x7E7F, 0x7E7F, 0x7E7F, 0x224D, 0x00A6,
  0x00A6, 0x31C8, 0x5AEB, 0x0861, 0x0000, 0x0000, 0x0000, 0x0861, 0x18C2, 0x10A2, 0x1082, 0x0862,
  0x2103, 0x1082, 0x0020, 0x10A3, 0x18E3, 0x2965, 0x2945, 0x2124, 0x18C3, 0x10A2, 0x0020, 0x0000,
  0x0000, 0x0000, 0x0000, 0x0000, 0x0000, 0x0041, 0x0042, 0x0084, 0x0042, 0x0000, 0x0000, 0x0000,
  0x0000, 0x0000, 0x4208, 0x738E, 0x0000, 0x0000, 0x226C, 0x222B, 0x10C5, 0x21C9, 0x32CE, 0x226E,
  0x0046, 0x00A7, 0x0086, 0x0085, 0x0044, 0x0044, 0xC65A, 0x118A, 0x0025, 0x2A0C, 0x00C7, 0x0066,
  0x0065, 0x0064, 0x0043, 0x0002, 0x00A7, 0x1A30, 0x11CE, 0x00A8, 0x00AA, 0x1295, 0x241D, 0x1316,
  0x016E, 0x0211, 0x1A4F, 0x196A, 0x0086, 0x0065, 0x00C9, 0x0AF7, 0x2CDF, 0x0B3A, 0x0215, 0x01F6,
  0x029A, 0x97FF, 0xBFFF, 0x0C3D, 0x01F6, 0x01F3, 0x01D3, 0x0233, 0x0AF7, 0x012E, 0x098E, 0x00E9,
  0x0044, 0x0064, 0x0002, 0x0085, 0x0086, 0x0065, 0x0085, 0x00A6, 0x0043, 0x0021, 0x0022, 0x0021,
  0x0022, 0x0001, 0x0021, 0x0001, 0x0001, 0x0001, 0x0001, 0x0000, 0x0000, 0x0000, 0x0000, 0x0000,
  0x0022, 0x0084, 0x0043, 0x00A5, 0x0929, 0x0085, 0x11CC, 0x00C8, 0x1B35, 0x0928, 0x00A6, 0x00A6,
  0x6DBC, 0x7E7F, 0x7E7F, 0x7E7F, 0x7E7F, 0x43F4, 0x00A6, 0x00A6, 0x00A6, 0x4C56, 0x7E7F, 0x7E7F,
  0x7E7F, 0x7E7F, 0x765F, 0x0907, 0x00A6, 0x00A6, 0x1189, 0x7E7F, 0x7E7F, 0x7E7F, 0x7E7F, 0x7E7F,
  0x224D, 0x00A6, 0x00A6, 0x00A6, 0x655B, 0x7E7F, 0x7E7F, 0x7E7F, 0x7E7F, 0x7E7F, 0x7E7F, 0x7E7F,
  0x7E7F, 0x7E7F, 0x7E7F, 0x7E7F, 0x7E7F, 0x7E7F, 0x7E7F, 0x7E7F, 0x7E7F, 0x7E7F, 0x224D, 0x00A6,
  0x00A6, 0x00A6, 0x00A6, 0x08E7, 0x4C56, 0x767F, 0x7E7F, 0x7E7F, 0x7E7F, 0x7E7F, 0x7E7F, 0x7E7F,
  0x7E7F, 0x7E7F, 0x7E7F, 0x7E7F, 0x6DBC, 0x2A8E, 0x00A6, 0x00A6, 0x00A6, 0x00A5, 0x00A6, 0x00A6,
  0x5D19, 0x7E7F, 0x7E7F, 0x7E7F, 0x7E7F, 0x7E7F, 0x6DBC, 0x00A6, 0x00A6, 0x0085, 0x0042, 0x00A5,
  0x00A6, 0x00A6, 0x6DDD, 0x7E7F, 0x7E7F, 0x7E7F, 0x7E7F, 0x7E7F, 0x5D3A, 0x00A6, 0x00A6, 0x08A5,
  0x0084, 0x00A6, 0x00A6, 0x00A6, 0x19CB, 0x655A, 0x7E7F, 0x7E7F, 0x7E7F, 0x7E7F, 0x7E7F, 0x7E7F,
  0x7E7F, 0x7E7F, 0x7E7F, 0x7E7F, 0x763E, 0x3B72, 0x00C6, 0x00A6, 0x00A6, 0x00A5, 0x0021, 0x0043,
  0x00A6, 0x00A6, 0x00A6, 0x19AA, 0x5CF9, 0x7E7F, 0x7E7F, 0x7E7F, 0x7E7F, 0x7E7F, 0x7E7F, 0x7E7F,
  0x7E7F, 0x7E7F, 0x7E7F, 0x7E7F, 0x5CF9, 0x118A, 0x00A6, 0x00A6, 0x00A6, 0x4A8B, 0x0084, 0x00A6,
  0x00A6, 0x5CD8, 0x7E7F, 0x7E7F, 0x7E7F, 0x7E7F, 0x7E7F, 0x763E, 0x00A6, 0x00A6, 0x00A6, 0x00A6,
  0x00A6, 0x00C6, 0x6DBC, 0x7E7F, 0x7E7F, 0x7E7F, 0x7E7F, 0x7E7F, 0x7E7F, 0x5476, 0x00A6, 0x00A6,
  0x655B, 0x7E7F, 0x7E7F, 0x7E7F, 0x7E7F, 0x7E7F, 0x7E7F, 0x7E7F, 0x7E7F, 0x7E7F, 0x7E7F, 0x7E7F,
  0x7E7F, 0x7E7F, 0x7E7F, 0x7E7F, 0x7E7F, 0x7E7F, 0x224D, 0x00A6, 0x00A6, 0x94D4, 0xA535, 0x630C,
  0x0000, 0x0000, 0x0000, 0x0861, 0x18C2, 0x10C2, 0x1062, 0x0000, 0x6B4C, 0x2965, 0x31A6, 0x0000,
  0x0000, 0x1082, 0x18C2, 0x20E3, 0x3165, 0x39C7, 0x39C7, 0x2103, 0x0000, 0x0000, 0x0000, 0x0000,
  0x0000, 0x0000, 0x0000, 0x0000, 0x0000, 0x0000, 0x0000, 0x0000, 0x0000, 0x0000, 0x83EF, 0x3185,
  0x0000, 0x1126, 0x228E, 0x1988, 0x08C5, 0x2A4B, 0x3AEF, 0x014A, 0x0066, 0x00C8, 0x00E8, 0x00E7,
  0x00A6, 0x0064, 0x4B0F, 0x0086, 0x00A7, 0x0086, 0x00C7, 0x0086, 0x0085, 0x00A5, 0x0043, 0x116B,
  0x1A30, 0x014B, 0x0068, 0x09AF, 0x2BDC, 0x1399, 0x01AF, 0x0088, 0x09CE, 0x1272, 0x00E9, 0x0065,
  0x0023, 0x012A, 0x2C3C, 0x1C5E, 0x02B7, 0x0A76, 0x0237, 0x0359, 0xB7FF, 0xAFFF, 0x035A, 0x0172,
  0x014F, 0x0A13, 0x01D3, 0x1339, 0x014E, 0x1A31, 0x092B, 0x0024, 0x0085, 0x0064, 0x00A7, 0x00E8,
  0x0044, 0x0064, 0x0023, 0x0064, 0x0043, 0x0022, 0x0022, 0x0021, 0x0022, 0x0021, 0x0021, 0x0001,
  0x0001, 0x0001, 0x0001, 0x0000, 0x0000, 0x0000, 0x0000, 0x0000, 0x0022, 0x08A5, 0x0085, 0x0065,
  0x0108, 0x00A4, 0x09CC, 0x0066, 0x1270, 0x0928, 0x00A6, 0x00A6, 0x6DBC, 0x7E7F, 0x7E7F, 0x7E7F,
  0x7E7F, 0x43F4, 0x00A6, 0x00A6, 0x00A6, 0x32EF, 0x7E7F, 0x7E7F, 0x7E7F, 0x7E7F, 0x5D3A, 0x00A6,
  0x00A6, 0x00A6, 0x1189, 0x7E7F, 0x7E7F, 0x7E7F, 0x7E7F, 0x7E7F, 0x224D, 0x00A6, 0x00A6, 0x00A6,
  0x655B, 0x7E7F, 0x7E7F, 0x7E7F, 0x7E7F, 0x7E7F, 0x7E7F, 0x7E7F, 0x7E7F, 0x7E7F, 0x7E7F, 0x7E7F,
  0x7E7F, 0x7E7F, 0x7E7F, 0x7E7F, 0x7E7F, 0x7E7F, 0x224D, 0x00A6, 0x00A6, 0x00A5, 0x00A6, 0x00A6,
  0x00A6, 0x1169, 0x3B72, 0x5497, 0x659C, 0x6DFE, 0x765F, 0x765F, 0x761E, 0x657B, 0x4C56, 0x2AAF,
  0x08E6, 0x00A6, 0x00A6, 0x00A6, 0x0084, 0x0084, 0x00A6, 0x00A6, 0x5D19, 0x7E7F, 0x7E7F, 0x7E7F,
  0x7E7F, 0x7E7F, 0x6DBC, 0x00A6, 0x00A6, 0x00A6, 0x08C4, 0x00A5, 0x00A6, 0x00A6, 0x6DDD, 0x7E7F,
  0x7E7F, 0x7E7F, 0x7E7F, 0x7E7F, 0x5D3A, 0x00A6, 0x00A6, 0x08C5, 0xCD73, 0x1926, 0x00A6, 0x00A6,
  0x00A6, 0x00A6, 0x220C, 0x43D4, 0x5D19, 0x6DDD, 0x763F, 0x767F, 0x763F, 0x6DDC, 0x5CD8, 0x3B52,
  0x0948, 0x00A6, 0x00A6, 0x00A6, 0x00A5, 0x10C4, 0x0021, 0x0000, 0x08A4, 0x00A6, 0x00A6, 0x00A6,
  0x00A6, 0x19AA, 0x3B92, 0x5CD8, 0x6DBC, 0x763E, 0x767F, 0x763F, 0x6DDD, 0x5CF9, 0x43B3, 0x19CB,
  0x00A6, 0x00A6, 0x00A6, 0x00A6, 0x636F, 0x3144, 0x08A5, 0x00A6, 0x00A6, 0x5CD8, 0x7E7F, 0x7E7F,
  0x7E7F, 0x7E7F, 0x7E7F, 0x763E, 0x00A6, 0x00A6, 0x00A6, 0x320A, 0x00A6, 0x00A6, 0x2AAF, 0x7E7F,
  0x7E7F, 0x7E7F, 0x7E7F, 0x7E7F, 0x7E7F, 0x767F, 0x118A, 0x00A6, 0x655B, 0x7E7F, 0x7E7F, 0x7E7F,
  0x7E7F, 0x7E7F, 0x7E7F, 0x7E7F, 0x7E7F, 0x7E7F, 0x7E7F, 0x7E7F, 0x7E7F, 0x7E7F, 0x7E7F, 0x7E7F,
  0x7E7F, 0x7E7F, 0x224D, 0x00A6, 0x00A6, 0x5B2D, 0xDEDB, 0x0000, 0x0000, 0x0000, 0x0841, 0x1082,
  0x10A2, 0x10C2, 0x0861, 0x0000, 0x0841, 0xEF5C, 0xFFFF, 0xEF7E, 0x52AA, 0x0000, 0x0000, 0x0000,
  0x1062, 0x3186, 0x39C7, 0x39E7, 0x31A6, 0x2985, 0x10A2, 0x0000, 0x0000, 0x0000, 0x0000, 0x0000,
  0x0000, 0x0000, 0x0000, 0x0000, 0x0000, 0x2124, 0x6B4D, 0x0000, 0x0000, 0x224D, 0x2A4D, 0x1946,
  0x21A8, 0x326D, 0x2AAF, 0x0088, 0x00C8, 0x010A, 0x012A, 0x0108, 0x00C7, 0x00C7, 0x0085, 0x0024,
  0x00E7, 0x00C7, 0x00C7, 0x0086, 0x00A6, 0x0109, 0x096D, 0x014C, 0x0066, 0x012B, 0x1337, 0x2379,
  0x01F0, 0x00E9, 0x0109, 0x098B, 0x0A2E, 0x016B, 0x0087, 0x010B, 0x0A72, 0x4D7E, 0x3CBC, 0x02B7,
  0x12D7, 0x0134, 0x13FA, 0xC7FF, 0x8FFF, 0x02FC, 0x0193, 0x09D1, 0x1252, 0x01B0, 0x2C9E, 0x01D2,
  0x1231, 0x19EE, 0x0004, 0x0084, 0x0063, 0x00A7, 0x016D, 0x0087, 0x00A6, 0x0063, 0x0021, 0x0042,
  0x0043, 0x0001, 0x0022, 0x0022, 0x0021, 0x0001, 0x0021, 0x0021, 0x0001, 0x0001, 0x0000, 0x0000,
  0x0000, 0x0000, 0x0000, 0x0000, 0x0022, 0x0084, 0x00A6, 0x0064, 0x0129, 0x0085, 0x098B, 0x0045,
  0x09CD, 0x096A, 0x00A6, 0x00A6, 0x00A6, 0x00A6, 0x00A6, 0x00A6, 0x00A6, 0x00A6, 0x00A6, 0x00A6,
  0x00A6, 0x00A6, 0x00A6, 0x00A6, 0x00A6, 0x00A6, 0x00A6, 0x00A6, 0x00A6, 0x00A6, 0x00A6, 0x00A6,
  0x00A6, 0x00A6, 0x00A6, 0x00A6, 0x00A6, 0x00A6, 0x00A6, 0x00A6, 0x00A6, 0x00A6, 0x00A6, 0x00A6,
  0x00A6, 0x00A6, 0x00A6, 0x00A6, 0x00A6, 0x00A6, 0x00A6, 0x00A6, 0x00A6, 0x00A6, 0x00A6, 0x00A6,
  0x00A6, 0x00A6, 0x00A6, 0x00A6, 0x00A6, 0x0042, 0x00A5, 0x00A6, 0x00A6, 0x00A6, 0x00A6, 0x00A6,
  0x00A6, 0x00A6, 0x00A6, 0x00A6, 0x00A6, 0x00A6, 0x00A6, 0x00A6, 0x00A6, 0x00A6, 0x00A6, 0x0064,
  0x0021, 0x0084, 0x00A6, 0x00A6, 0x00A6, 0x00A6, 0x00A6, 0x00A6, 0x00A6, 0x00A6, 0x00A6, 0x00A6,
  0x00A6, 0x08C6, 0x31C8, 0x08C6, 0x00A6, 0x00A6, 0x00A6, 0x00A6, 0x00A6, 0x00A6, 0x00A6, 0x00A6,
  0x00A6, 0x00A6, 0x00A6, 0x0064, 0x5248, 0x2986, 0x1926, 0x00A5, 0x00A6, 0x00A6, 0x00A6, 0x00A6,
  0x00A6, 0x00A6, 0x00A6, 0x00A6, 0x00A6, 0x00A6, 0x00A6, 0x00A6, 0x00A6, 0x00A6, 0x00A6, 0x08C5,
  0x18C4, 0x4228, 0x10A3, 0x0822, 0x5A69, 0x0083, 0x00A5, 0x00A6, 0x00A6, 0x00A6, 0x00A6, 0x00A6,
  0x00A6, 0x00A6, 0x00A6, 0x00A6, 0x00A6, 0x00A6, 0x00A6, 0x00A6, 0x00A6, 0x00A6, 0x00A5, 0x4AEE,
  0x41C7, 0x0000, 0x08A4, 0x00A6, 0x00A6, 0x00A6, 0x00A6, 0x00A6, 0x00A6, 0x00A6, 0x00A6, 0x00A6,
  0x00A6, 0x00A6, 0x0085, 0x10C3, 0x00A6, 0x00A6, 0x00A6, 0x00A6, 0x00A6, 0x00A6, 0x00A6, 0x00A6,
  0x00A6, 0x00A6, 0x00A6, 0x00A6, 0x00A6, 0x00A6, 0x00A6, 0x00A6, 0x00A6, 0x00A6, 0x00A6, 0x00A6,
  0x00A6, 0x00A6, 0x00A6, 0x00A6, 0x00A6, 0x00A6, 0x00A6, 0x00A6, 0x00A6, 0x00A6, 0x00A6, 0x00A6,
  0x00A6, 0xBE18, 0x10A2, 0x0000, 0x0000, 0x0000, 0x0841, 0x1082, 0x10A2, 0x18C2, 0x0000, 0x2945,
  0xFFFF, 0xFFFF, 0xFFFF, 0xF7BE, 0x0000, 0x6B6D, 0xBDD7, 0x39C7, 0x2124, 0x0841, 0x0861, 0x2124,
  0x2965, 0x39C7, 0x4208, 0x4207, 0x31A6, 0x18E3, 0x0000, 0x0000, 0x0000, 0x0000, 0x0000, 0x0000,
  0x0000, 0x6B4C, 0x31A5, 0x0000, 0x08A4, 0x2A8E, 0x21EA, 0x1926, 0x21EB, 0x3B0F, 0x11ED, 0x0088,
  0x00E8, 0x0129, 0x0108, 0x00A8, 0x00C7, 0x0109, 0x0065, 0x0085, 0x00E6, 0x00C6, 0x0086, 0x0065,
  0x014A, 0x11EF, 0x012C, 0x00E9, 0x0A72, 0x1358, 0x0251, 0x00C8, 0x00E7, 0x014A, 0x1210, 0x11EE,
  0x01ED, 0x00E7, 0x014B, 0x1C1A, 0x23DC, 0x0A76, 0x1296, 0x0215, 0x0196, 0x2D1E, 0xCFFF, 0x5EFF,
  0x0298, 0x0236, 0x0151, 0x0190, 0x01B1, 0x241D, 0x0B17, 0x1A53, 0x1A0E, 0x0002, 0x00E8, 0x0024,
  0x0909, 0x4418, 0x00EA, 0x00A7, 0x0085, 0x0043, 0x0042, 0x0042, 0x0043, 0x0021, 0x0002, 0x0064,
  0x0021, 0x0000, 0x0001, 0x0021, 0x0021, 0x0000, 0x0000, 0x0000, 0x0000, 0x0000, 0x0000, 0x0000,
  0x0021, 0x0084, 0x0108, 0x0044, 0x0949, 0x00A6, 0x098B, 0x0065, 0x018C, 0x1AD2, 0x00A6, 0x00A6,
  0x00A6, 0x00A6, 0x00A6, 0x00A6, 0x00A6, 0x00A6, 0x00A6, 0x00A6, 0x00A6, 0x00A6, 0x00A6, 0x00A6,
  0x00A6, 0x00A6, 0x00A6, 0x00A6, 0x00A6, 0x00A6, 0x00A6, 0x00A6, 0x00A6, 0x00A6, 0x00A6, 0x00A6,
  0x00A6, 0x00A6, 0x00A6, 0x00A6, 0x00A6, 0x00A6, 0x00A6, 0x00A6, 0x00A6, 0x00A6, 0x00A6, 0x00A6,
  0x00A6, 0x00A6, 0x00A6, 0x00A6, 0x00A6, 0x00A6, 0x00A6, 0x00A6, 0x00A6, 0x00A6, 0x00A6, 0x00A6,
  0x0085, 0x0001, 0x0001, 0x0063, 0x00A5, 0x00A6, 0x00A6, 0x00A6, 0x00A6, 0x00A6, 0x00A6, 0x00A6,
  0x00A6, 0x00A6, 0x00A6, 0x00A6, 0x00A6, 0x0085, 0x0042, 0x0001, 0x0001, 0x0043, 0x00A6, 0x00A6,
  0x00A6, 0x00A6, 0x00A6, 0x00A6, 0x00A6, 0x00A6, 0x00A6, 0x00A6, 0x00A6, 0x0863, 0x0000, 0x10C5,
  0x00A6, 0x00A6, 0x00A6, 0x00A6, 0x00A6, 0x00A6, 0x00A6, 0x00A6, 0x00A6, 0x00A6, 0x00A6, 0x2105,
  0x0882, 0x0041, 0x3186, 0x0000, 0x1106, 0x00A6, 0x00A6, 0x00A6, 0x00A6, 0x00A6, 0x00A6, 0x00A6,
  0x00A6, 0x00A6, 0x00A6, 0x00A6, 0x00A6, 0x00A5, 0x29A7, 0x18C4, 0x3187, 0x0000, 0x0842, 0x4208,
  0x49E6, 0x18A3, 0x0863, 0x0064, 0x00A5, 0x00A6, 0x00A6, 0x00A6, 0x00A6, 0x00A6, 0x00A6, 0x00A6,
  0x00A6, 0x00A6, 0x00A6, 0x00A6, 0x00A5, 0x0064, 0x1168, 0xC638, 0x0000, 0x0000, 0x2125, 0x00A6,
  0x00A6, 0x00A6, 0x00A6, 0x00A6, 0x00A6, 0x00A6, 0x00A6, 0x00A6, 0x00A6, 0x00A6, 0x0042, 0x0000,
  0x0063, 0x00A6, 0x00A6, 0x00A6, 0x00A6, 0x00A6, 0x00A6, 0x00A6, 0x00A6, 0x00A6, 0x00A6, 0x00A6,
  0x00A6, 0x00A6, 0x00A6, 0x00A6, 0x00A6, 0x00A6, 0x00A6, 0x00A6, 0x00A6, 0x00A6, 0x00A6, 0x00A6,
  0x00A6, 0x00A6, 0x00A6, 0x00A6, 0x00A6, 0x00A6, 0x00A6, 0x00A6, 0x1127, 0x0000, 0x0000, 0x0000,
  0x0000, 0x0841, 0x0861, 0x1082, 0x10A2, 0x18E3, 0x0000, 0x738E, 0xFFFF, 0xDEDA, 0x8410, 0x0000,
  0x8430, 0xFFFF, 0xFFFF, 0xFFFF, 0x39E7, 0x0040, 0x630B, 0x0000, 0x1082, 0x1082, 0x2944, 0x31C6,
  0x4A69, 0x5AEB, 0x630C, 0x39E7, 0x0861, 0x0000, 0x0000, 0x0000, 0x18E3, 0x8410, 0x0800, 0x0000,
  0x19CA, 0x2A4C, 0x1988, 0x1967, 0x2A8D, 0x4352, 0x012B, 0x00E9, 0x0108, 0x0108, 0x00E8, 0x00C8,
  0x096A, 0x098B, 0x00A7, 0x00A6, 0x00A6, 0x00C7, 0x00E7, 0x0949, 0x0109, 0x010A, 0x0A32, 0x1379,
  0x0AF6, 0x012C, 0x00A6, 0x0085, 0x0108, 0x1A0D, 0x2251, 0x012B, 0x012D, 0x09CE, 0x23F8, 0x1359,
  0x01D4, 0x0A76, 0x01D4, 0x0176, 0x5EFF, 0xD7FF, 0x2D7E, 0x0238, 0x01F3, 0x01B2, 0x0150, 0x0150,
  0x1C1C, 0x0295, 0x094F, 0x1A0F, 0x0023, 0x0002, 0x094A, 0x0002, 0x2A90, 0x3BB6, 0x00A6, 0x0085,
  0x0044, 0x0043, 0x0042, 0x0041, 0x0043, 0x0022, 0x0022, 0x0023, 0x0021, 0x0001, 0x0001, 0x0001,
  0x0001, 0x0000, 0x0000, 0x0000, 0x0000, 0x0000, 0x0000, 0x0000, 0x0022, 0x0043, 0x0929, 0x0085,
  0x0129, 0x00E7, 0x0129, 0x0086, 0x014B, 0x2C5A, 0x09ED, 0x08E7, 0x00A6, 0x00A6, 0x00A6, 0x00A6,
  0x00A6, 0x00A6, 0x0907, 0x00E7, 0x00A5, 0x00A6, 0x00A6, 0x00A6, 0x00A6, 0x00A6, 0x00A6, 0x08E6,
  0x29A8, 0x0065, 0x00A6, 0x00A6, 0x00A6, 0x00A6, 0x00A6, 0x00A6, 0x00A6, 0x00A5, 0x00A5, 0x00A6,
  0x00A6, 0x00A6, 0x00A6, 0x00A6, 0x00A6, 0x00A6, 0x00A6, 0x00A6, 0x00A6, 0x00A6, 0x00A6, 0x00A6,
  0x00A6, 0x00A6, 0x00A6, 0x00A6, 0x00A6, 0x00A6, 0x00A5, 0x0084, 0x0022, 0x0084, 0x00A6, 0x00A6,
  0x00A5, 0x0084, 0x0064, 0x00A5, 0x00A6, 0x00A6, 0x00A6, 0x00A6, 0x00A6, 0x00A5, 0x0085, 0x0043,
  0x0084, 0x00A5, 0x00A6, 0x00A6, 0x0084, 0x0022, 0x0043, 0x0085, 0x00A6, 0x00A6, 0x00A6, 0x00A6,
  0x00A6, 0x00A6, 0x00A6, 0x00A5, 0x08C5, 0x0002, 0x2124, 0x4164, 0x3166, 0x1106, 0x00A6, 0x00A6,
  0x00A6, 0x00A6, 0x00A6, 0x00A6, 0x00A6, 0x08C6, 0x2987, 0x738C, 0x0000, 0x2106, 0x0001, 0x0021,
  0x0001, 0x0000, 0x39C8, 0x29A8, 0x00A5, 0x00A5, 0x00A6, 0x00C6, 0x00A6, 0x00A5, 0x08A5, 0x08A5,
  0x0043, 0x2146, 0x3167, 0x18E4, 0x39C7, 0x8BCD, 0x0841, 0x10A3, 0x0000, 0x0042, 0x10A3, 0x0062,
  0x0042, 0x0063, 0x0084, 0x0085, 0x00A5, 0x00A5, 0x00A6, 0x00A5, 0x00A5, 0x00A5, 0x00A5, 0x0084,
  0x0063, 0x0000, 0x8474, 0x7BEE, 0x0000, 0x0000, 0x9491, 0x94D4, 0x1107, 0x00A6, 0x00A6, 0x00A6,
  0x00A6, 0x00A6, 0x00A6, 0x00A6, 0x1127, 0x3A2A, 0x632C, 0x6B6D, 0x39E7, 0x0063, 0x00A5, 0x00A6,
  0x00A6, 0x00A6, 0x00A6, 0x00A6, 0x00A6, 0x00A6, 0x00A5, 0x08C6, 0x00A6, 0x00A6, 0x00A6, 0x00A6,
  0x00A6, 0x00A6, 0x00A6, 0x00A6, 0x00A6, 0x00A6, 0x00A6, 0x00A6, 0x00A6, 0x00A6, 0x00A6, 0x00A6,
  0x00A6, 0x00A6, 0x00A5, 0x0064, 0x0000, 0x0000, 0x0000, 0x0000, 0x0840, 0x0862, 0x1082, 0x1082,
  0x10A2, 0x18C2, 0x0000, 0x39C7, 0xFFFF, 0xFFFF, 0x2104, 0x2124, 0xFFFF, 0xEF7D, 0xDEDA, 0x0000,
  0x0020, 0xFFFF, 0xFFFF, 0xFFFF, 0x632C, 0x738E, 0x4208, 0x2103, 0x3165, 0x39E7, 0x4229, 0x52AA,
  0x5ACB, 0x4A49, 0x2965, 0x0000, 0x4A49, 0x5289, 0x0000, 0x0000, 0x226C, 0x220C, 0x10E6, 0x21EA,
  0x3B30, 0x2291, 0x010B, 0x014B, 0x00E8, 0x00E8, 0x00E8, 0x0108, 0x098B, 0x00E9, 0x00C6, 0x00C6,
  0x00C8, 0x014A, 0x00A7, 0x0088, 0x0A10, 0x1BDA, 0x1357, 0x018E, 0x010B, 0x00A8, 0x00E8, 0x0109,
  0x094A, 0x0129, 0x012B, 0x016D, 0x1356, 0x1B17, 0x0214, 0x0235, 0x0AF7, 0x01F6, 0x02D8, 0x87FF,
  0xBFFF, 0x0C3B, 0x01D6, 0x09D3, 0x01D0, 0x016F, 0x1AB4, 0x449D, 0x0211, 0x01CE, 0x11AE, 0x0025,
  0x0022, 0x0022, 0x00C7, 0x0024, 0x00E9, 0x0087, 0x00A5, 0x0043, 0x0043, 0x0043, 0x0043, 0x0001,
  0x0043, 0x0043, 0x0043, 0x0022, 0x0022, 0x0021, 0x0001, 0x0001, 0x0000, 0x0000, 0x0000, 0x0000,
  0x0000, 0x0000, 0x0000, 0x0000, 0x00C7, 0x0023, 0x00A6, 0x00C6, 0x00E8, 0x018A, 0x014A, 0x0087,
  0x00E9, 0x23F8, 0x1314, 0x00C6, 0x00A6, 0x00A6, 0x00A6, 0x00A6, 0x00E7, 0x09AA, 0x11CB, 0x0969,
  0x2188, 0x1968, 0x0085, 0x0108, 0x2B12, 0x00C7, 0x0001, 0x10C2, 0x840E, 0x424C, 0x0045, 0x00A6,
  0x00A6, 0x00A6, 0x00A6, 0x00A6, 0x00A6, 0x00A6, 0x00A6, 0x00A6, 0x00A6, 0x00A6, 0x00A6, 0x00A6,
  0x00A6, 0x00A6, 0x00A6, 0x00A5, 0x00A6, 0x00A6, 0x00A6, 0x00A6, 0x00A6, 0x00A5, 0x00A6, 0x00A6,
  0x00A6, 0x00A6, 0x0084, 0x0001, 0x0063, 0x00A6, 0x00A6, 0x00A6, 0x00A6, 0x00A6, 0x00A5, 0x00A6,
  0x00A6, 0x00A6, 0x00A6, 0x00A6, 0x00A6, 0x00A6, 0x00A6, 0x0064, 0x00A6, 0x00A6, 0x00A6, 0x00A6,
  0x00A6, 0x0064, 0x0001, 0x0002, 0x0001, 0x0842, 0x6AEB, 0x0001, 0x0001, 0x0022, 0x0001, 0x0000,
  0x0843, 0x1883, 0x5A27, 0x1040, 0x0000, 0x836C, 0x5A48, 0x6289, 0x1882, 0x2905, 0x2946, 0x0000,
  0x0001, 0x20C4, 0x18C4, 0x4A68, 0x39C6, 0x3165, 0x2905, 0x5269, 0x18C2, 0xA4B0, 0x832B, 0x0000,
  0x0021, 0x0000, 0x0000, 0xFFFF, 0xA4D1, 0x0802, 0x20C3, 0x9C50, 0x1082, 0x18E5, 0x1084, 0x0000,
  0x0862, 0x7BAD, 0x0000, 0x0000, 0x0021, 0x0862, 0x0021, 0x0042, 0x0021, 0x0041, 0x0042, 0x0042,
  0x0021, 0x18C4, 0x10C4, 0x0042, 0x0062, 0x0062, 0x0083, 0x0084, 0x0022, 0x0084, 0xBDF8, 0x0000,
  0x0000, 0x2945, 0xD699, 0xBDF7, 0x2124, 0x2104, 0x632C, 0x4208, 0x31A6, 0x0000, 0x0000, 0x8C71,
  0x52AA, 0x630C, 0x39E7, 0x4208, 0x632C, 0x9492, 0x9CD3, 0xCE79, 0x18C3, 0x0000, 0x0000, 0x2965,
  0x0000, 0x0000, 0x6B4C, 0x840F, 0x0861, 0x73AE, 0xAD54, 0x62EB, 0x0000, 0x0000, 0x4A69, 0x4208,
  0x2104, 0x0862, 0x1082, 0x0020, 0x0000, 0xAD55, 0xAD96, 0x8C51, 0x5ACB, 0x3166, 0x0000, 0x0000,
  0x0000, 0x0000, 0x0000, 0x0000, 0x0841, 0x1082, 0x1082, 0x1082, 0x1081, 0x10A2, 0x0000, 0x18E3,
  0xEF7D, 0xFFFF, 0xA4F3, 0x1082, 0xFFFF, 0xFFFF, 0x0000, 0x18E3, 0xFFFF, 0xFFFF, 0xFFFF, 0xDEFB,
  0x2104, 0x528A, 0x2124, 0x8410, 0x528A, 0x3186, 0x39E7, 0x39E7, 0x4A48, 0x4228, 0x94B2, 0x39E7,
  0x4A28, 0x10A1, 0x0000, 0x1967, 0x228D, 0x19AA, 0x1106, 0x326B, 0x3331, 0x01EE, 0x016C, 0x016B,
  0x014A, 0x0129, 0x0129, 0x014A, 0x014B, 0x00E9, 0x0108, 0x0129, 0x00E9, 0x00A8, 0x09D0, 0x23DA,
  0x1B99, 0x01EF, 0x00C7, 0x00A7, 0x00A7, 0x010A, 0x118D, 0x094A, 0x00C9, 0x0089, 0x1293, 0x3CDF,
  0x243C, 0x0150, 0x01B2, 0x0276, 0x0238, 0x247D, 0xAFFF, 0x87FF, 0x02D9, 0x0193, 0x01B2, 0x01D1,
  0x01AF, 0x0A13, 0x2BFB, 0x01D0, 0x09CF, 0x11AB, 0x0044, 0x0044, 0x0023, 0x0021, 0x00C7, 0x010B,
  0x00C9, 0x00A7, 0x0044, 0x0062, 0x0042, 0x0043, 0x0042, 0x0001, 0x0022, 0x0065, 0x0064, 0x0002,
  0x0021, 0x0021, 0x0001, 0x0001, 0x0000, 0x0000, 0x0000, 0x0000, 0x0000, 0x0000, 0x0000, 0x0000,
  0x0043, 0x0085, 0x0064, 0x00C6, 0x00C7, 0x01CD, 0x010A, 0x00C7, 0x0025, 0x1B35, 0x2B96, 0x00A6,
  0x21A9, 0xE79F, 0x9516, 0x00A6, 0x00C6, 0x0989, 0x0928, 0x098A, 0x08E5, 0x21E9, 0x19AA, 0x0086,
  0x00E7, 0x19CA, 0x00A6, 0x638D, 0x0062, 0x1906, 0x00A6, 0x00A6, 0x6C12, 0xC69C, 0xDF5F, 0xBE7B,
  0x4ACE, 0x00A6, 0x0907, 0xE79F, 0xE79F, 0xE79F, 0xE79F, 0xE79F, 0xE79F, 0xBE7B, 0x00A6, 0x00A6,
  0x1989, 0xA5B9, 0xD73E, 0xBE5B, 0x322B, 0x00A6, 0x00A6, 0xE79F, 0xC6BC, 0x00A6, 0x00A5, 0x0001,
  0x0063, 0x00A6, 0x5B70, 0xE79F, 0xB63A, 0x00C6, 0x00A6, 0x21A9, 0xDF5F, 0xD73E, 0x1968, 0xA598,
  0xE79F, 0x6BD1, 0x00A6, 0x00A6, 0x00A6, 0xADD9, 0xE79F, 0x5B50, 0x00A6, 0x0064, 0x0001, 0x0001,
  0x0002, 0x0001, 0x0001, 0x10C3, 0x0042, 0x0001, 0x1082, 0x2145, 0x18E4, 0x5A69, 0x20E2, 0x5247,
  0x836C, 0x8B8C, 0x72CA, 0x1060, 0x0862, 0x2126, 0x10A3, 0x0021, 0x0000, 0x20C3, 0x3944, 0x6288,
  0x5206, 0xFFFF, 0xFFFE, 0x5A07, 0x7B2C, 0xFFFF, 0x5A88, 0x2945, 0x0861, 0x0000, 0x3145, 0xCDD3,
  0x0061, 0x18C4, 0x2904, 0x5A68, 0x2125, 0x2145, 0x0000, 0x0000, 0x0000, 0x0000, 0x0000, 0x10A3,
  0x0862, 0x1905, 0x0862, 0x0042, 0x0021, 0x0022, 0x0042, 0x0083, 0x0022, 0x0042, 0x10E4, 0x0083,
  0x0883, 0x08A3, 0x08A3, 0x08A4, 0x0001, 0x7C52, 0x7BEF, 0x0000, 0x0000, 0x8C71, 0xDEDB, 0x632C,
  0x0841, 0xA555, 0xD6BA, 0x4A49, 0x18C3, 0x0000, 0x630B, 0x528A, 0x630C, 0x8430, 0x528A, 0x18E3,
  0x0000, 0x632C, 0xDEFC, 0xC638, 0xBDD7, 0x4A28, 0x0000, 0x0000, 0x0000, 0x0840, 0x73AE, 0x39C6,
  0x39C6, 0xAD54, 0xF7BE, 0x8C71, 0x0000, 0x2124, 0x52AA, 0x18E3, 0x2104, 0x0861, 0x7BEF, 0x4A69,
  0x0000, 0x6B4D, 0xA534, 0x4A69, 0x2965, 0x6B4D, 0x7BEF, 0x6B4C, 0x31A6, 0x0820, 0x0000, 0x0000,
  0x0000, 0x0861, 0x0861, 0x0861, 0x18C2, 0x10A2, 0x10A2, 0x0000, 0x0000, 0x39C6, 0x528A, 0x0841,
  0xFFFF, 0xFFFF, 0x4A49, 0x528A, 0xFFFF, 0xEF7D, 0x630C, 0x0000, 0x10A2, 0x0841, 0x2124, 0x9491,
  0x6B6D, 0x2124, 0x39C7, 0x3A07, 0x4228, 0x4228, 0x9491, 0x1062, 0x4207, 0x0000, 0x08A3, 0x2A2C,
  0x2A6D, 0x08E6, 0x1927, 0x3AAD, 0x1AD1, 0x018D, 0x01AD, 0x014C, 0x016B, 0x016A, 0x00C7, 0x09CE,
  0x09AE, 0x00E9, 0x00E9, 0x00EA, 0x0210, 0x23BA, 0x23DB, 0x0A31, 0x00C8, 0x00A7, 0x00C7, 0x00E7,
  0x0169, 0x098C, 0x010A, 0x0088, 0x012D, 0x2BD9, 0x2C9C, 0x1358, 0x0A76, 0x09D3, 0x0216, 0x0279,
  0x5E9F, 0xC7FF, 0x669F, 0x0195, 0x0194, 0x09D3, 0x2AF4, 0x09B1, 0x0A93, 0x347C, 0x0235, 0x0A11,
  0x098B, 0x0001, 0x0002, 0x0063, 0x0002, 0x0066, 0x120F, 0x00C7, 0x00C7, 0x0085, 0x0043, 0x0042,
  0x0042, 0x0042, 0x0042, 0x0001, 0x0000, 0x0065, 0x0044, 0x0022, 0x0000, 0x0001, 0x0001, 0x0000,
  0x0000, 0x0000, 0x0000, 0x0000, 0x0000, 0x0000, 0x0000, 0x0000, 0x0001, 0x0021, 0x1169, 0x00A7,
  0x00E7, 0x1250, 0x0129, 0x0064, 0x0085, 0x2354, 0x2375, 0x00A6, 0x21A9, 0xE79F, 0x9516, 0x00A6,
  0x00A6, 0x00A6, 0x00A6, 0x00C6, 0x00A6, 0x00A6, 0x00C6, 0x00A5, 0x00A5, 0x00A6, 0x00A6, 0x00A6,
  0x0063, 0x10C5, 0x00A6, 0x428D, 0xD73E, 0x8494, 0x1107, 0x7C74, 0xDF7F, 0x29EA, 0x0907, 0xE79F,
  0xBE5B, 0x00A6, 0x00A6, 0x00A6, 0x00A6, 0x00A6, 0x00A6, 0x00A6, 0xB63A, 0xBE7B, 0x1968, 0xADD9,
  0xCEFD, 0x08E7, 0x00A6, 0xE79F, 0xC6BC, 0x00A6, 0x0085, 0x0001, 0x0021, 0x00A5, 0x00A6, 0xB61A,
  0xE79F, 0x6391, 0x00A6, 0xA5B9, 0xE79F, 0x63B1, 0x00A6, 0x21CA, 0xDF7F, 0xD71E, 0x1127, 0x00A6,
  0x42AD, 0xE79F, 0xB63A, 0x00C6, 0x00A5, 0x0022, 0x0001, 0x0001, 0x0001, 0x0001, 0x0021, 0x0000,
  0x3187, 0x0862, 0x18C3, 0x18C4, 0x0001, 0x0002, 0x0000, 0x1082, 0x6AEA, 0xFFFE, 0x5227, 0x3144,
  0x20E3, 0x18A3, 0x2944, 0x0000, 0x5226, 0xB4CF, 0xFFFF, 0xBCD0, 0x28E3, 0x2925, 0x2104, 0x0000,
  0x0000, 0x0000, 0x0000, 0x2945, 0xC5B5, 0x7B8C, 0x5228, 0xFFDB, 0x1082, 0x0000, 0x0842, 0x0862,
  0x18C3, 0x31A5, 0x2104, 0x0000, 0x0000, 0x18C3, 0x5A48, 0x10A3, 0x10E4, 0x0862, 0x0842, 0x0042,
  0x0041, 0x0042, 0x0042, 0x0062, 0x0022, 0x0062, 0x0883, 0x0083, 0x08A3, 0x08A4, 0x0082, 0x0043,
  0x00A5, 0xCE9A, 0x0020, 0x0000, 0x3185, 0xCE58, 0xA513, 0x0861, 0x4A69, 0xF79D, 0xFFDF, 0x4A48,
  0x0000, 0x0840, 0x73CE, 0x4A49, 0x3185, 0x52AA, 0x39C6, 0x3185, 0x0000, 0x31A6, 0xAD54, 0x3185,
  0x2965, 0x736E, 0x8431, 0x630C, 0x2104, 0x738E, 0x6B8D, 0x0000, 0x0000, 0x3185, 0x8450, 0x0000,
  0x0000, 0x738E, 0x39E8, 0x1081, 0x52AA, 0x9CD2, 0x4A69, 0x1081, 0x0000, 0x738E, 0x5AEB, 0x4208,
  0x0000, 0x0000, 0x0861, 0x4A8A, 0xB596, 0x8430, 0x5ACB, 0x2124, 0x0000, 0x0000, 0x0000, 0x0000,
  0x0861, 0x10A2, 0x18C3, 0x1082, 0x0841, 0x0000, 0x0000, 0x0000, 0x4208, 0xEF7D, 0x6B6D, 0x2145,
  0xFFFF, 0xFFFF, 0x4228, 0x0000, 0x18C3, 0x2965, 0xA513, 0x5AEB, 0x630B, 0x2125, 0x39C7, 0x41E7,
  0x3165, 0x8C50, 0x4A69, 0x2924, 0x18C2, 0x0000, 0x2A4D, 0x2A2C, 0x2A2B, 0x0927, 0x29E9, 0x32AF,
  0x0A10, 0x018D, 0x01AD, 0x016C, 0x014B, 0x00E8, 0x010A, 0x1AD4, 0x012C, 0x0068, 0x01AE, 0x1BBA,
  0x1C1D, 0x0AB4, 0x00EA, 0x00A7, 0x0108, 0x0108, 0x012A, 0x016A, 0x0129, 0x0086, 0x012B, 0x1B58,
  0x34DE, 0x1338, 0x01D3, 0x12B6, 0x0A97, 0x0218, 0x0C1B, 0x97FF, 0xB7FF, 0x2CBC, 0x0175, 0x09F4,
  0x0171, 0x0152, 0x0275, 0x1399, 0x2CBC, 0x0274, 0x1275, 0x1210, 0x0045, 0x0003, 0x08E7, 0x0024,
  0x21EB, 0x12B2, 0x012B, 0x0022, 0x00C7, 0x0064, 0x0042, 0x0042, 0x0042, 0x0042, 0x0042, 0x0022,
  0x0002, 0x09AE, 0x11F0, 0x0003, 0x0000, 0x0021, 0x0001, 0x0000, 0x0000, 0x0000, 0x0000, 0x0000,
  0x0000, 0x0000, 0x0000, 0x0000, 0x0021, 0x0021, 0x0023, 0x00C6, 0x00C7, 0x0A70, 0x0086, 0x08C6,
  0x116A, 0x01EE, 0x2BB7, 0x00A6, 0x21A9, 0xE79F, 0x9516, 0x00A6, 0x00A6, 0x00A6, 0x00A6, 0x00A6,
  0x00A6, 0x00A6, 0x00A6, 0x00A6, 0x00A6, 0x00A6, 0x00A6, 0x00A6, 0x00A6, 0x1105, 0x00A6, 0x00A6,
  0x00A6, 0x00A6, 0x00A6, 0x3A6C, 0xE79F, 0x6C12, 0x0907, 0xE79F, 0xBE5B, 0x00A6, 0x00A6, 0x00A6,
  0x00A6, 0x00A6, 0x00A6, 0x29EA, 0xE79F, 0x7C74, 0x00A6, 0x6390, 0xE79F, 0x4ACE, 0x00A6, 0xE79F,
  0xC6BC, 0x00A6, 0x00A5, 0x0043, 0x0022, 0x0884, 0x00A6, 0x2A0B, 0xDF7F, 0xD73E, 0x6BD1, 0xE79F,
  0xBE5B, 0x00C6, 0x00A6, 0x00A6, 0x7C74, 0xE79F, 0x8494, 0x00C6, 0xBE5B, 0xE77F, 0x322B, 0x00A6,
  0x0064, 0x0001, 0x0001, 0x0001, 0x0001, 0x0001, 0x0022, 0x0022, 0x0001, 0x0001, 0x0001, 0x0001,
  0x0001, 0x0001, 0x0001, 0x0000, 0x0000, 0x0063, 0x0001, 0x0043, 0x0862, 0x83CD, 0x3924, 0x6B0A,
  0x5289, 0x18C3, 0x5268, 0x28E2, 0x0000, 0x0000, 0x0000, 0x0022, 0x0022, 0x0000, 0x1061, 0x6AE9,
  0x31A6, 0xFFFF, 0x836B, 0x7B2A, 0x2145, 0x10E3, 0x0021, 0x0002, 0x732C, 0x0820, 0x4248, 0xD635,
  0x0000, 0x1904, 0x83EE, 0x10C3, 0x0021, 0x0062, 0x0042, 0x0041, 0x0042, 0x0042, 0x0042, 0x0042,
  0x0042, 0x0062, 0x0042, 0x0883, 0x0883, 0x0083, 0x08C3, 0x0000, 0x6BB1, 0x8C50, 0x0000, 0x0000,
  0x8C50, 0xC618, 0xA513, 0x0000, 0x0000, 0x4207, 0x6B4C, 0x0881, 0x0000, 0x738E, 0x6B4C, 0x2944,
  0x39E8, 0x7BCE, 0x8410, 0x18C2, 0x0000, 0x4A69, 0x39E7, 0x10A2, 0x9491, 0x0021, 0x0861, 0x2104,
  0xA514, 0xAD54, 0xBDF7, 0x3165, 0x0000, 0x0000, 0x0000, 0x0000, 0x2925, 0x6B6D, 0x18C3, 0x31C6,
  0x73CE, 0x630B, 0x4A28, 0x0000, 0x0000, 0x5ACB, 0x39C7, 0x9471, 0x20E3, 0x94B2, 0x6B4C, 0x0000,
  0xB596, 0xB5B7, 0x738E, 0x9CF3, 0xA534, 0x632C, 0x1082, 0x0000, 0x0000, 0x0000, 0x1062, 0x1082,
  0x10A2, 0x10C2, 0x10A2, 0x0861, 0x0000, 0x0000, 0x0000, 0x10A2, 0xCE79, 0xFFFF, 0xA534, 0x0000,
  0x31A6, 0x3186, 0x632C, 0x3185, 0x738E, 0x18C3, 0x18E3, 0x3186, 0x4207, 0x9CD2, 0x10A2, 0x4228,
  0x0000, 0x0042, 0x328E, 0x19AA, 0x21EB, 0x220A, 0x2A0A, 0x2291, 0x01CE, 0x09AD, 0x098D, 0x016B,
  0x09AC, 0x012B, 0x016C, 0x018E, 0x0232, 0x243A, 0x243C, 0x02D6, 0x016D, 0x00C7, 0x00C7, 0x00E8,
  0x010A, 0x012B, 0x092B, 0x00A8, 0x0067, 0x12B3, 0x453F, 0x2C5D, 0x0234, 0x11F3, 0x09F4, 0x0217,
  0x02DB, 0x567F, 0xCFFF, 0x6FFF, 0x02F9, 0x01B4, 0x0A34, 0x0191, 0x0151, 0x0215, 0x561E, 0x457D,
  0x01AE, 0x1231, 0x09AF, 0x0086, 0x00A6, 0x0064, 0x19AB, 0x0066, 0x5457, 0x1AF3, 0x0002, 0x0044,
  0x0065, 0x0043, 0x0042, 0x0022, 0x0042, 0x0022, 0x0042, 0x0021, 0x0002, 0x765F, 0xA7FF, 0x0004,
  0x0020, 0x0021, 0x0000, 0x0000, 0x0000, 0x0000, 0x0000, 0x0000, 0x0000, 0x0000, 0x0000, 0x0000,
  0x0022, 0x0043, 0x0043, 0x0044, 0x0109, 0x01AC, 0x00C7, 0x1A0D, 0x0005, 0x00E9, 0x33F7, 0x00A6,
  0x21A9, 0xE79F, 0xA598, 0x9D57, 0xD73E, 0xB63A, 0x322B, 0x00A6, 0xA5B8, 0xE79F, 0x21A9, 0x00A6,
  0x08E6, 0xD73E, 0xBE7B, 0x00A6, 0x08E6, 0x2A2B, 0x31E9, 0x00A6, 0x00A6, 0x00A6, 0x00A6, 0x7C53,
  0xE79F, 0x7412, 0x0907, 0xE79F, 0xBE5B, 0x00A6, 0x00A6, 0x00A6, 0x00A6, 0x00A6, 0x00A6, 0x532F,
  0xE79F, 0x63B1, 0x00A6, 0x4ACE, 0xE79F, 0x7412, 0x00A6, 0xE79F, 0xC6BC, 0x00A6, 0x00A5, 0x0907,
  0x0022, 0x0020, 0x0085, 0x00A6, 0x84B4, 0xE79F, 0xE79F, 0xE77F, 0x322B, 0x00A6, 0x0064, 0x00A6,
  0x1107, 0xCEDD, 0xDF5F, 0x7412, 0xE79F, 0x8CF6, 0x00A6, 0x00A5, 0x0001, 0x0001, 0x0001, 0x0001,
  0x0001, 0x0001, 0x0001, 0x0022, 0x0022, 0x0022, 0x0022, 0x0022, 0x0022, 0x0021, 0x0001, 0x0021,
  0x0001, 0x00A4, 0x0064, 0x0002, 0x0001, 0x39C7, 0x10A2, 0x0000, 0x0000, 0x0001, 0x0000, 0x72A9,
  0x0841, 0x0000, 0x0002, 0x0022, 0x0002, 0x0001, 0x6A88, 0x6288, 0x0000, 0x630B, 0x10A3, 0x0000,
  0x0862, 0x0882, 0x0883, 0x3126, 0xAC90, 0x940E, 0x18A3, 0x5248, 0x0001, 0x0002, 0x1924, 0x0001,
  0x0883, 0x10E4, 0x0042, 0x0042, 0x0062, 0x0042, 0x0042, 0x0042, 0x0042, 0x0062, 0x0063, 0x0042,
  0x0083, 0x10C4, 0x0863, 0x0044, 0xC659, 0x1081, 0x0000, 0x2985, 0xB5B6, 0xB5B6, 0xD6BA, 0x5AEB,
  0x0000, 0x0000, 0x0000, 0x0000, 0x0841, 0x8C51, 0x52AA, 0x2124, 0x9CF3, 0x6B6D, 0x2124, 0x0000,
  0x0841, 0x4A49, 0x0000, 0x5AEB, 0x8C71, 0x2104, 0x2124, 0x0000, 0xAD75, 0xA534, 0x5289, 0x4208,
  0x52AA, 0x39C7, 0x0000, 0x0000, 0x738D, 0x0861, 0x0000, 0x4228, 0x5ACB, 0x39C7, 0x18C3, 0x0000,
  0x2104, 0x528A, 0x2945, 0x2104, 0x0861, 0xA534, 0x31C6, 0x0000, 0x8450, 0x5289, 0x0000, 0x0841,
  0x52CA, 0x94B2, 0xAD55, 0x73AE, 0x528A, 0x2124, 0x0000, 0x0000, 0x0040, 0x10C2, 0x18C3, 0x10A2,
  0x18E3, 0x18E4, 0x10A2, 0x0882, 0x0000, 0x39E7, 0x39E7, 0x6B6D, 0xAD75, 0x5AEB, 0x18E3, 0x52AA,
  0x7BEF, 0x8C71, 0x738D, 0x3165, 0x738E, 0x52AA, 0x2124, 0x39A6, 0x0000, 0x21A9, 0x2A6D, 0x21CA,
  0x21EB, 0x2A2B, 0x2A2C, 0x1251, 0x01CD, 0x01CD, 0x018D, 0x016C, 0x01CF, 0x01F1, 0x1B78, 0x24BD,
  0x2CFF, 0x12F6, 0x018D, 0x00E8, 0x00E8, 0x00C8, 0x010A, 0x098C, 0x096B, 0x00C9, 0x0089, 0x01AF,
  0x2BDA, 0x347D, 0x0AB5, 0x0192, 0x0A56, 0x0236, 0x0155, 0x0C3E, 0xA7FF, 0xDFFF, 0x461F, 0x01B4,
  0x0110, 0x0A13, 0x01D2, 0x0191, 0x0AB6, 0x45DF, 0x4D9D, 0x018E, 0x1A70, 0x198C, 0x0004, 0x00A4,
  0x00C7, 0x0064, 0x0004, 0x0109, 0x010B, 0x00C9, 0x0022, 0x0043, 0x0043, 0x0043, 0x0022, 0x0022,
  0x0022, 0x0021, 0x0022, 0x0001, 0x0024, 0x094C, 0x098C, 0x0003, 0x0001, 0x0021, 0x0001, 0x0000,
  0x0000, 0x0000, 0x0000, 0x0000, 0x0000, 0x0000, 0x0000, 0x0000, 0x0022, 0x0064, 0x0084, 0x0044,
  0x016A, 0x5DDD, 0x2334, 0x0046, 0x0046, 0x00C9, 0x2BD7, 0x00A6, 0x21A9, 0xE79F, 0xDF7F, 0x3A6C,
  0x2189, 0xC6BC, 0xCEFD, 0x1107, 0x532F, 0xE79F, 0x6BF2, 0x00A6, 0x4ACE, 0xE79F, 0x7412, 0x00A6,
  0x0084, 0x11CA, 0x1A2C, 0x0045, 0x08C6, 0x00A6, 0x428D, 0xDF7F, 0xE79F, 0x42AD, 0x0907, 0xE79F,
  0xE79F, 0xE79F, 0xE79F, 0xE79F, 0xE79F, 0x7413, 0x00A6, 0x63B1, 0xE79F, 0x5B90, 0x00A6, 0x42AD,
  0xE79F, 0x8494, 0x00A6, 0xE79F, 0xC6BC, 0x00A6, 0x00A6, 0x19AB, 0x0001, 0x0000, 0x0022, 0x00A6,
  0x1107, 0xD71E, 0xE79F, 0x9516, 0x00A6, 0x00A5, 0x0001, 0x0064, 0x00A6, 0x532F, 0xE79F, 0xE79F,
  0xD73E, 0x1948, 0x00A6, 0x0043, 0x0001, 0x0001, 0x0001, 0x0001, 0x0001, 0x0001, 0x0001, 0x0002,
  0x0022, 0x0022, 0x0022, 0x0022, 0x0022, 0x0022, 0x0022, 0x0022, 0x0001, 0x0063, 0x0064, 0x0002,
  0x0063, 0x0000, 0x0000, 0x0001, 0x0001, 0x0023, 0x0000, 0x3123, 0x7B0A, 0x0000, 0x0001, 0x0043,
  0x0002, 0x2105, 0x0821, 0x72EA, 0xA42E, 0x41E6, 0x0000, 0x0000, 0x20A3, 0x0001, 0x1000, 0xBD52,
  0x732A, 0x18E3, 0x0882, 0x0000, 0x0001, 0x0042, 0x0041, 0x31C7, 0x10C3, 0x0021, 0x0021, 0x0042,
  0x0041, 0x0041, 0x0042, 0x0042, 0x0042, 0x0042, 0x2166, 0x18E4, 0x0083, 0x08A3, 0x0001, 0x5BB0,
  0x8450, 0x0000, 0x0000, 0x8C71, 0xBDF7, 0x8430, 0x52AA, 0x840F, 0x8C71, 0x5AEB, 0x0841, 0x0841,
  0x8431, 0x4208, 0x18C3, 0x5ACB, 0xAD76, 0x2965, 0x1062, 0x0000, 0x528A, 0x2104, 0x1082, 0x630C,
  0x10A2, 0x4208, 0x0000, 0x0000, 0x8C72, 0x4A69, 0x5AEC, 0x4228, 0x18C3, 0x3186, 0x6B6D, 0x8C71,
  0xAD75, 0x39C6, 0x0000, 0x0000, 0x0000, 0x3186, 0x0000, 0x0841, 0x5ACB, 0x528A, 0x18E3, 0xB596,
  0x94B2, 0x18C2, 0x0000, 0x18E3, 0x634C, 0x0000, 0x8C51, 0x1081, 0x0000, 0x0000, 0x5ACB, 0xE71C,
  0xBDD7, 0xAD76, 0x9CF3, 0x5ACB, 0x0881, 0x0000, 0x0020, 0x1081, 0x18C2, 0x18E4, 0x18E4, 0x2124,
  0x2985, 0x2104, 0x18C2, 0x2124, 0x5AEB, 0xAD75, 0x8C51, 0x73CE, 0x840F, 0x9471, 0xAD34, 0xAD54,
  0xD679, 0x2124, 0x5289, 0x20C2, 0x0000, 0x2A6D, 0x2A0B, 0x29EA, 0x21CA, 0x3A4D, 0x2A90, 0x0232,
  0x01AF, 0x09AE, 0x018E, 0x01F0, 0x1BFC, 0x35BF, 0x253F, 0x0B78, 0x018E, 0x00A9, 0x00C7, 0x00E7,
  0x0149, 0x118E, 0x2A71, 0x014B, 0x00CA, 0x010B, 0x2B97, 0x44DF, 0x237A, 0x0191, 0x01B2, 0x0A56,
  0x01D7, 0x0279, 0x565F, 0xCFFF, 0xA7FF, 0x145D, 0x0154, 0x014F, 0x0950, 0x0172, 0x0256, 0x1BFA,
  0x453D, 0x1315, 0x012F, 0x1232, 0x094A, 0x0001, 0x0042, 0x0064, 0x00E8, 0x0023, 0x00E8, 0x01CD,
  0x00E8, 0x00A6, 0x0022, 0x0063, 0x0043, 0x0042, 0x0022, 0x0043, 0x0021, 0x0020, 0x0021, 0x0042,
  0x0023, 0x0000, 0x0001, 0x0001, 0x0000, 0x0000, 0x0000, 0x0000, 0x0000, 0x0000, 0x0000, 0x0000,
  0x0000, 0x0000, 0x0000, 0x0000, 0x0022, 0x0064, 0x0064, 0x0003, 0x012A, 0xE7FF, 0x3C58, 0x0088,
  0x018B, 0x016C, 0x1334, 0x00A6, 0x21A9, 0xE79F, 0xA5B8, 0x00A6, 0x00A6, 0x7433, 0xE79F, 0x4ACD,
  0x08E7, 0xD73E, 0xB63A, 0x00A6, 0x8CF6, 0xE79F, 0x21A9, 0x00A6, 0x0883, 0x0001, 0x098A, 0x1989,
  0x00A6, 0x2A0B, 0xD73E, 0xE79F, 0xBE5B, 0x00C6, 0x0907, 0xE79F, 0xBE5B, 0x00A6, 0x00A6, 0x00A6,
  0x00A6, 0x00A6, 0x00A6, 0x63B1, 0xE79F, 0x5B70, 0x00A6, 0x42AD, 0xE79F, 0x8494, 0x00A6, 0xE79F,
  0xC6BC, 0x00A6, 0x00A5, 0x0042, 0x0000, 0x0000, 0x0063, 0x00A6, 0x322B, 0xE77F, 0xE79F, 0xC69C,
  0x08E6, 0x00A6, 0x0022, 0x0021, 0x00A5, 0x00A6, 0xB61A, 0xE79F, 0x6BD1, 0x00A6, 0x0084, 0x0001,
  0x0001, 0x0001, 0x0001, 0x0001, 0x0001, 0x0001, 0x0021, 0x0001, 0x0022, 0x0022, 0x0022, 0x0022,
  0x0022, 0x0022, 0x0022, 0x0042, 0x0042, 0x0043, 0x0084, 0x0001, 0x18A2, 0x0842, 0x0001, 0x0843,
  0x1084, 0x0001, 0x0022, 0x0000, 0x20E3, 0x20C3, 0x2945, 0x0002, 0x0022, 0x0882, 0x0000, 0x41C7,
  0x4985, 0x41C6, 0xA4D2, 0x736B, 0x5288, 0x49C6, 0xFFFF, 0xEF38, 0x0000, 0x0000, 0x10A4, 0x0021,
  0x0022, 0x0021, 0x0001, 0x10A3, 0x0862, 0x0001, 0x0021, 0x0021, 0x10A3, 0x0042, 0x0042, 0x0063,
  0x0062, 0x0062, 0x0883, 0x1905, 0x08A3, 0x0063, 0x0023, 0xC659, 0x1081, 0x0000, 0x2986, 0xBE17,
  0x8C71, 0x2124, 0x2104, 0x2944, 0x31A6, 0x4208, 0x8410, 0x9CF3, 0xE71B, 0x7BCF, 0x0000, 0x0000,
  0x0000, 0x2124, 0x0000, 0x18E3, 0x632D, 0x0861, 0x7BCF, 0xAD76, 0xB5B6, 0x18E3, 0x0000, 0x18C3,
  0x52AA, 0x4207, 0xAD55, 0x8410, 0x2104, 0x1082, 0x1082, 0xD6BA, 0x9D13, 0x9491, 0x4228, 0x0020,
  0x0000, 0x0000, 0x0000, 0x4A69, 0x5AEC, 0x2965, 0x2104, 0xBDD7, 0x8430, 0x1082, 0x0000, 0x52CA,
  0x10C2, 0x0000, 0x4A69, 0x0861, 0x8410, 0x0000, 0x2124, 0xD6BA, 0x5ACB, 0x2124, 0x7BCE, 0xCE58,
  0xC658, 0x7BEF, 0x4207, 0x0861, 0x0000, 0x0841, 0x18C3, 0x2945, 0x3185, 0x3186, 0x2965, 0x2124,
  0x10A2, 0x2945, 0x3185, 0x2944, 0x4207, 0x73AE, 0x94B2, 0x9CF3, 0xD6BA, 0x4A6A, 0x4228, 0x0000,
  0x1147, 0x224D, 0x222B, 0x1147, 0x1947, 0x328E, 0x2375, 0x0254, 0x0191, 0x0233, 0x1C1A, 0x365F,
  0x35BF, 0x0B37, 0x0230, 0x012A, 0x0109, 0x00E9, 0x096C, 0x09EF, 0x09CE, 0x094C, 0x00AB, 0x00CD,
  0x0B15, 0x459F, 0x34BD, 0x0255, 0x01D2, 0x1234, 0x0215, 0x01F8, 0x1C9D, 0xC7FF, 0xD7FF, 0x567F,
  0x02B7, 0x0194, 0x0111, 0x1253, 0x1AB5, 0x0298, 0x3E1F, 0x7F7F, 0x01D1, 0x012F, 0x0A72, 0x094C,
  0x0024, 0x0042, 0x0042, 0x0022, 0x0108, 0x00A6, 0x09EF, 0x00E9, 0x00C7, 0x00A6, 0x0043, 0x0043,
  0x0022, 0x0021, 0x0022, 0x0021, 0x0001, 0x0001, 0x0022, 0x0022, 0x0001, 0x0001, 0x0000, 0x0021,
  0x0861, 0x0000, 0x0000, 0x0000, 0x0000, 0x0000, 0x0000, 0x0000, 0x0000, 0x0000, 0x0000, 0x0000,
  0x0022, 0x0043, 0x0043, 0x0064, 0x0109, 0x02B3, 0x01AE, 0x0047, 0x5C96, 0x7519, 0x020F, 0x00A6,
  0x21A9, 0xE79F, 0x9516, 0x00A6, 0x00A6, 0x6390, 0xE79F, 0x5B70, 0x00A6, 0x8CF6, 0xE79F, 0x21A9,
  0xD71E, 0xB61A, 0x00A6, 0x00A5, 0x4A4A, 0x0023, 0x0084, 0x00A6, 0x1969, 0xCEDD, 0xE79F, 0xD71E,
  0x29CA, 0x00A6, 0x0907, 0xE79F, 0xBE5B, 0x00A6, 0x00A6, 0x00A6, 0x00A6, 0x00A6, 0x00A6, 0x532F,
  0xE79F, 0x63B1, 0x00A6, 0x4AEE, 0xE79F, 0x7412, 0x00A6, 0xE79F, 0xC6BC, 0x00A6, 0x00A5, 0x0000,
  0x0001, 0x0022, 0x00A6, 0x00C6, 0xBE5B, 0xE79F, 0xCEFD, 0xE79F, 0x7412, 0x00A6, 0x0085, 0x0001,
  0x0064, 0x00A6, 0x8CD5, 0xE79F, 0x3A8C, 0x00A6, 0x0042, 0x0001, 0x0001, 0x0001, 0x0001, 0x0001,
  0x0001, 0x0001, 0x0021, 0x0022, 0x0022, 0x0022, 0x0022, 0x0022, 0x0022, 0x0022, 0x0022, 0x0022,
  0x0022, 0x0002, 0x0042, 0x1062, 0x28E3, 0x18A3, 0x0022, 0x0022, 0x0022, 0x0002, 0x0002, 0x0862,
  0x2903, 0x0021, 0x20C4, 0x1083, 0x2965, 0x20C3, 0x28E4, 0x2924, 0x3985, 0x41C8, 0x1083, 0x2944,
  0x3185, 0x736C, 0x62C9, 0x20A2, 0x62C9, 0x0000, 0x1082, 0x0842, 0x0001, 0x0022, 0x0062, 0x0022,
  0x0000, 0x0042, 0x0862, 0x0042, 0x0042, 0x0022, 0x0063, 0x0063, 0x0062, 0x0083, 0x08A3, 0x08A4,
  0x0084, 0x0000, 0x638F, 0x8C30, 0x0000, 0x0000, 0x8CB2, 0xCE79, 0x39C7, 0x1061, 0x3186, 0x39C7,
  0x41E8, 0x0000, 0x2945, 0xDEDA, 0xA534, 0xBDD6, 0x6B4C, 0x0000, 0x0000, 0x0000, 0x0000, 0x6B4C,
  0x3186, 0x2965, 0xBDD7, 0xAD55, 0x73AE, 0x0000, 0x0000, 0x6B6D, 0x5ACA, 0x2985, 0x8430, 0x4208,
  0x31A6, 0x0000, 0x0000, 0x9492, 0x5AEB, 0x0000, 0x2104, 0x5289, 0x5AEB, 0x4A69, 0x52A9, 0x9CF3,
  0x1082, 0x0000, 0x0020, 0x4208, 0x39C7, 0x0000, 0x2104, 0x632C, 0x0000, 0x8C51, 0x3186, 0x4A69,
  0x73AE, 0x0000, 0x5AEB, 0x7BEF, 0x4208, 0x0000, 0x0000, 0x0861, 0x4A49, 0xCE59, 0xDEDB, 0xC638,
  0x7BEF, 0x2945, 0x0000, 0x0040, 0x2124, 0x3185, 0x2985, 0x2965, 0x2965, 0x39C7, 0x4208, 0x39C6,
  0x2944, 0x2144, 0x18E3, 0xB5D6, 0xE73C, 0x2945, 0x18C2, 0x0000, 0x2A4D, 0x21EA, 0x21CA, 0x0906,
  0x21A9, 0x2290, 0x0B9A, 0x0378, 0x1CFD, 0x3E5F, 0x3E5F, 0x13F9, 0x01AE, 0x010B, 0x016C, 0x018C,
  0x096C, 0x11CD, 0x1210, 0x098E, 0x00CA, 0x00EC, 0x0AF4, 0x4D9E, 0x4DBF, 0x1B3A, 0x01F4, 0x0A15,
  0x1257, 0x01D5, 0x02BA, 0x671F, 0xF7FF, 0xAFFF, 0x03DC, 0x02F9, 0x01F1, 0x01B3, 0x11F5, 0x01D4,
  0x03FA, 0x3E9F, 0x2397, 0x33B5, 0x0A10, 0x1A52, 0x096B, 0x0066, 0x00A6, 0x0022, 0x0084, 0x0043,
  0x1A50, 0x1272, 0x010A, 0x0045, 0x08E8, 0x0064, 0x0043, 0x0043, 0x0022, 0x0021, 0x0021, 0x0021,
  0x0001, 0x0021, 0x0022, 0x0001, 0x0021, 0x0020, 0x0000, 0x0000, 0x0000, 0x0000, 0x0000, 0x0000,
  0x0000, 0x0000, 0x0000, 0x0000, 0x0000, 0x0000, 0x0000, 0x0000, 0x0000, 0x0042, 0x08E6, 0x0085,
  0x0086, 0x098C, 0x00EA, 0x0004, 0x00C8, 0x00E9, 0x016B, 0x00A6, 0x21A9, 0xE79F, 0xADD9, 0x00A6,
  0x00A6, 0x7413, 0xE79F, 0x42AD, 0x00A6, 0x3A6C, 0xE79F, 0xA598, 0xE79F, 0x63B1, 0x00A6, 0x00A5,
  0x10C5, 0x0044, 0x00A6, 0x00A6, 0xADD9, 0xE79F, 0xDF5F, 0x3A4C, 0x00A6, 0x00A6, 0x0907, 0xE79F,
  0xBE5B, 0x00A6, 0x00A6, 0x00A6, 0x00A6, 0x00A6, 0x00A6, 0x2A0B, 0xE79F, 0x7C53, 0x00A6, 0x6390,
  0xE79F, 0x4ACE, 0x00A6, 0xE79F, 0xC6BC, 0x00A6, 0x00A6, 0x00A6, 0x00A6, 0x00A6, 0x00A6, 0x6BD1,
  0xE79F, 0xB5FA, 0x29CA, 0xDF5F, 0xDF5F, 0x21A9, 0x00A6, 0x0043, 0x0064, 0x00A6, 0x8CD5, 0xE79F,
  0x3A8C, 0x00A6, 0x0022, 0x0001, 0x0001, 0x0001, 0x0001, 0x0001, 0x0001, 0x0001, 0x0001, 0x0022,
  0x0022, 0x0022, 0x0022, 0x0022, 0x0022, 0x0022, 0x0022, 0x0022, 0x0022, 0x0001, 0x0042, 0x0062,
  0x0042, 0x0022, 0x0022, 0x0022, 0x0022, 0x0001, 0x0002, 0x0842, 0x0042, 0x0001, 0x0000, 0x0000,
  0x3165, 0x3166, 0x18C2, 0x2965, 0x3166, 0x1083, 0x0002, 0x0000, 0x0000, 0x5229, 0x0821, 0x0000,
  0xC592, 0x9C0D, 0x2145, 0x1904, 0x0042, 0x0021, 0x0062, 0x0022, 0x10A4, 0x0862, 0x0001, 0x0862,
  0x0862, 0x0021, 0x0062, 0x0063, 0x0042, 0x0883, 0x10E5, 0x0883, 0x0043, 0x0023, 0xBE37, 0x0840,
  0x0000, 0x31C7, 0xCE59, 0x94D2, 0x0000, 0x1082, 0x2103, 0x39A6, 0x39E8, 0x0000, 0x18E3, 0x9CF3,
  0x52AA, 0x1082, 0x4A48, 0x738D, 0x9492, 0x6B6D, 0x52AA, 0xA514, 0x0020, 0x0000, 0x0000, 0x5AEB,
  0x18E3, 0x0000, 0x2965, 0x7BEF, 0x39C7, 0x4228, 0xAD75, 0x52AA, 0x3186, 0x0000, 0x0000, 0x4228,
  0x0861, 0x4228, 0x5AEB, 0x2124, 0x2104, 0x738D, 0x9CD2, 0xB5D6, 0x73AE, 0x0000, 0x0000, 0x0000,
  0x0000, 0x0000, 0x630C, 0x10A2, 0x4A69, 0x8C71, 0xD69A, 0xFFFF, 0x0000, 0x0000, 0x6B4D, 0x630B,
  0x39C7, 0x18C3, 0x2103, 0x39E7, 0x0000, 0x4228, 0xF79D, 0x94B2, 0xB596, 0xDEDB, 0xBDB7, 0x5B0B,
  0x2104, 0x0841, 0x0861, 0x1903, 0x2966, 0x31A7, 0x31A6, 0x31A6, 0x31A6, 0x3185, 0x39E7, 0x8C71,
  0x4A8A, 0x2124, 0x0000, 0x00A3, 0x2A6E, 0x29C9, 0x1926, 0x1988, 0x19AA, 0x3C9B, 0x3E9F, 0x575F,
  0x4E7F, 0x1418, 0x0210, 0x00CA, 0x010A, 0x01EE, 0x1252, 0x11EF, 0x09CE, 0x016D, 0x012C, 0x010E,
  0x0232, 0x3D9C, 0x6F5F, 0x459F, 0x01F5, 0x0236, 0x12D9, 0x0237, 0x0237, 0x1CBD, 0x9FFF, 0xC7FF,
  0x45DF, 0x029B, 0x0236, 0x0A54, 0x01B0, 0x1234, 0x02D8, 0x143D, 0x463F, 0x4CF9, 0x008A, 0x00EB,
  0x014C, 0x010A, 0x0043, 0x00A5, 0x0886, 0x0022, 0x0085, 0x01CF, 0x3C9D, 0x120E, 0x0024, 0x00A5,
  0x00C6, 0x0063, 0x0043, 0x0022, 0x0022, 0x0021, 0x0021, 0x0001, 0x0001, 0x0021, 0x0001, 0x0001,
  0x0000, 0x0000, 0x0000, 0x0000, 0x0000, 0x0000, 0x0000, 0x0000, 0x0000, 0x0000, 0x0000, 0x0000,
  0x0000, 0x0000, 0x0000, 0x0000, 0x0043, 0x0884, 0x0063, 0x0002, 0x00C7, 0x00E8, 0x0149, 0x0065,
  0x00C8, 0x00A7, 0x00A8, 0x00A6, 0x21A9, 0xE79F, 0xDF7F, 0x4ACE, 0x1989, 0xC6BC, 0xCEDD, 0x08E6,
  0x00A6, 0x00C6, 0xCEBC, 0xE79F, 0xDF7F, 0x1968, 0x00A6, 0x00A5, 0x0884, 0x0085, 0x00A6, 0x42AD,
  0xE79F, 0xE79F, 0x532F, 0x00A6, 0x00A6, 0x00A6, 0x0907, 0xE79F, 0xBE5B, 0x00A6, 0x00A6, 0x00A6,
  0x00A6, 0x00A6, 0x00A6, 0x00A6, 0xBE7B, 0xBE7B, 0x1968, 0xADD9, 0xCEDD, 0x08E7, 0x00A6, 0xE79F,
  0xC6BC, 0x00A6, 0x00A6, 0x00A6, 0x00A6, 0x00A6, 0x1989, 0xD73E, 0xDF7F, 0x29EA, 0x00A6, 0x7C53,
  0xE79F, 0xA5B8, 0x00A6, 0x00A5, 0x0064, 0x00A6, 0x8CD5, 0xE79F, 0x3A8C, 0x00A6, 0x0022, 0x0001,
  0x0001, 0x0001, 0x0001, 0x0001, 0x0001, 0x0001, 0x0001, 0x0001, 0x0022, 0x0021, 0x0022, 0x0022,
  0x0022, 0x0022, 0x0022, 0x0022, 0x0022, 0x0001, 0x0042, 0x0043, 0x0001, 0x0022, 0x0002, 0x0021,
  0x0021, 0x0001, 0x0022, 0x0021, 0x0002, 0x0002, 0x0001, 0x0001, 0x1082, 0x0000, 0x1861, 0x1882,
  0x1082, 0x1042, 0x0883, 0x0000, 0x20E4, 0x0822, 0x20E4, 0x5A8B, 0x0000, 0xB4D1, 0x18C4, 0x10C4,
  0x1904, 0x0001, 0x2104, 0x18C4, 0x3166, 0x18E4, 0x0000, 0x0062, 0x0062, 0x0062, 0x0063, 0x0062,
  0x0042, 0x10E4, 0x0042, 0x08A4, 0x0001, 0x5B4F, 0x9C92, 0x0000, 0x0000, 0x9492, 0xD67A, 0x4A49,
  0x0821, 0xBDD7, 0xFFFF, 0x7BCF, 0x0020, 0x0000, 0x528A, 0x6B4D, 0x2124, 0x5ACB, 0x8410, 0x0000,
  0x2104, 0x9CF4, 0xAD76, 0xBDF7, 0x9492, 0x0020, 0x0000, 0x0000, 0x0000, 0x0000, 0x6B4D, 0x5ACB,
  0x2945, 0xAD55, 0x39C7, 0x39C7, 0x1082, 0x0000, 0x31A6, 0x31A6, 0x0000, 0x94B2, 0x6B6D, 0x2945,
  0x0000, 0x2925, 0xAD75, 0x6B4D, 0x632C, 0x528A, 0x4A49, 0x2124, 0x0000, 0x39C7, 0x73AE, 0x0000,
  0x2103, 0x94B2, 0xF79E, 0xBDD7, 0x0000, 0x4208, 0x6B6D, 0x4A28, 0x20E3, 0x2104, 0x2124, 0x39C6,
  0x0000, 0x2966, 0x8430, 0x0020, 0x0000, 0x2924, 0x630C, 0xBDD7, 0xCE59, 0x8C51, 0x4A69, 0x18C3,
  0x0861, 0x18E3, 0x2965, 0x3186, 0x39C7, 0x2124, 0x8430, 0x39E7, 0x2125, 0x20C2, 0x0000, 0x1A0B,
  0x2A8F, 0x0864, 0x0021, 0x2188, 0x2AF1, 0x87FF, 0x46FF, 0x145A, 0x0252, 0x014D, 0x010C, 0x09AF,
  0x0A10, 0x12B3, 0x22B4, 0x098F, 0x014D, 0x016E, 0x0273, 0x34FA, 0x5EBF, 0x45DF, 0x135A, 0x0216,
  0x0AD8, 0x02D9, 0x025A, 0x0B7B, 0x779F, 0xC7FF, 0x7FBF, 0x139C, 0x0238, 0x0A38, 0x0276, 0x0A54,
  0x09D3, 0x035A, 0x4EDF, 0x4E5F, 0x0254, 0x11CF, 0x012A, 0x0109, 0x010A, 0x0044, 0x0042, 0x00A6,
  0x0085, 0x0042, 0x0109, 0x0274, 0x1293, 0x00C6, 0x0002, 0x0086, 0x0085, 0x0043, 0x0042, 0x0041,
  0x0021, 0x0021, 0x0001, 0x0022, 0x0022, 0x0021, 0x0001, 0x0001, 0x0000, 0x0000, 0x0000, 0x0000,
  0x0000, 0x0000, 0x0000, 0x0000, 0x08A4, 0x0000, 0x0000, 0x08A4, 0x0000, 0x0000, 0x0000, 0x0000,
  0x08A5, 0x0001, 0x0021, 0x0002, 0x00C6, 0x0084, 0x0968, 0x0085, 0x00E7, 0x0949, 0x0046, 0x00A6,
  0x21A9, 0xE79F, 0x9516, 0xADD9, 0xD73E, 0xB61A, 0x2A0B, 0x00A6, 0x00C6, 0x00A6, 0x7C53, 0xE79F,
  0xADD9, 0x00A6, 0x00C6, 0x0084, 0x0063, 0x0085, 0x00A6, 0x84B5, 0xE79F, 0xE79F, 0xE79F, 0xE79F,
  0xE79F, 0x84B5, 0x0907, 0xE79F, 0xE79F, 0xE79F, 0xE79F, 0xE79F, 0xE79F, 0xE79F, 0x08E6, 0x00A6,
  0x21A9, 0xADF9, 0xDF5F, 0xB61A, 0x29EA, 0x00A6, 0x00A6, 0xE79F, 0xE79F, 0xE79F, 0xE79F, 0xE79F,
  0xE79F, 0x7C74, 0x9D78, 0xE79F, 0x7C74, 0x00A6, 0x00A6, 0x08E7, 0xC6BC, 0xE79F, 0x530F, 0x00A6,
  0x0085, 0x00A6, 0x8CD5, 0xE79F, 0x3A8C, 0x00A6, 0x0022, 0x0001, 0x0001, 0x0001, 0x0001, 0x0001,
  0x0001, 0x0001, 0x0001, 0x0000, 0x0022, 0x0022, 0x0022, 0x0022, 0x0022, 0x0021, 0x0022, 0x0042,
  0x0022, 0x0022, 0x0022, 0x0084, 0x0000, 0x0021, 0x0001, 0x0001, 0x0001, 0x0000, 0x0000, 0x0001,
  0x0020, 0x0001, 0x0001, 0x0001, 0x0862, 0x1906, 0x0084, 0x0023, 0x0085, 0x0085, 0x29EA, 0x08E7,
  0x0043, 0x10A5, 0x3148, 0x18A5, 0x0001, 0x6B0B, 0x0041, 0x10E3, 0x10C3, 0x0842, 0x1062, 0x1082,
  0x0000, 0x0000, 0x08A3, 0x0062, 0x0021, 0x0062, 0x0083, 0x0042, 0x0883, 0x0883, 0x0000, 0x0001,
  0x0044, 0xCE7A, 0x20E2, 0x0000, 0x2103, 0xB5D6, 0xA535, 0x0000, 0xA4F4, 0xF79E, 0xFFFF, 0x5B0B,
  0x0000, 0x0841, 0x5AEB, 0x3186, 0x0841, 0x9492, 0x4A69, 0x3186, 0x0000, 0x4A69, 0xB5B7, 0x6B6E,
  0x5ACB, 0x7BCF, 0x7BCF, 0x4207, 0x0000, 0x630B, 0x8410, 0x0000, 0x2104, 0x3186, 0x2965, 0x31A6,
  0x0000, 0x0861, 0x4A49, 0x1081, 0x4208, 0x4A49, 0x18C2, 0x2104, 0x0000, 0x18E3, 0x738E, 0x4208,
  0x2945, 0x18C3, 0x2104, 0x5AEB, 0x8430, 0x94B2, 0xB596, 0x0000, 0x0000, 0x0000, 0x18E3, 0x0021,
  0x0000, 0x632C, 0x5AEB, 0x3165, 0x18A2, 0x3185, 0x31A5, 0x10A2, 0x0000, 0x738E, 0x31A6, 0x2124,
  0x4A48, 0x0000, 0x0000, 0x0000, 0xC638, 0xFFFF, 0xE73C, 0xEF5D, 0xB596, 0x4228, 0x0841, 0x0020,
  0x18C3, 0x39E7, 0xB5B6, 0x4A69, 0x4A69, 0x0800, 0x0043, 0x32CF, 0x19EA, 0x0000, 0x1126, 0x21EB,
  0x4499, 0x1D5F, 0x0295, 0x01B1, 0x01AF, 0x01F0, 0x0A52, 0x1293, 0x0A32, 0x01B0, 0x01F1, 0x01F3,
  0x0295, 0x2CDB, 0x56BF, 0x7FBF, 0x243C, 0x0299, 0x12F9, 0x0AD8, 0x02DA, 0x033C, 0x563F, 0xC7FF,
  0xAFFF, 0x355D, 0x02B9, 0x0238, 0x0A55, 0x0A35, 0x135A, 0x0B18, 0x147B, 0x56FF, 0x3CBA, 0x0232,
  0x098F, 0x0087, 0x0065, 0x00E9, 0x00E8, 0x0084, 0x0043, 0x08E7, 0x0064, 0x00C6, 0x0A92, 0x016D,
  0x012B, 0x0084, 0x0000, 0x0886, 0x0064, 0x0022, 0x0021, 0x0022, 0x0021, 0x0021, 0x0001, 0x0001,
  0x0001, 0x0001, 0x0001, 0x0000, 0x0000, 0x0000, 0x0000, 0x0000, 0x0000, 0x0001, 0x0001, 0x0000,
  0x0883, 0x0000, 0x0000, 0x0000, 0x0000, 0x0000, 0x0000, 0x0000, 0x0001, 0x0042, 0x0022, 0x0084,
  0x00C6, 0x0001, 0x0927, 0x00C6, 0x00A6, 0x1149, 0x0025, 0x00A6, 0x00A6, 0x00A6, 0x00A6, 0x00A6,
  0x00A6, 0x00A6, 0x00A6, 0x00A6, 0x00A6, 0x00A6, 0x6BF2, 0xE79F, 0x6BD1, 0x00A6, 0x08C5, 0x00A4,
  0x0063, 0x0085, 0x00A6, 0x00A6, 0x00A6, 0x00A6, 0x00A6, 0x00A6, 0x00A6, 0x00A6, 0x00A6, 0x00A6,
  0x00A6, 0x00A6, 0x00A6, 0x00A6, 0x00A6, 0x00A6, 0x00A6, 0x00A6, 0x00A6, 0x00A6, 0x00A6, 0x00A6,
  0x00A6, 0x00A5, 0x00A6, 0x00A6, 0x00A6, 0x00A6, 0x00A6, 0x00A6, 0x00A6, 0x00A6, 0x00A6, 0x00A6,
  0x00A6, 0x00A6, 0x0085, 0x00A6, 0x00A6, 0x00A6, 0x00A6, 0x00A6, 0x0084, 0x00A6, 0x00A6, 0x00A6,
  0x00A6, 0x00A6, 0x0022, 0x0001, 0x0001, 0x0001, 0x0001, 0x0001, 0x0001, 0x0001, 0x0000, 0x0000,
  0x0001, 0x0001, 0x0001, 0x0021, 0x0021, 0x0001, 0x0000, 0x0002, 0x0042, 0x0000, 0x0000, 0x0043,
  0x0001, 0x0000, 0x0001, 0x0022, 0x0022, 0x0022, 0x0043, 0x0044, 0x0063, 0x0083, 0x0084, 0x0045,
  0x1107, 0x29C9, 0x08C6, 0x0064, 0x0043, 0x0043, 0x0002, 0x0001, 0x0001, 0x0042, 0x0002, 0x0001,
  0x0002, 0x2166, 0x0020, 0x0000, 0x0000, 0x0001, 0x0042, 0x0042, 0x0042, 0x0001, 0x0062, 0x0042,
  0x0041, 0x0062, 0x08A4, 0x0042, 0x10C4, 0x0064, 0x3AEF, 0x11AA, 0x5B30, 0xAD34, 0x0000, 0x0000,
  0x7BCE, 0xBDF7, 0x5289, 0x0000, 0x2144, 0xD6BA, 0xC638, 0x0000, 0x0000, 0x5AEB, 0x630B, 0x2104,
  0x39C7, 0x6B6D, 0x5AEB, 0x2945, 0x0000, 0x3185, 0x4A69, 0x2104, 0x0861, 0x2124, 0x39C7, 0x632C,
  0x840F, 0xA534, 0xC618, 0x0020, 0x0000, 0x0000, 0x18C2, 0x0000, 0x0000, 0x4A69, 0x2144, 0x52AA,
  0xC638, 0x9CF3, 0x2965, 0x1082, 0x0000, 0x3186, 0x39C7, 0x10C2, 0x2103, 0x3186, 0x8430, 0x0000,
  0x632C, 0xC638, 0xAD54, 0x8C30, 0x4228, 0x0881, 0x0000, 0x0000, 0x4228, 0x7BEF, 0x39E7, 0x2124,
  0x5289, 0x840F, 0x31C6, 0x0000, 0x18C3, 0x6B4D, 0x0000, 0x528A, 0x4A48, 0x5289, 0x8430, 0x0000,
  0x8C91, 0x94B2, 0x0020, 0x528A, 0xAD55, 0xEF5D, 0xD69A, 0x73AE, 0x18E3, 0x6B2C, 0x94B2, 0x52AA,
  0x39E7, 0x0000, 0x1989, 0x32CE, 0x08A2, 0x00A3, 0x19E9, 0x3311, 0x1B78, 0x0254, 0x0233, 0x0274,
  0x12F5, 0x12D5, 0x0A11, 0x018E, 0x0A12, 0x0B17, 0x0B58, 0x2CDB, 0x56FF, 0x5F1F, 0x3D3F, 0x0B19,
  0x0B19, 0x1339, 0x02F9, 0x039C, 0x357F, 0xE7FF, 0xF7FF, 0x66DF, 0x035B, 0x0278, 0x0AB6, 0x0235,
  0x0A34, 0x12D6, 0x249C, 0x359F, 0x5E5F, 0x1B14, 0x010F, 0x016D, 0x00E8, 0x0086, 0x00C7, 0x0085,
  0x0085, 0x0063, 0x00A6, 0x1A0C, 0x00E8, 0x098D, 0x01CF, 0x00C8, 0x00E7, 0x0085, 0x0000, 0x00C6,
  0x0042, 0x0041, 0x0021, 0x0021, 0x0021, 0x0021, 0x0063, 0x10A5, 0x0001, 0x0001, 0x0000, 0x0000,
  0x0000, 0x0000, 0x0000, 0x0000, 0x0000, 0x0001, 0x0001, 0x0000, 0x0000, 0x0000, 0x0000, 0x0000,
  0x0000, 0x0000, 0x0000, 0x0000, 0x0002, 0x0042, 0x0022, 0x00E6, 0x00A5, 0x0001, 0x00E6, 0x00C6,
  0x0065, 0x0107, 0x0066, 0x098B, 0x00E7, 0x00A6, 0x00A6, 0x00A6, 0x00A6, 0x00A6, 0x08E7, 0x00A6,
  0x08E7, 0x1148, 0xC69C, 0xDF7F, 0x21A9, 0x00A6, 0x1106, 0x10E5, 0x0043, 0x0063, 0x08C6, 0x00A6,
  0x00A6, 0x00A6, 0x00A6, 0x00A6, 0x00A6, 0x00A5, 0x00C6, 0x00A6, 0x00A6, 0x00A6, 0x00A6, 0x00A6,
  0x00A6, 0x00A6, 0x00A5, 0x00A5, 0x0064, 0x0085, 0x00A6, 0x00A5, 0x0063, 0x0043, 0x00A5, 0x00A6,
  0x00A6, 0x00A6, 0x00A6, 0x00A6, 0x00A6, 0x00A6, 0x00A6, 0x00A6, 0x00A5, 0x0064, 0x0083, 0x0084,
  0x00A5, 0x00A6, 0x00A6, 0x0084, 0x0021, 0x0084, 0x00A5, 0x00A6, 0x00A5, 0x0043, 0x0001, 0x0001,
  0x0001, 0x0001, 0x0000, 0x0001, 0x0001, 0x0021, 0x0001, 0x0001, 0x0001, 0x0022, 0x0063, 0x0023,
  0x0042, 0x0002, 0x10E6, 0x21EB, 0x0063, 0x0023, 0x0023, 0x3B52, 0x00A6, 0x0043, 0x0065, 0x0885,
  0x0864, 0x0063, 0x0043, 0x0023, 0x0022, 0x0022, 0x0002, 0x0001, 0x0001, 0x0000, 0x0000, 0x0001,
  0x0001, 0x0001, 0x0001, 0x0001, 0x0022, 0x0022, 0x0022, 0x0022, 0x0002, 0x0062, 0x0020, 0x0000,
  0x0001, 0x0042, 0x0042, 0x0042, 0x0041, 0x0042, 0x0883, 0x0042, 0x0042, 0x0062, 0x0042, 0x0883,
  0x08C4, 0x0084, 0x1A2C, 0x222B, 0xBDF8, 0x2964, 0x0000, 0x2965, 0xA534, 0xCE79, 0x9491, 0x0000,
  0x0000, 0x0000, 0x0000, 0x0000, 0x10A1, 0x8430, 0x52AA, 0x2104, 0x9CB3, 0x9CF3, 0x4208, 0x0000,
  0x0000, 0x52AA, 0x18E3, 0x0000, 0xB5B6, 0x6B4C, 0x10A2, 0x0000, 0xAD75, 0xAD55, 0xAD55, 0xA514,
  0x2966, 0x0861, 0x0000, 0x0000, 0x10A2, 0x5289, 0x0020, 0xAD55, 0xB5D6, 0x31A6, 0x2965, 0x0000,
  0x10A2, 0x4A49, 0x18E3, 0x1081, 0x0000, 0x4A69, 0x8C71, 0x0000, 0x3A08, 0x8C50, 0x18E3, 0x0841,
  0x4A49, 0x73AE, 0x6B6C, 0x5289, 0xA554, 0x7C0F, 0x0000, 0x0000, 0x2965, 0x39C6, 0x2104, 0x0000,
  0x632C, 0x2965, 0x3186, 0x8C71, 0x18E3, 0x6B6D, 0x0840, 0x0000, 0x6B4C, 0x2103, 0x0000, 0x0841,
  0x0841, 0x0000, 0x8C51, 0xEF5D, 0xDEDB, 0xC618, 0x4228, 0x52AA, 0x2923, 0x0000, 0x2A6E, 0x21EA,
  0x0000, 0x1946, 0x29EA, 0x33B6, 0x0318, 0x0AF6, 0x1B36, 0x1316, 0x0A94, 0x0212, 0x01F2, 0x0234,
  0x0339, 0x4E3F, 0x571F, 0x6F7F, 0x3DDF, 0x1C3C, 0x0B7B, 0x0B9B, 0x033B, 0x037B, 0x2D9E, 0xB7FF,
  0xFFFF, 0xC7FF, 0x14BD, 0x02DB, 0x0AB9, 0x0A98, 0x1277, 0x12D8, 0x0236, 0x4D7C, 0xE7FF, 0x1C3C,
  0x01F1, 0x012F, 0x096D, 0x00E9, 0x00C7, 0x00A6, 0x0084, 0x00A3, 0x00A6, 0x00A6, 0x00E8, 0x120D,
  0x016B, 0x00A6, 0x0129, 0x0065, 0x0085, 0x00A5, 0x0064, 0x00C7, 0x0022, 0x0022, 0x0021, 0x0021,
  0x0021, 0x0042, 0x0021, 0x1927, 0x0001, 0x0000, 0x0000, 0x0000, 0x0000, 0x0000, 0x0000, 0x0000,
  0x0041, 0x0000, 0x0000, 0x0000, 0x0000, 0x0000, 0x0863, 0x0000, 0x0000, 0x0000, 0x0000, 0x0000,
  0x0063, 0x0001, 0x0021, 0x0928, 0x0043, 0x0022, 0x00C6, 0x00C6, 0x0084, 0x00A5, 0x0928, 0x0A0E,
  0x1B96, 0x09EF, 0x122E, 0x32F1, 0x2A8F, 0x00A7, 0x00E7, 0x00A6, 0x532F, 0xDF7F, 0xCEDD, 0x5B70,
  0x00A6, 0x08C6, 0x1906, 0x08A5, 0x0085, 0x08E5, 0x0063, 0x0001, 0x5A6A, 0x836C, 0x5A8A, 0x0000,
  0x39E8, 0x0083, 0x52AB, 0x4AAD, 0x00C9, 0x00C7, 0x0001, 0x00E8, 0x098C, 0x0065, 0x00E7, 0x0085,
  0x0023, 0x0023, 0x0043, 0x0884, 0x0021, 0x0022, 0x0001, 0x0000, 0x0000, 0x0001, 0x0001, 0x0000,
  0x0000, 0x0000, 0x0000, 0x0002, 0x0002, 0x0065, 0x0023, 0x0000, 0x0821, 0x0022, 0x0001, 0x0001,
  0x0001, 0x0021, 0x0021, 0x0022, 0x0022, 0x0043, 0x0043, 0x0063, 0x0063, 0x0043, 0x0063, 0x0063,
  0x0063, 0x0063, 0x0063, 0x0063, 0x0043, 0x0084, 0x08A5, 0x0023, 0x0043, 0x0003, 0x1128, 0x198A,
  0x0064, 0x0044, 0x0023, 0x0907, 0x0044, 0x0001, 0x0021, 0x0001, 0x0000, 0x0000, 0x0000, 0x0000,
  0x0000, 0x0000, 0x0021, 0x0021, 0x0022, 0x0021, 0x0021, 0x0021, 0x0021, 0x0022, 0x0022, 0x0022,
  0x0022, 0x0022, 0x0043, 0x0001, 0x6B2D, 0x2125, 0x0000, 0x0862, 0x0001, 0x0042, 0x0042, 0x0042,
  0x0042, 0x0042, 0x0042, 0x0042, 0x0042, 0x0062, 0x0042, 0x0083, 0x08C5, 0x10C5, 0x0002, 0x320A,
  0xBDD6, 0x0000, 0x0000, 0x632C, 0x0000, 0x3185, 0x8430, 0x5ACA, 0x0861, 0x0000, 0x0000, 0x0000,
  0x738D, 0x5AEB, 0x39E7, 0x5ACB, 0x8410, 0x2945, 0x2124, 0x0000, 0x39E7, 0x4A48, 0x0840, 0x2104,
  0x73AE, 0x31A6, 0x0861, 0x0000, 0x9491, 0x9492, 0x2945, 0x2104, 0x52AA, 0x7BCF, 0x73AD, 0x39C7,
  0x73AE, 0x39E7, 0x0000, 0x0000, 0x3186, 0x31A6, 0x0841, 0x0000, 0x52AA, 0x39C7, 0x2104, 0xB5B6,
  0x5ACA, 0x94D2, 0x0020, 0x0000, 0x39E7, 0x2945, 0x0841, 0x0000, 0x10A2, 0x0841, 0x39A6, 0xB5B6,
  0xC618, 0xD699, 0x39E7, 0x0000, 0x0000, 0x0000, 0x0000, 0x0020, 0x6B6D, 0x1082, 0xBDF7, 0x9492,
  0x9CD3, 0x630C, 0x0000, 0x39C6, 0x4A48, 0x0000, 0x1082, 0xAD75, 0xE73C, 0x18C3, 0x0000, 0xDEFB,
  0xDEFB, 0xA555, 0x4A48, 0x4A28, 0x0800, 0x0907, 0x226E, 0x1126, 0x2188, 0x2147, 0x42EF, 0x2C5D,
  0x1B79, 0x12F6, 0x12B5, 0x0A74, 0x0A54, 0x0295, 0x0317, 0x249C, 0x673F, 0x87FF, 0x469F, 0x14BD,
  0x1C5C, 0x2CBE, 0x249E, 0x143D, 0x2D3E, 0xA7DF, 0xFFFF, 0xFFFF, 0x5DFE, 0x02FA, 0x02FB, 0x0AFA,
  0x1B5A, 0x1B59, 0x12B9, 0x0AFA, 0x247D, 0x6F1F, 0x23F8, 0x0131, 0x016D, 0x00E9, 0x00C7, 0x00E7,
  0x00A6, 0x0064, 0x0064, 0x0084, 0x014A, 0x0087, 0x018B, 0x014B, 0x0044, 0x00C6, 0x00C7, 0x0042,
  0x0001, 0x00A5, 0x00E8, 0x0085, 0x0021, 0x0022, 0x0021, 0x0021, 0x0021, 0x0021, 0x0000, 0x0000,
  0x0001, 0x0001, 0x0000, 0x0000, 0x0000, 0x0000, 0x0000, 0x0000, 0x0000, 0x0000, 0x0000, 0x0061,
  0x0862, 0x0020, 0x0000, 0x0000, 0x0000, 0x0000, 0x0000, 0x0000, 0x08C6, 0x0022, 0x0063, 0x0927,
  0x0043, 0x0043, 0x0085, 0x00C6, 0x0064, 0x00A5, 0x0128, 0x124F, 0x1AF3, 0x1250, 0x11ED, 0x11ED,
  0x224D, 0x1149, 0x00C6, 0x00A6, 0x00A6, 0x00A6, 0x00A6, 0x00A6, 0x00A6, 0x1927, 0x2986, 0x2147,
  0x0023, 0x0063, 0x00A4, 0x0021, 0x18E4, 0x4A6B, 0x39A8, 0x29A8, 0x5ACA, 0x0001, 0x3987, 0x730C,
  0x0000, 0x0025, 0x0109, 0x010B, 0x0253, 0x016F, 0x012B, 0x0065, 0x0044, 0x0002, 0x0000, 0x0042,
  0x0002, 0x0002, 0x0002, 0x0001, 0x0000, 0x0000, 0x0001, 0x0021, 0x0022, 0x0022, 0x0022, 0x0000,
  0x3AAE, 0x5BF3, 0x0001, 0x0063, 0x0043, 0x0043, 0x0084, 0x0063, 0x0043, 0x0043, 0x0023, 0x0022,
  0x0022, 0x0021, 0x0021, 0x0021, 0x0021, 0x0001, 0x0000, 0x0000, 0x0001, 0x0000, 0x0000, 0x0001,
  0x0001, 0x0001, 0x0001, 0x0000, 0x0001, 0x0043, 0x0001, 0x0001, 0x0084, 0x0022, 0x0002, 0x0022,
  0x0043, 0x0000, 0x0022, 0x0022, 0x0021, 0x0021, 0x0001, 0x0001, 0x0000, 0x0001, 0x0021, 0x0001,
  0x0021, 0x0022, 0x0022, 0x0022, 0x0021, 0x0001, 0x0001, 0x0042, 0x0022, 0x0002, 0x0022, 0x0023,
  0x41C7, 0x0861, 0x0000, 0x0883, 0x0042, 0x0042, 0x1083, 0x0062, 0x0022, 0x0042, 0x0842, 0x0042,
  0x0041, 0x0042, 0x0041, 0x0083, 0x00C4, 0x08E5, 0x0002, 0x8CB5, 0x7B8C, 0x0000, 0x4A49, 0x528A,
  0x0000, 0x0000, 0x0861, 0x2965, 0x39E7, 0x632C, 0x7BCE, 0x738D, 0xC638, 0x10A2, 0x0000, 0x0000,
  0x2104, 0x4228, 0x0000, 0x0000, 0x6B4D, 0x18E3, 0x1082, 0xE71C, 0x4208, 0x10A2, 0x0000, 0x0000,
  0x6B6D, 0x39E7, 0x0000, 0x7BCF, 0x3185, 0x1081, 0x5B0B, 0xA534, 0x9CF3, 0xAD54, 0x2104, 0x0000,
  0x0000, 0x0000, 0x0000, 0x2104, 0x632C, 0x18C3, 0x73AE, 0xFFFF, 0xC618, 0xCE7A, 0x0000, 0x18C3,
  0x3186, 0x18C2, 0x0020, 0x630B, 0x8450, 0x18A2, 0x0000, 0xC5F8, 0xAD15, 0x528A, 0x5AEB, 0x8C71,
  0x73AE, 0x18C2, 0x0000, 0x738E, 0x39E7, 0x0000, 0x9CF3, 0xAD75, 0xA514, 0x10A2, 0x0000, 0x8410,
  0x10A2, 0x18E3, 0x2124, 0x7BEF, 0xB5B6, 0x0000, 0x0000, 0xD6BA, 0xDEFB, 0x5AEB, 0x39C6, 0x2923,
  0x0000, 0x222D, 0x19EB, 0x1168, 0x222C, 0x2A0B, 0x3B75, 0x139A, 0x02F7, 0x0A97, 0x0A96, 0x0A97,
  0x137A, 0x34DC, 0x4E5F, 0x6F7F, 0x4EDF, 0x25DF, 0x047E, 0x14DE, 0x3D7D, 0x4DDE, 0x563F, 0x979F,
  0xFFFF, 0xFFFF, 0xA7DF, 0x149E, 0x02DA, 0x0B19, 0x0AD9, 0x12D9, 0x1BB9, 0x0295, 0x0B58, 0x561F,
  0x45DF, 0x02B6, 0x0190, 0x016D, 0x0064, 0x0083, 0x00C6, 0x00C7, 0x0086, 0x00A4, 0x00C6, 0x0065,
  0x018C, 0x01EE, 0x09AC, 0x0003, 0x0021, 0x00E7, 0x00C6, 0x0023, 0x0000, 0x00A7, 0x010B, 0x0044,
  0x0021, 0x0021, 0x0021, 0x0021, 0x0021, 0x0001, 0x0001, 0x0001, 0x0001, 0x0000, 0x0000, 0x0000,
  0x0021, 0x0000, 0x0000, 0x0000, 0x0000, 0x0000, 0x0000, 0x0000, 0x0000, 0x0000, 0x0000, 0x0000,
  0x0000, 0x0000, 0x0000, 0x0000, 0x0043, 0x0043, 0x0065, 0x00A5, 0x0063, 0x0043, 0x0085, 0x0907,
  0x0064, 0x00A6, 0x0129, 0x098C, 0x09CE, 0x1AF3, 0x01AD, 0x09EC, 0x11CC, 0x21EC, 0x00A6, 0x0949,
  0x00C6, 0x00A6, 0x00C6, 0x0085, 0x08C5, 0x0043, 0x5ACB, 0x2187, 0x0002, 0x0063, 0x08C4, 0x0002,
  0x0064, 0x0003, 0x0004, 0x0042, 0x4A6A, 0x1926, 0x0043, 0x732B, 0x18C4, 0x39C9, 0x00CA, 0x02D6,
  0x9FFF, 0x5E3F, 0x00CB, 0x00A7, 0x00E7, 0x00A5, 0x0063, 0x00A5, 0x00C6, 0x00A5, 0x0084, 0x0884,
  0x0883, 0x0883, 0x0843, 0x0063, 0x0043, 0x0023, 0x0042, 0x0001, 0x2A6E, 0x3AAF, 0x0002, 0x0043,
  0x0021, 0x0000, 0x0000, 0x0000, 0x0000, 0x0000, 0x0000, 0x0000, 0x0000, 0x0000, 0x0001, 0x0000,
  0x0000, 0x0000, 0x0001, 0x0001, 0x0001, 0x0001, 0x0001, 0x0001, 0x0001, 0x0001, 0x0001, 0x0022,
  0x0063, 0x0021, 0x0020, 0x0000, 0x0001, 0x0001, 0x0001, 0x0000, 0x0063, 0x0021, 0x0021, 0x0022,
  0x0021, 0x0842, 0x0001, 0x0021, 0x0001, 0x0021, 0x0021, 0x0001, 0x0001, 0x0021, 0x0022, 0x0022,
  0x0021, 0x10A3, 0x2105, 0x1062, 0x0042, 0x0002, 0x0002, 0x0002, 0x0021, 0x0000, 0x0000, 0x0001,
  0x0862, 0x0042, 0x0862, 0x0042, 0x0022, 0x0042, 0x0042, 0x0042, 0x0042, 0x0021, 0x0062, 0x0883,
  0x0083, 0x00E6, 0x00A6, 0xAD57, 0x3164, 0x0000, 0x73AE, 0x18E3, 0x0000, 0x10A2, 0x18C2, 0x10A2,
  0x18C3, 0x0861, 0x4208, 0xBDD7, 0xBE17, 0xA534, 0x1082, 0x0000, 0x0000, 0x0000, 0x0000, 0x4A69,
  0x528A, 0x0000, 0x5AEB, 0xE73C, 0x528A, 0x0000, 0x0000, 0x52AB, 0x6B4D, 0x0861, 0x0862, 0xA514,
  0x2945, 0x0861, 0x0000, 0xBDF7, 0x8410, 0x4A69, 0x6B6E, 0x738E, 0x4208, 0x0000, 0x0861, 0x8410,
  0x2124, 0x0000, 0x2965, 0x6B6D, 0xFFFF, 0x3186, 0x0000, 0x4A69, 0x10A2, 0x1082, 0x2124, 0x2985,
  0x39C6, 0x0000, 0x0000, 0xA514, 0x5269, 0x0861, 0x0021, 0x0020, 0x2965, 0x9CF3, 0xA534, 0xCE59,
  0x73AF, 0x0000, 0x0000, 0x0020, 0x39C7, 0x0000, 0x39C7, 0x6B4D, 0x0000, 0x94B2, 0x8430, 0x73AE,
  0x4228, 0x0000, 0x4208, 0xE71C, 0xAD96, 0x2986, 0x31C6, 0x0800, 0x08C5, 0x228E, 0x1A0C, 0x116A,
  0x120C, 0x32CF, 0x2BDB, 0x0339, 0x0B39, 0x0319, 0x0B5B, 0x2D1D, 0x5EBF, 0x671F, 0x4E3F, 0x2CFE,
  0x2D3E, 0x45FF, 0x35BF, 0x3DBF, 0x76DE, 0xB7BF, 0xFFFF, 0xFFFF, 0xE7FF, 0x561F, 0x03BB, 0x039B,
  0x1BBB, 0x1B9B, 0x1B58, 0x0276, 0x01B4, 0x349B, 0x771F, 0x2CBB, 0x0274, 0x01F1, 0x012B, 0x00C8,
  0x0065, 0x0003, 0x0085, 0x0085, 0x0086, 0x0063, 0x00C7, 0x00E8, 0x1B35, 0x018C, 0x0003, 0x0042,
  0x0022, 0x0108, 0x0086, 0x0044, 0x0003, 0x1AF3, 0x1252, 0x0025, 0x0042, 0x0001, 0x0021, 0x0021,
  0x0021, 0x0001, 0x0001, 0x0001, 0x0001, 0x0000, 0x0000, 0x0000, 0x0021, 0x0000, 0x0000, 0x0000,
  0x0000, 0x0000, 0x0000, 0x0000, 0x0000, 0x0000, 0x0000, 0x0000, 0x0000, 0x0000, 0x0000, 0x0000,
  0x0001, 0x0022, 0x0928, 0x0042, 0x0063, 0x0043, 0x0064, 0x0928, 0x0064, 0x0085, 0x0129, 0x0929,
  0x00C6, 0x00A6, 0x00A6, 0x00A6, 0x00A6, 0x00C6, 0x00C6, 0x0128, 0x0949, 0x0928, 0x220B, 0x0063,
  0x08E4, 0x0022, 0x420A, 0x0043, 0x0063, 0x0884, 0x08A4, 0x08E5, 0x1948, 0x31C9, 0x00A4, 0x0000,
  0x0000, 0x2125, 0x5ACA, 0x3145, 0x8BAF, 0xFFFE, 0x5BF5, 0x0279, 0xFFFF, 0xFFFF, 0x02F4, 0x01AD,
  0x0108, 0x0065, 0x0023, 0x0044, 0x00A6, 0x00A6, 0x00A6, 0x0085, 0x0021, 0x0000, 0x0001, 0x0022,
  0x0000, 0x0000, 0x0000, 0x0065, 0x08C7, 0x0001, 0x0001, 0x0023, 0x0084, 0x0022, 0x0001, 0x0001,
  0x0001, 0x0001, 0x0042, 0x00A5, 0x00A6, 0x00A6, 0x0085, 0x0021, 0x0001, 0x0000, 0x0001, 0x0001,
  0x0001, 0x0001, 0x0001, 0x0001, 0x0000, 0x0000, 0x0001, 0x0883, 0x0021, 0x0000, 0x0021, 0x0001,
  0x0001, 0x0001, 0x0001, 0x0000, 0x0022, 0x0022, 0x0001, 0x0022, 0x0001, 0x0001, 0x0001, 0x0001,
  0x0021, 0x0021, 0x0021, 0x0001, 0x0001, 0x0001, 0x0001, 0x0021, 0x0021, 0x0022, 0x0862, 0x0001,
  0x0002, 0x0002, 0x0000, 0x18E3, 0x1082, 0x0000, 0x0882, 0x0022, 0x0062, 0x0883, 0x0042, 0x0042,
  0x0022, 0x0882, 0x0062, 0x0021, 0x0062, 0x0041, 0x0062, 0x0063, 0x0906, 0x0908, 0x0065, 0xB5D7,
  0x1040, 0x0000, 0x630C, 0x0000, 0x0021, 0x52AA, 0xA513, 0x52AA, 0x2124, 0x18E3, 0x0000, 0x7BCF,
  0x2965, 0x2104, 0x528A, 0x738E, 0x5ACB, 0x2965, 0x4208, 0xA534, 0x0000, 0x0000, 0x6B4C, 0x9D13,
  0x18E3, 0x0000, 0x0861, 0x94D2, 0x4208, 0x1082, 0x73AF, 0x2124, 0x18E4, 0x0000, 0x0000, 0x8430,
  0x5ACB, 0x0861, 0x0020, 0x2945, 0x39E7, 0x73AE, 0x7BEF, 0xCE79, 0x8410, 0x0000, 0x0000, 0x0000,
  0x4248, 0x0000, 0x0840, 0x39E7, 0x0020, 0x2125, 0xFFFF, 0x8C51, 0x0841, 0x0000, 0x4A69, 0x8C50,
  0x2945, 0x0040, 0x31A6, 0x73CE, 0x3185, 0x20E3, 0xFFDF, 0xB5B6, 0xB5B6, 0x73AF, 0x2144, 0x0000,
  0x0000, 0x0000, 0x73CE, 0x2945, 0x10A2, 0xA514, 0xA514, 0x73AE, 0x18C3, 0x0000, 0xA513, 0xFFFE,
  0x6B6E, 0x2965, 0x3185, 0x0000, 0x222C, 0x226D, 0x19EB, 0x00A6, 0x224E, 0x3355, 0x147F, 0x039B,
  0x0BFC, 0x45DF, 0x5F1F, 0x573F, 0x3DDF, 0x1CDE, 0x1CFE, 0x35BF, 0x563F, 0x76DF, 0x6EDF, 0xBFDF,
  0xFFFF, 0xFFFF, 0xFFFF, 0x7F3F, 0x359E, 0x1C5E, 0x1C1D, 0x241D, 0x1BFB, 0x1B9A, 0x0AF8, 0x0B99,
  0x875F, 0x669F, 0x0359, 0x02B5, 0x1230, 0x00C8, 0x00A7, 0x00A7, 0x094A, 0x2A2D, 0x00A6, 0x11AB,
  0x00A5, 0x0022, 0x018D, 0x23F9, 0x0A10, 0x0086, 0x0064, 0x0084, 0x09AD, 0x09AD, 0x0929, 0x0929,
  0x0068, 0x9FFF, 0x659D, 0x0002, 0x0021, 0x0021, 0x0021, 0x0021, 0x0021, 0x0021, 0x0001, 0x0001,
  0x0041, 0x0000, 0x0000, 0x0000, 0x10A4, 0x0822, 0x0001, 0x0000, 0x0000, 0x0000, 0x0000, 0x0000,
  0x0000, 0x0000, 0x0000, 0x0000, 0x0000, 0x0000, 0x0000, 0x0000, 0x0001, 0x0023, 0x08C6, 0x0002,
  0x0063, 0x0063, 0x0043, 0x1128, 0x0064, 0x0064, 0x00E8, 0x00A6, 0x00A6, 0x00A6, 0x00A6, 0x00A6,
  0x00A6, 0x00A6, 0x00A6, 0x00A6, 0x08E7, 0x00E8, 0x220A, 0x08C5, 0x0022, 0x0084, 0x2147, 0x0084,
  0x0043, 0x0043, 0x0063, 0x08A4, 0x00A5, 0x08E4, 0x31C8, 0x5228, 0x2966, 0x0001, 0x2987, 0x7BCF,
  0x9D37, 0xFFFF, 0x7D17, 0x0194, 0x24FF, 0x351D, 0x014C, 0x0909, 0x116A, 0x08E6, 0x0084, 0x00A5,
  0x00A6, 0x00A6, 0x00A6, 0x00A6, 0x0084, 0x0022, 0x0022, 0x0022, 0x0000, 0x0021, 0x0043, 0x1108,
  0x0042, 0x0000, 0x0000, 0x0000, 0x0883, 0x0021, 0x0000, 0x0001, 0x0001, 0x0001, 0x00A5, 0x00A6,
  0x00A6, 0x00A6, 0x00A6, 0x0064, 0x0001, 0x0000, 0x0001, 0x0001, 0x0001, 0x0001, 0x0001, 0x0001,
  0x0000, 0x0001, 0x0863, 0x0001, 0x0000, 0x0021, 0x0021, 0x0001, 0x0002, 0x0001, 0x0001, 0x0000,
  0x0001, 0x0042, 0x0001, 0x0001, 0x0001, 0x0001, 0x0001, 0x0001, 0x0001, 0x0001, 0x0001, 0x0001,
  0x0001, 0x0001, 0x0001, 0x0001, 0x0021, 0x0022, 0x0022, 0x0022, 0x0002, 0x0000, 0x2103, 0x18E4,
  0x0883, 0x0883, 0x10C4, 0x0062, 0x0062, 0x0062, 0x0042, 0x0022, 0x0862, 0x18A2, 0x0862, 0x0063,
  0x0062, 0x0001, 0x0043, 0x08E6, 0x08E7, 0x0002, 0x0064, 0xAD35, 0x0000, 0x0000, 0x73AE, 0x0000,
  0x2125, 0xFFFF, 0xFFFF, 0xFFDF, 0x2124, 0x0000, 0x0000, 0x3186, 0x10A2, 0x0000, 0x0000, 0x18C3,
  0x4228, 0x6B6D, 0x9CF3, 0xB596, 0x39C7, 0x0000, 0x0000, 0x0000, 0x0000, 0x0000, 0x73AE, 0x8431,
  0x10A3, 0x7BCF, 0xA514, 0x2124, 0x0841, 0x0000, 0x31A6, 0x5AEB, 0x2103, 0x0861, 0x5AEB, 0x39E7,
  0x0000, 0x39E8, 0xBDF7, 0x8C51, 0x9CB3, 0x738E, 0x2965, 0x0000, 0x0000, 0x0000, 0x4A69, 0x1081,
  0x0020, 0x8C71, 0xFFFF, 0x5AEB, 0x0000, 0x0000, 0xA513, 0x6B6C, 0x10C2, 0x0000, 0x6B6D, 0xBDF7,
  0x39C6, 0x0840, 0xCE79, 0x2965, 0x0000, 0x18E3, 0x6B4D, 0x9CF3, 0x738D, 0x52CA, 0xCE59, 0x1062,
  0x0000, 0x0000, 0x39E7, 0x4208, 0x0000, 0x2924, 0xE73B, 0xE71B, 0x3A08, 0x3A08, 0x1881, 0x0023,
  0x32AF, 0x19EC, 0x0928, 0x11AB, 0x2290, 0x34FE, 0x25BF, 0x35FF, 0x6F9F, 0x6F5F, 0x3E3F, 0x14FE,
  0x1D1E, 0x2DBF, 0x465F, 0x76DF, 0xA77F, 0xBFBF, 0xF7FF, 0xFFFF, 0xFFFF, 0xF7FF, 0x6F1F, 0x35DE,
  0x351F, 0x2CBE, 0x2C7D, 0x139A, 0x0318, 0x0B5A, 0x2C7E, 0x459F, 0x8F5F, 0x245B, 0x0232, 0x01CE,
  0x014B, 0x0004, 0x0086, 0x0086, 0x00E8, 0x1149, 0x00A6, 0x1129, 0x0085, 0x014B, 0x23D7, 0x12B0,
  0x012A, 0x098A, 0x0042, 0x0063, 0x096B, 0x00A7, 0x0044, 0x0023, 0x0065, 0x016C, 0x00C7, 0x0003,
  0x0001, 0x0021, 0x0021, 0x0021, 0x0021, 0x0001, 0x0001, 0x0000, 0x0001, 0x0000, 0x0000, 0x0000,
  0x0000, 0x0000, 0x0041, 0x0000, 0x0000, 0x0000, 0x0000, 0x0000, 0x0000, 0x0000, 0x0000, 0x0000,
  0x0000, 0x0000, 0x0000, 0x0000, 0x0001, 0x0043, 0x0064, 0x0023, 0x0064, 0x0063, 0x0022, 0x0907,
  0x00A4, 0x0002, 0x08E6, 0x00A6, 0x1127, 0xE79F, 0xE79F, 0xE79F, 0xDF7F, 0xD6FD, 0x9516, 0x1127,
  0x00A6, 0x00C6, 0x1989, 0x1926, 0x0043, 0x08E6, 0x08E6, 0x2167, 0x0001, 0x0022, 0x08A4, 0x0042,
  0x0063, 0x0084, 0x0001, 0x3A09, 0x632F, 0x08A7, 0x3A6E, 0x9598, 0x5414, 0xADF9, 0x42EF, 0x00CD,
  0x016F, 0x0232, 0x0A0F, 0x0003, 0x0002, 0x0042, 0x0884, 0x00A6, 0x00A6, 0xE79F, 0xC6BC, 0x00A6,
  0x0085, 0x0001, 0x0001, 0x0042, 0x0042, 0x10E6, 0x0084, 0x0042, 0x0000, 0x0000, 0x0000, 0x0000,
  0x0041, 0x0021, 0x0001, 0x0001, 0x0001, 0x0021, 0x00A6, 0x1127, 0xE79F, 0xA598, 0x00A6, 0x0084,
  0x0000, 0x0000, 0x0000, 0x0001, 0x0001, 0x0001, 0x0001, 0x0001, 0x0001, 0x0064, 0x0001, 0x0000,
  0x0000, 0x0021, 0x0021, 0x0001, 0x0002, 0x0001, 0x0001, 0x0000, 0x0000, 0x0022, 0x0001, 0x0001,
  0x0001, 0x0001, 0x0001, 0x0001, 0x0001, 0x0001, 0x0001, 0x0001, 0x0001, 0x0001, 0x0001, 0x0001,
  0x0001, 0x0022, 0x0022, 0x0022, 0x0002, 0x0000, 0x5289, 0x2905, 0x0063, 0x08C3, 0x0001, 0x2146,
  0x1925, 0x0001, 0x0021, 0x0001, 0x0000, 0x3985, 0x0841, 0x0042, 0x0042, 0x0083, 0x00A5, 0x0084,
  0x08A4, 0x0021, 0x0884, 0x9CD3, 0x0000, 0x0841, 0x840F, 0x0000, 0x18C2, 0x8C51, 0xFFDF, 0x94B2,
  0x10A2, 0x0000, 0x18E3, 0x39C7, 0x0000, 0x39C7, 0x2104, 0x1082, 0x18C3, 0x0000, 0x526A, 0xAD75,
  0x94B2, 0x4A69, 0x18C3, 0x0000, 0x0840, 0x39E7, 0x8430, 0x2965, 0x18C3, 0xAD76, 0x18C3, 0x18E3,
  0x0000, 0x0000, 0x738E, 0x4228, 0x18C3, 0x2104, 0x94B2, 0x2945, 0x0000, 0x18E3, 0x7BEF, 0x2965,
  0x0000, 0x2944, 0x5289, 0x73AE, 0x6B6D, 0x6B6D, 0x9CD3, 0x0000, 0x0000, 0x10A2, 0x6B4D, 0x18E3,
  0x0000, 0x4228, 0xB596, 0x39C7, 0x10A2, 0x9CD2, 0x4208, 0x4228, 0x0000, 0x4228, 0x52AA, 0x0861,
  0x0020, 0x0000, 0x0000, 0x0020, 0xB5B6, 0xE73C, 0xFFFF, 0xAD35, 0x0000, 0x0000, 0x0000, 0x0000,
  0x0000, 0x9492, 0xFFFF, 0x9CF3, 0x39C7, 0x4A28, 0x0000, 0x220C, 0x2A6E, 0x0907, 0x0128, 0x2270,
  0x3374, 0x6F7F, 0x573F, 0x4E9F, 0x4E5F, 0x255F, 0x251E, 0x359F, 0x2DFF, 0x771F, 0xAFDF, 0xDFFF,
  0xFFFF, 0xFFFF, 0xFFFF, 0xF7FF, 0xE7FF, 0x97DF, 0x3E1F, 0x249E, 0x2C7E, 0x34BF, 0x1B5A, 0x0317,
  0x247C, 0x2C7D, 0x353E, 0x0B79, 0x0214, 0x0211, 0x00EB, 0x1AB2, 0x1A0E, 0x220B, 0x0085, 0x0085,
  0x0064, 0x0023, 0x00A6, 0x014B, 0x0A52, 0x0A71, 0x00C7, 0x0043, 0x00A6, 0x0022, 0x0021, 0x0064,
  0x0909, 0x0043, 0x0023, 0x0001, 0x00A5, 0x0044, 0x0021, 0x0001, 0x0001, 0x0021, 0x0001, 0x0021,
  0x0001, 0x0001, 0x0001, 0x0001, 0x0001, 0x0000, 0x0000, 0x0000, 0x0000, 0x0000, 0x0000, 0x0000,
  0x0000, 0x0000, 0x0000, 0x0000, 0x0000, 0x0000, 0x0000, 0x0000, 0x0000, 0x0000, 0x0000, 0x0000,
  0x0001, 0x08A5, 0x0043, 0x0042, 0x0063, 0x08A5, 0x0022, 0x00C6, 0x00A5, 0x0021, 0x0083, 0x00A6,
  0x1127, 0xE79F, 0xBE5B, 0x00A6, 0x08E6, 0x428D, 0xD73E, 0xB61A, 0x00C6, 0x00A6, 0x00C6, 0x08C6,
  0x00A5, 0x00A5, 0x08C6, 0x31E9, 0x00A5, 0x00A6, 0x00A6, 0x00A6, 0x00A6, 0x0085, 0x00C6, 0x08E7,
  0x00C6, 0x1968, 0x21EB, 0x0044, 0x00A5, 0x00A6, 0x00A6, 0x00A6, 0x00A6, 0x00C6, 0x00C7, 0x0929,
  0x0022, 0x0022, 0x0000, 0x00A6, 0x00A6, 0xE79F, 0xC6BC, 0x00A6, 0x00A6, 0x0044, 0x0043, 0x00A4,
  0x0000, 0x0043, 0x0085, 0x00A5, 0x00A5, 0x0084, 0x0043, 0x0085, 0x00A6, 0x00A6, 0x00A5, 0x00A5,
  0x00A5, 0x00A6, 0x00A6, 0x1127, 0xE79F, 0xA598, 0x00A6, 0x0084, 0x0063, 0x00A5, 0x00A5, 0x00A5,
  0x0084, 0x0085, 0x00A6, 0x00A6, 0x00A5, 0x0043, 0x0084, 0x00A6, 0x00A6, 0x00A5, 0x0043, 0x0001,
  0x0001, 0x0001, 0x0000, 0x0001, 0x0000, 0x0001, 0x0023, 0x0001, 0x0001, 0x0001, 0x0001, 0x0001,
  0x0001, 0x0001, 0x0001, 0x0001, 0x0001, 0x0001, 0x0001, 0x0001, 0x0001, 0x0021, 0x0022, 0x0022,
  0x0022, 0x0000, 0x2946, 0x4A0A, 0x0863, 0x08A3, 0x0022, 0x0883, 0x0041, 0x0042, 0x0001, 0x0000,
  0x0000, 0x2925, 0x41E8, 0x0043, 0x00A5, 0x0063, 0x0042, 0x0042, 0x0083, 0x0022, 0x08A4, 0xA4F3,
  0x0000, 0x0020, 0x8410, 0x0000, 0x0000, 0x0020, 0x2104, 0x18C3, 0x0000, 0x0000, 0x4A69, 0x2124,
  0x94B2, 0xC618, 0x9492, 0x0000, 0x39E7, 0x0000, 0x0021, 0xC618, 0x4228, 0x18E3, 0x4A49, 0x6B6D,
  0x94B2, 0xBDD7, 0xB596, 0x0000, 0x0000, 0x0000, 0x18E4, 0x0861, 0x0000, 0x52AA, 0x8430, 0x2103,
  0x5ACB, 0x94B2, 0x39C7, 0x10A2, 0x0000, 0x39C7, 0x4228, 0x0841, 0x0020, 0x0840, 0x18E2, 0x18E3,
  0x9CF3, 0xCE79, 0xBDD7, 0x634D, 0x0000, 0x0000, 0x0000, 0x0000, 0x0000, 0x94B2, 0x7BCF, 0x18E3,
  0x7BF0, 0x9CF3, 0x2965, 0x0861, 0x0000, 0x630C, 0x18E3, 0x1082, 0x0020, 0x9CF3, 0xD69A, 0x0000,
  0x630C, 0xFFFF, 0x630B, 0x632C, 0x8C71, 0x94B2, 0x4208, 0x0000, 0x4A49, 0xD6BA, 0xFFDE, 0x5ACA,
  0x5269, 0x2945, 0x0022, 0x3B10, 0x19A9, 0x0002, 0x11AC, 0x1A51, 0x559C, 0x7FFF, 0x56DF, 0x461F,
  0x2D5F, 0x2D9F, 0x35BF, 0x35FF, 0x5EFF, 0xC7FF, 0xFFFF, 0xFFFF, 0xFFFF, 0xFFFF, 0xB7BF, 0x8F7F,
  0x879F, 0x4E5F, 0x1CDE, 0x2C9E, 0x345D, 0x0AD8, 0x0339, 0x45DF, 0x667F, 0x1C3A, 0x02D5, 0x0211,
  0x0A11, 0x018D, 0x1250, 0x1AB2, 0x00E8, 0x0929, 0x0064, 0x0084, 0x0084, 0x0023, 0x012A, 0x1BD9,
  0x1251, 0x0066, 0x00A5, 0x0107, 0x0086, 0x0022, 0x0021, 0x0085, 0x00C6, 0x0001, 0x0001, 0x0063,
  0x0063, 0x0043, 0x0022, 0x0001, 0x0021, 0x0021, 0x0001, 0x0001, 0x0001, 0x0001, 0x0001, 0x0000,
  0x0000, 0x0000, 0x0000, 0x0000, 0x0000, 0x0000, 0x0000, 0x0000, 0x0000, 0x0000, 0x0000, 0x0000,
  0x0000, 0x0000, 0x0000, 0x0000, 0x0000, 0x0000, 0x0000, 0x0000, 0x0022, 0x08A5, 0x0001, 0x0041,
  0x0022, 0x00A5, 0x0042, 0x0085, 0x00C6, 0x0021, 0x0043, 0x00A6, 0x1127, 0xE79F, 0xBE5B, 0x00A6,
  0x00A6, 0x00A6, 0x7433, 0xE79F, 0x4ACE, 0x00A6, 0x00A6, 0x00A6, 0x00A6, 0x00A6, 0x00A6, 0x00A6,
  0x00A6, 0x00A6, 0x00A6, 0x00A6, 0x00A6, 0x00A6, 0x00A6, 0x00A6, 0x00A6, 0x00A6, 0x00A6, 0x00A6,
  0x00A6, 0x00A6, 0x00A6, 0x00A6, 0x00A6, 0x00A6, 0x00A6, 0x00A6, 0x0085, 0x0002, 0x0042, 0x00A6,
  0x00A6, 0xE79F, 0xC6BC, 0x00A6, 0x00A5, 0x0084, 0x1169, 0x19AA, 0x00A5, 0x00A6, 0x00A6, 0x00A6,
  0x00A6, 0x00A6, 0x00A6, 0x00A6, 0x00A6, 0x00A6, 0x00A6, 0x00A6, 0x00A6, 0x00A6, 0x00A6, 0x1127,
  0xE79F, 0xA598, 0x00A6, 0x00A5, 0x00A6, 0x00A6, 0x00A6, 0x00A6, 0x00A6, 0x00A6, 0x00A6, 0x00A6,
  0x00A6, 0x00A6, 0x00A6, 0x00A6, 0x00A6, 0x00A6, 0x00A5, 0x0001, 0x0001, 0x0001, 0x0000, 0x0000,
  0x0001, 0x0000, 0x0043, 0x0001, 0x0000, 0x0001, 0x0001, 0x0001, 0x0001, 0x0001, 0x0001, 0x0001,
  0x0001, 0x0001, 0x0001, 0x0001, 0x0001, 0x0021, 0x0022, 0x0022, 0x0042, 0x0022, 0x0022, 0x39A8,
  0x0022, 0x0042, 0x0863, 0x0062, 0x0001, 0x0841, 0x0001, 0x0000, 0x0000, 0x2945, 0x83F1, 0x0023,
  0x0002, 0x0001, 0x08A3, 0x0062, 0x0062, 0x0043, 0x0023, 0x8C71, 0x18A2, 0x0000, 0x7BEF, 0x0020,
  0x0841, 0x0000, 0x0000, 0x0020, 0x0000, 0x2104, 0x39E7, 0x10A2, 0xFFFF, 0xEF7D, 0x0861, 0x1904,
  0x2124, 0x0000, 0x18E3, 0x5AEB, 0x8410, 0x738D, 0x0000, 0x0020, 0x2965, 0x630B, 0xBDB6, 0x6B6D,
  0x0841, 0x0000, 0x0000, 0x0000, 0x0000, 0x6B4C, 0x4207, 0x10A2, 0x8C51, 0x8C51, 0x0841, 0x0000,
  0x10A2, 0x4A69, 0x2104, 0x0000, 0x0861, 0x2965, 0x4228, 0x0000, 0x6B4D, 0xCE79, 0x528A, 0x31A6,
  0x6B6D, 0x6B4D, 0x39C7, 0x0841, 0x4A69, 0x94B2, 0x0000, 0x0861, 0x8410, 0x632C, 0x4228, 0x0000,
  0x3186, 0x528A, 0x0841, 0x4A69, 0x18C3, 0x52AA, 0x39E7, 0x0000, 0x6B4D, 0x6B6D, 0x0861, 0x0020,
  0x0861, 0x39E7, 0x7BEF, 0xAD55, 0xB5B7, 0xFFFF, 0xB596, 0x31A6, 0x4A68, 0x0000, 0x0969, 0x2AAF,
  0x0085, 0x0108, 0x1A30, 0x22F4, 0x8FFF, 0x679F, 0x3E5F, 0x35FF, 0x2DDF, 0x35FF, 0x363F, 0x46BF,
  0xBFFF, 0xFFFF, 0xFFFF, 0xFFFF, 0xEFFF, 0x979F, 0x5EFF, 0x465F, 0x359E, 0x34FE, 0x4D3E, 0x1B19,
  0x0AF8, 0x2CBC, 0x4E3F, 0x455E, 0x1BDA, 0x0294, 0x018E, 0x1A31, 0x09F0, 0x014B, 0x01EF, 0x012A,
  0x0085, 0x0065, 0x0023, 0x0063, 0x0023, 0x010A, 0x1B77, 0x12F3, 0x00E8, 0x0003, 0x098B, 0x3332,
  0x0045, 0x0022, 0x0021, 0x00C5, 0x0063, 0x0000, 0x0001, 0x0083, 0x0001, 0x0042, 0x0042, 0x0021,
  0x0021, 0x0021, 0x0001, 0x0001, 0x0001, 0x0000, 0x0000, 0x0041, 0x08A4, 0x0000, 0x0000, 0x0000,
  0x0000, 0x0000, 0x0000, 0x0000, 0x0000, 0x0000, 0x0000, 0x0000, 0x0000, 0x0000, 0x0000, 0x0000,
  0x0000, 0x0000, 0x0000, 0x0000, 0x0107, 0x0085, 0x0001, 0x0042, 0x0002, 0x08C5, 0x00A4, 0x0064,
  0x00E6, 0x0022, 0x0085, 0x00A6, 0x1127, 0xE79F, 0xBE5B, 0x00A6, 0x00A6, 0x00A6, 0x42AD, 0xE79F,
  0x84B5, 0x00A6, 0x532F, 0xC69C, 0xDF5F, 0xCEFD, 0x8494, 0x00C6, 0x21A9, 0xE79F, 0x9D78, 0xC6BC,
  0xCEDD, 0x0907, 0x322B, 0xB61A, 0xD73E, 0xB63B, 0x42AD, 0x00A6, 0x1128, 0xE79F, 0x9536, 0x9536,
  0xD71E, 0xC69C, 0x42AD, 0x00A6, 0x00A6, 0x0043, 0x0002, 0x00A6, 0x00A6, 0xE79F, 0xC6BC, 0x00A6,
  0x0085, 0x0000, 0x0884, 0x0084, 0x00A6, 0x1969, 0x9D57, 0xD71E, 0xCEFD, 0x9516, 0x1948, 0x00A6,
  0x7412, 0xE79F, 0x9537, 0x00A6, 0x7453, 0xE79F, 0x7C74, 0x1127, 0xE79F, 0xA598, 0x00A6, 0x00A6,
  0x322B, 0xB61A, 0xD73E, 0xB63B, 0x42AD, 0x00A6, 0xA5B8, 0xE79F, 0x21A9, 0x00A6, 0x08E6, 0xD73E,
  0xBE7B, 0x00A6, 0x00A5, 0x0000, 0x0001, 0x0001, 0x0000, 0x0001, 0x0001, 0x0000, 0x0022, 0x0042,
  0x0000, 0x0001, 0x0001, 0x0001, 0x0001, 0x0001, 0x0001, 0x0001, 0x0001, 0x0000, 0x0000, 0x0001,
  0x0001, 0x0021, 0x0022, 0x0022, 0x0022, 0x0022, 0x0001, 0x0021, 0x2165, 0x0021, 0x0883, 0x1905,
  0x0042, 0x0000, 0x0000, 0x00C5, 0x1967, 0x1946, 0x4229, 0x0883, 0x0021, 0x0022, 0x0063, 0x0043,
  0x0042, 0x0083, 0x0002, 0x5B0D, 0x4A27, 0x0000, 0x8431, 0x0861, 0x0021, 0x0861, 0x0841, 0x0860,
  0x0000, 0x2124, 0x0000, 0x0000, 0x0861, 0x2104, 0x0861, 0x2124, 0x0000, 0x0000, 0x630C, 0x2985,
  0x5ACA, 0x18E3, 0x39E7, 0x2945, 0x0000, 0x0000, 0x0020, 0xA533, 0x842F, 0x634C, 0x5ACB, 0x39E7,
  0x6B6D, 0x6B6C, 0x0000, 0x0000, 0x632D, 0x18C3, 0x0000, 0x0000, 0x4228, 0x39E7, 0x0000, 0xAD75,
  0x8C51, 0x18E3, 0x31A6, 0x0000, 0x52CA, 0x6B4D, 0x2965, 0x0000, 0x0000, 0x18C2, 0x52AA, 0x9CF3,
  0x9CF4, 0xD69A, 0x0861, 0x0000, 0x0000, 0x1082, 0x18C2, 0x0000, 0x8430, 0x18C3, 0x18E3, 0xBDF7,
  0x2104, 0x2945, 0x0000, 0x0000, 0x8430, 0x31A6, 0x2945, 0x3186, 0x39C7, 0x4A49, 0x0000, 0x94B2,
  0xF7BE, 0xFFFF, 0x6B6D, 0x31C6, 0x39C5, 0x0000, 0x224D, 0x11CB, 0x0045, 0x09EE, 0x0A32, 0x557C,
  0x8FFF, 0x467F, 0x3E3F, 0x3E3F, 0x363F, 0x3E9F, 0x7F5F, 0xDFFF, 0xFFFF, 0xF7FF, 0xFFFF, 0xD7FF,
  0x8FBF, 0x5EDF, 0x2D9E, 0x1CFE, 0x34DE, 0x2C3D, 0x0B18, 0x139B, 0x4E9F, 0x4E9F, 0x2D3F, 0x02D6,
  0x01F2, 0x018F, 0x096D, 0x1210, 0x016D, 0x014C, 0x01CE, 0x00C6, 0x0084, 0x00C6, 0x08C6, 0x0065,
  0x016C, 0x1271, 0x0149, 0x00A6, 0x016B, 0x00A6, 0x00E8, 0x0045, 0x00A6, 0x0041, 0x0021, 0x08C6,
  0x0043, 0x0001, 0x0062, 0x0022, 0x0021, 0x0022, 0x0042, 0x0021, 0x0021, 0x0021, 0x0001, 0x0001,
  0x0001, 0x0000, 0x0000, 0x0000, 0x0042, 0x0000, 0x0000, 0x0021, 0x0041, 0x0000, 0x0000, 0x0000,
  0x0000, 0x0000, 0x0000, 0x0000, 0x0000, 0x0000, 0x0000, 0x0000, 0x0000, 0x0000, 0x0000, 0x0000,
  0x0085, 0x0064, 0x0063, 0x0001, 0x0022, 0x0063, 0x00A4, 0x0043, 0x0107, 0x0022, 0x00C6, 0x00A6,
  0x1127, 0xE79F, 0xBE5B, 0x00A6, 0x00A6, 0x00A6, 0x322B, 0xE79F, 0x9D78, 0x21AA, 0xE77F, 0x7C74,
  0x08E7, 0x7413, 0xE79F, 0x42AD, 0x21A9, 0xE79F, 0xD73E, 0x21A9, 0x1969, 0x1948, 0xD73E, 0xA5B8,
  0x1127, 0x8494, 0xDF7F, 0x320B, 0x1128, 0xE79F, 0xDF7F, 0x3A6C, 0x21A9, 0xD71E, 0xCEDD, 0x00A6,
  0x00A5, 0x00A5, 0x0022, 0x00A6, 0x00A6, 0xE79F, 0xC6BC, 0x00A6, 0x0085, 0x0062, 0x0043, 0x00A6,
  0x08E6, 0xC69C, 0xCEDD, 0x29CA, 0x29EA, 0xCEDD, 0xBE5B, 0x08C6, 0x00C6, 0xB61A, 0xE79F, 0x6BF2,
  0xDF7F, 0xBE7B, 0x08E6, 0x1127, 0xE79F, 0xA598, 0x00A6, 0x1948, 0xD73E, 0xA5B8, 0x1127, 0x8494,
  0xDF7F, 0x320B, 0x532F, 0xE79F, 0x6BF2, 0x00A6, 0x4ACE, 0xE79F, 0x7412, 0x00A6, 0x0064, 0x0000,
  0x0001, 0x0000, 0x0000, 0x0001, 0x0000, 0x0000, 0x0000, 0x0883, 0x0000, 0x0000, 0x0000, 0x0000,
  0x0000, 0x0000, 0x0000, 0x0000, 0x0000, 0x0022, 0x0022, 0x0001, 0x0001, 0x0021, 0x0021, 0x0022,
  0x0002, 0x0022, 0x0022, 0x0000, 0x0021, 0x10C4, 0x18A3, 0x00A5, 0x01EE, 0x00E8, 0x0043, 0x1169,
  0x00E6, 0x0084, 0x21A8, 0x2987, 0x0021, 0x0884, 0x0083, 0x0063, 0x0084, 0x0062, 0x0002, 0x31A8,
  0x6B0B, 0x0000, 0x528A, 0x2944, 0x0000, 0x0861, 0x1082, 0x1081, 0x0000, 0x1082, 0x6B6D, 0x18C3,
  0x0000, 0x0000, 0x0000, 0x0840, 0x0000, 0x18E3, 0x630B, 0x18C3, 0x0000, 0xC638, 0xF7BE, 0x2945,
  0x10A2, 0x0840, 0x0000, 0xA513, 0xBDD6, 0x4A49, 0x39E7, 0x738E, 0x9CF3, 0xB595, 0x1903, 0x0000,
  0x0000, 0x0000, 0x0000, 0x0882, 0x6B6D, 0x10A2, 0x4A69, 0xFFFF, 0x94B2, 0x20E3, 0x0841, 0x0000,
  0x5AEB, 0x39C7, 0x18E3, 0x0840, 0x528A, 0x39E7, 0x0000, 0x94B2, 0xBDD7, 0x9D13, 0x7BCE, 0x3185,
  0x2144, 0x0000, 0x0000, 0x528A, 0x7BCF, 0x0000, 0x9492, 0x8430, 0x0000, 0x4228, 0x0000, 0x528A,
  0x630C, 0x18E3, 0x2945, 0x39C6, 0x4248, 0x8410, 0x0000, 0x630C, 0xFFFF, 0xBDD7, 0x39E7, 0x52A9,
  0x18C1, 0x0065, 0x2AAF, 0x00A5, 0x00C6, 0x12B3, 0x1B77, 0x8FFF, 0x677F, 0x56FF, 0x571F, 0x571F,
  0x773F, 0xD7FF, 0xFFFF, 0xDFFF, 0x771F, 0x5EFE, 0x9F9F, 0x7F5F, 0x4EBF, 0x3DBE, 0x4D5E, 0x3C9E,
  0x239B, 0x1399, 0x355D, 0x467F, 0x3E3F, 0x143B, 0x02B5, 0x0210, 0x016C, 0x096C, 0x01AD, 0x01AD,
  0x016C, 0x0210, 0x016B, 0x0043, 0x00A5, 0x00A6, 0x0129, 0x01EF, 0x09EE, 0x0045, 0x0001, 0x0040,
  0x0107, 0x0189, 0x0065, 0x0065, 0x0085, 0x0021, 0x0064, 0x00A5, 0x0000, 0x0042, 0x0042, 0x0021,
  0x0022, 0x0022, 0x0043, 0x0021, 0x0021, 0x0001, 0x0000, 0x0000, 0x0000, 0x0000, 0x0000, 0x0000,
  0x0000, 0x0000, 0x0000, 0x0000, 0x0000, 0x0042, 0x0001, 0x0000, 0x0000, 0x0000, 0x0000, 0x0000,
  0x0000, 0x0841, 0x0000, 0x0000, 0x0000, 0x0000, 0x0000, 0x0000, 0x0064, 0x0001, 0x0063, 0x0884,
  0x0001, 0x0022, 0x08C5, 0x0043, 0x00E6, 0x0043, 0x00C6, 0x00A6, 0x1127, 0xE79F, 0xBE5B, 0x00A6,
  0x00A6, 0x00A6, 0x322B, 0xE79F, 0xA598, 0x00A6, 0x1148, 0x5B70, 0x9537, 0xD71E, 0xE79F, 0x5B50,
  0x21A9, 0xE79F, 0xA5B8, 0x00A6, 0x00A6, 0x63B1, 0xE79F, 0x4AEE, 0x0085, 0x2189, 0xE79F, 0x8494,
  0x1128, 0xE79F, 0xADF9, 0x00A6, 0x00A6, 0xADD9, 0xE79F, 0x0907, 0x00A6, 0x0064, 0x0043, 0x00A6,
  0x00A6, 0xE79F, 0xC6BC, 0x00A6, 0x00A5, 0x08A4, 0x0043, 0x00A6, 0x4AEE, 0xE79F, 0x6BF2, 0x00A6,
  0x00A6, 0x7433, 0xE79F, 0x4ACD, 0x00A6, 0x21A9, 0xDF5F, 0xE79F, 0xDF7F, 0x2A0B, 0x00A6, 0x1127,
  0xE79F, 0xA598, 0x00A6, 0x63B1, 0xE79F, 0x4AEE, 0x0085, 0x2189, 0xE79F, 0x8494, 0x08E7, 0xD73E,
  0xB63A, 0x00A6, 0x8CF6, 0xE79F, 0x21A9, 0x00A6, 0x0021, 0x0000, 0x0002, 0x0022, 0x0001, 0x0001,
  0x0021, 0x0021, 0x0022, 0x08E6, 0x08E6, 0x0043, 0x08A5, 0x0885, 0x0084, 0x0063, 0x0063, 0x0064,
  0x0064, 0x0885, 0x0884, 0x0884, 0x08A5, 0x08A5, 0x08A5, 0x08A6, 0x10C6, 0x10C7, 0x08E7, 0x0908,
  0x0085, 0x31EA, 0x9C72, 0x0003, 0xCFFF, 0xE7FF, 0x0005, 0x0062, 0x00C4, 0x0043, 0x0884, 0x2187,
  0x0021, 0x0084, 0x00A4, 0x08C5, 0x08E6, 0x08A5, 0x08C6, 0x0948, 0x524A, 0x2923, 0x0861, 0x3166,
  0x0000, 0x0861, 0x1081, 0x0861, 0x0000, 0x0000, 0x4208, 0x7BEF, 0x6B6D, 0x39C7, 0x0000, 0x0000,
  0x0000, 0x5289, 0x3185, 0x0000, 0x73AE, 0xFFFF, 0xA534, 0x0000, 0x2945, 0x0000, 0x0000, 0xAD75,
  0x5289, 0x10A2, 0x0841, 0x0861, 0x2944, 0x5ACB, 0x7BEF, 0x6B6D, 0x4228, 0x0000, 0x0000, 0x6B4C,
  0x2124, 0x0000, 0x52A9, 0xDEDA, 0x2945, 0x2124, 0x0000, 0x39E7, 0x39C7, 0x10A2, 0x10A2, 0x0000,
  0x9492, 0x3A07, 0x0000, 0x632C, 0x73AE, 0x39C7, 0x18C3, 0x39C7, 0x6B6D, 0x8430, 0x6B4C, 0xC638,
  0x738E, 0x0000, 0x0000, 0x31A6, 0x3186, 0x10A2, 0x0000, 0x9492, 0x0861, 0x39C7, 0x2945, 0x18C3,
  0x630B, 0x52AA, 0x0000, 0x8430, 0xFFFF, 0x4208, 0x0000, 0x10A1, 0x0001, 0x1A0C, 0x19EC, 0x0003,
  0x098B, 0x0A95, 0x559D, 0xAFFF, 0x6F7F, 0x679F, 0x97DF, 0xE7FF, 0xFFFF, 0xDFFF, 0x8F9F, 0x4E9F,
  0x3E5F, 0x3E3F, 0x5E7F, 0x45FF, 0x2D7F, 0x3CFD, 0x3C7B, 0x239A, 0x44BD, 0x5E9F, 0x361E, 0x1C9B,
  0x0316, 0x0253, 0x012B, 0x098C, 0x096C, 0x014A, 0x0A2F, 0x01AE, 0x020F, 0x0292, 0x0086, 0x0002,
  0x0085, 0x018B, 0x0251, 0x016D, 0x0065, 0x0083, 0x0063, 0x0000, 0x0042, 0x00E7, 0x0044, 0x0023,
  0x00C6, 0x0043, 0x00A6, 0x0064, 0x0000, 0x0844, 0x0022, 0x0021, 0x0021, 0x0000, 0x08A4, 0x0021,
  0x0000, 0x0000, 0x0000, 0x0000, 0x0000, 0x0000, 0x0000, 0x0000, 0x0000, 0x0000, 0x0000, 0x0000,
  0x0020, 0x0001, 0x0000, 0x0000, 0x0001, 0x0000, 0x0000, 0x0000, 0x0000, 0x0000, 0x0000, 0x0000,
  0x0000, 0x0000, 0x0000, 0x0000, 0x0043, 0x0001, 0x0001, 0x0044, 0x0043, 0x0022, 0x0063, 0x0064,
  0x08C6, 0x0063, 0x00C6, 0x00A6, 0x1127, 0xE79F, 0xBE5B, 0x00A6, 0x00A6, 0x00A6, 0x42AD, 0xE79F,
  0x8CD5, 0x2189, 0xCEDD, 0xC6BC, 0x6390, 0x63B1, 0xE79F, 0x5B70, 0x21A9, 0xE79F, 0x9537, 0x00A6,
  0x00A6, 0x8494, 0xE79F, 0xE79F, 0xE79F, 0xE79F, 0xE79F, 0x9D77, 0x1128, 0xE79F, 0xA598, 0x00A6,
  0x00A6, 0xA598, 0xE79F, 0x1127, 0x00A6, 0x0002, 0x0085, 0x00A6, 0x00A6, 0xE79F, 0xC6BC, 0x00A6,
  0x00A5, 0x0022, 0x0063, 0x00A6, 0x6BD1, 0xE79F, 0x532F, 0x00A6, 0x00A6, 0x5B50, 0xE79F, 0x63B1,
  0x00A6, 0x00A6, 0x9D57, 0xE79F, 0xB63A, 0x00A6, 0x00A6, 0x1127, 0xE79F, 0xA598, 0x00A6, 0x8494,
  0xE79F, 0xE79F, 0xE79F, 0xE79F, 0xE79F, 0x9D77, 0x00A6, 0x8CF6, 0xE79F, 0x21A9, 0xD71E, 0xB61A,
  0x00A6, 0x00A5, 0x0042, 0x0022, 0x1107, 0x1106, 0x0063, 0x0022, 0x0022, 0x0063, 0x0022, 0x0063,
  0x1127, 0x0022, 0x0022, 0x0042, 0x0022, 0x0022, 0x0021, 0x0021, 0x0001, 0x0022, 0x0002, 0x0021,
  0x0002, 0x0022, 0x0022, 0x0022, 0x0002, 0x0002, 0x0043, 0x0044, 0x0044, 0x0003, 0x52CD, 0x4B93,
  0x3C37, 0xCFFF, 0x00C8, 0x0062, 0x0061, 0x0021, 0x0001, 0x10C3, 0x10C3, 0x0001, 0x0042, 0x0063,
  0x0042, 0x0084, 0x00A4, 0x00C5, 0x2146, 0x3186, 0x1903, 0x20E3, 0x0840, 0x0840, 0x0881, 0x0861,
  0x18C3, 0x0000, 0x0000, 0x2965, 0x52AA, 0x6B4D, 0x6B6D, 0x4A48, 0x52CA, 0x8C71, 0x0840, 0x0000,
  0x2125, 0xCE79, 0x4208, 0x1082, 0x1082, 0x0000, 0x6B6D, 0xB596, 0x1081, 0x1082, 0x2104, 0x2103,
  0x18C3, 0x0841, 0x0020, 0x2945, 0x632C, 0x8410, 0x8C51, 0xD699, 0x39C7, 0x0000, 0x0000, 0x0000,
  0x2945, 0x0000, 0x0000, 0x73AE, 0x0000, 0xA534, 0xC638, 0x7BCF, 0x4A49, 0x0000, 0x0000, 0x6B6D,
  0x4228, 0x2965, 0x18E3, 0x18C2, 0x18C2, 0x31A6, 0xC617, 0xE71C, 0xE71C, 0x4A49, 0x0000, 0x0000,
  0x0000, 0x0000, 0x4A69, 0x630C, 0x18E3, 0xFFFF, 0x8C71, 0x5ACB, 0x632C, 0x0000, 0x0840, 0xDEFA,
  0xE71B, 0x0000, 0x0000, 0x0000, 0x0948, 0x228F, 0x116A, 0x19AB, 0x1271, 0x0318, 0xB7FF, 0xCFFF,
  0xAFFF, 0xDFFF, 0xFFFF, 0xF7FF, 0x8F5F, 0x4EBF, 0x365F, 0x3E5F, 0x461F, 0x359F, 0x457E, 0x2CBE,
  0x13BC, 0x0319, 0x247B, 0x563E, 0x4E5F, 0x2D3F, 0x0397, 0x0275, 0x01F0, 0x0A30, 0x012B, 0x016B,
  0x014B, 0x00E8, 0x11CD, 0x01AC, 0x0AB3, 0x09EE, 0x0003, 0x00A6, 0x09AC, 0x09ED, 0x00E8, 0x0024,
  0x0064, 0x0085, 0x0063, 0x08C4, 0x0023, 0x0043, 0x0043, 0x0044, 0x0948, 0x0063, 0x00C5, 0x0022,
  0x0042, 0x0022, 0x0001, 0x0022, 0x0000, 0x10C4, 0x0022, 0x0000, 0x0001, 0x0042, 0x0863, 0x0041,
  0x0001, 0x0001, 0x0001, 0x0000, 0x0000, 0x0000, 0x0000, 0x0000, 0x0041, 0x0020, 0x0000, 0x0000,
  0x0021, 0x0000, 0x0000, 0x0000, 0x0000, 0x0000, 0x0000, 0x0000, 0x0000, 0x0000, 0x0000, 0x0000,
  0x0042, 0x0021, 0x0021, 0x0001, 0x0083, 0x0063, 0x0022, 0x0043, 0x08C6, 0x0084, 0x0084, 0x00A6,
  0x1127, 0xE79F, 0xBE5B, 0x00A6, 0x00A6, 0x00A6, 0x6BF2, 0xE79F, 0x4AEE, 0x6C12, 0xE79F, 0x4ACE,
  0x00A6, 0x5B70, 0xE79F, 0x5B50, 0x21A9, 0xE79F, 0x9516, 0x00A6, 0x00A6, 0x6BD2, 0xE79F, 0x42CD,
  0x00A6, 0x00A6, 0x00A6, 0x00A6, 0x1128, 0xE79F, 0xA598, 0x00A6, 0x00A6, 0xA598, 0xE79F, 0x1127,
  0x00A6, 0x0022, 0x0002, 0x00A6, 0x00A6, 0xE79F, 0xC6BC, 0x00A6, 0x00A6, 0x00A6, 0x00A6, 0x00A6,
  0x4B0E, 0xE79F, 0x6BF2, 0x00A6, 0x00A6, 0x7433, 0xE79F, 0x42AD, 0x00A6, 0x3A6C, 0xE77F, 0xDF7F,
  0xE79F, 0x5B90, 0x00A6, 0x1127, 0xE79F, 0xA598, 0x00A6, 0x6BD2, 0xE79F, 0x42CD, 0x00A6, 0x00A6,
  0x00A6, 0x00A6, 0x00A6, 0x3A6C, 0xE79F, 0xA598, 0xE79F, 0x63B1, 0x00A6, 0x0085, 0x0000, 0x0000,
  0x0021, 0x0000, 0x0000, 0x0000, 0x0000, 0x0000, 0x0000, 0x0022, 0x0884, 0x0000, 0x0000, 0x0022,
  0x0043, 0x0001, 0x0000, 0x0000, 0x08A3, 0x0884, 0x0001, 0x0000, 0x0000, 0x0020, 0x0020, 0x0021,
  0x0021, 0x0042, 0x0063, 0x0063, 0x0065, 0x00E7, 0x00A5, 0x2146, 0x0000, 0x2987, 0x18A3, 0x0000,
  0x0020, 0x0000, 0x0001, 0x2104, 0x39C8, 0x0001, 0x0062, 0x0022, 0x0062, 0x0062, 0x0062, 0x0063,
  0x0084, 0x20E4, 0x2965, 0x2965, 0x0020, 0x0820, 0x0841, 0x18C3, 0x8C51, 0x4228, 0x0000, 0x0020,
  0x0000, 0x0020, 0x18E3, 0x39C7, 0x52CB, 0x8410, 0x8410, 0x2124, 0x0000, 0x0000, 0x0000, 0x10A2,
  0x0000, 0x0000, 0xC658, 0x5AEB, 0x0841, 0x18E3, 0x2124, 0x2124, 0x10A2, 0x0000, 0x0000, 0x0020,
  0x0861, 0x10A2, 0x3186, 0x8C51, 0xB596, 0x31A6, 0x0020, 0x0000, 0x0000, 0x0000, 0x4208, 0x4A69,
  0x0861, 0xDEFB, 0xAD55, 0xFFFF, 0x528A, 0x0000, 0x39E7, 0x630C, 0x2965, 0x2944, 0x2965, 0x4A49,
  0x5249, 0x0000, 0xBDF7, 0x8C71, 0x39E8, 0x8C71, 0xB596, 0x7BEF, 0x0861, 0x1082, 0xBDF7, 0x0861,
  0x0000, 0x9CF3, 0xEF7D, 0xFFFF, 0x528A, 0x0000, 0x630C, 0xFFFF, 0x8C51, 0x0800, 0x0000, 0x0001,
  0x226E, 0x1AB0, 0x11CB, 0x122F, 0x02B4, 0x451C, 0xFFFF, 0xFFFF, 0xFFFF, 0xFFFF, 0xB7FF, 0x671F,
  0x46DF, 0x469F, 0x35FF, 0x353E, 0x34FD, 0x34DE, 0x247D, 0x13DC, 0x0C1C, 0x4E7F, 0x573F, 0x2D5F,
  0x13DB, 0x0317, 0x0252, 0x01D0, 0x01CE, 0x018C, 0x016B, 0x012A, 0x012A, 0x00E8, 0x0129, 0x01EE,
  0x12F5, 0x00C8, 0x016B, 0x1271, 0x098B, 0x0043, 0x0042, 0x0063, 0x0085, 0x0084, 0x0064, 0x0002,
  0x0064, 0x0021, 0x0063, 0x0085, 0x00A5, 0x0063, 0x00A4, 0x0043, 0x0044, 0x0000, 0x0021, 0x0022,
  0x0021, 0x0043, 0x0023, 0x10A4, 0x0021, 0x0001, 0x0022, 0x0021, 0x0001, 0x0001, 0x0001, 0x0842,
  0x0001, 0x0000, 0x0000, 0x0000, 0x0000, 0x0000, 0x0000, 0x0000, 0x0000, 0x0000, 0x0000, 0x0000,
  0x0000, 0x0000, 0x0000, 0x0000, 0x0000, 0x0000, 0x0000, 0x0000, 0x0001, 0x0021, 0x0021, 0x0022,
  0x0042, 0x0883, 0x0022, 0x0064, 0x0085, 0x00A5, 0x00A4, 0x00A6, 0x1127, 0xE79F, 0xBE5B, 0x00A6,
  0x00C6, 0x324C, 0xCEFD, 0xB61A, 0x00C6, 0x5B50, 0xE79F, 0x7C53, 0x1948, 0xBE5B, 0xE79F, 0x6390,
  0x21A9, 0xE79F, 0x9516, 0x00A6, 0x00A6, 0x1989, 0xDF5F, 0xA5B8, 0x1127, 0x6BD2, 0xE79F, 0x530E,
  0x1128, 0xE79F, 0xA598, 0x00A6, 0x00A6, 0xA598, 0xE79F, 0x1127, 0x00A6, 0x0022, 0x0001, 0x00A6,
  0x00A6, 0xE79F, 0xC6BC, 0x00A6, 0x00A6, 0x00A6, 0x00A6, 0x00A6, 0x08E7, 0xC6BC, 0xCEDD, 0x29CA,
  0x29CA, 0xCEDD, 0xB63A, 0x00C6, 0x0907, 0xC6BC, 0xDF5F, 0x3A6C, 0xD71E, 0xD73E, 0x2189, 0x1127,
  0xE79F, 0xA598, 0x00A6, 0x1989, 0xDF5F, 0xA5B8, 0x1127, 0x6BD2, 0xE79F, 0x530E, 0x00A6, 0x00C6,
  0xCEBC, 0xE79F, 0xDF7F, 0x1968, 0x00A6, 0x00A5, 0x0021, 0x0042, 0x0000, 0x0001, 0x0000, 0x0000,
  0x0000, 0x0021, 0x0001, 0x0022, 0x0022, 0x0042, 0x0000, 0x0000, 0x0084, 0x0001, 0x0022, 0x08A4,
  0x08A4, 0x0000, 0x0001, 0x0001, 0x0021, 0x0021, 0x0021, 0x0022, 0x0002, 0x0043, 0x0063, 0x00A7,
  0x0929, 0x00A5, 0x0000, 0x10C4, 0x730B, 0x28C3, 0x3946, 0x0000, 0x0000, 0x18E4, 0x0021, 0x10A3,
  0x18E4, 0x18E4, 0x08C4, 0x0022, 0x0063, 0x0043, 0x0042, 0x0022, 0x0884, 0x1906, 0x18E3, 0x3185,
  0x18E3, 0x10A2, 0x0861, 0x0000, 0x2945, 0x5289, 0x0000, 0x0000, 0x0000, 0x0000, 0x0000, 0x0000,
  0x0000, 0x0861, 0x4228, 0x6B6D, 0x6B4D, 0x39E7, 0x0020, 0x0000, 0x0000, 0x630B, 0xAD54, 0x2965,
  0x18E3, 0x2104, 0x2124, 0x0841, 0x8C51, 0xC617, 0x2924, 0x0000, 0x0000, 0x0040, 0x0000, 0x0000,
  0x10A2, 0x4228, 0x738E, 0x7BAF, 0x4208, 0x39C7, 0x9CF3, 0x0000, 0x0000, 0x0000, 0x4A49, 0xBDD7,
  0x0000, 0x0000, 0x73AE, 0x31A7, 0x5B0B, 0x52AA, 0x2924, 0x4A48, 0x0000, 0x0000, 0x7BEF, 0x2103,
  0x0000, 0x0000, 0x1082, 0x528A, 0xBDF7, 0xBDD7, 0xEF7D, 0x8C51, 0x0000, 0x0000, 0x0000, 0x52AA,
  0x0000, 0x0000, 0xBDD7, 0xFFFF, 0x39A7, 0x1061, 0x0000, 0x1127, 0x228E, 0x1A2D, 0x018B, 0x1AF4,
  0x0338, 0xCFFF, 0xFFFF, 0xFFFF, 0xDFFF, 0x9FDF, 0x6F5F, 0x675F, 0x469F, 0x253E, 0x1C9E, 0x2CDE,
  0x2C5D, 0x139B, 0x143C, 0x56DF, 0x67FF, 0x77FF, 0x1C5B, 0x02F7, 0x0274, 0x0211, 0x01F0, 0x09AE,
  0x018B, 0x010A, 0x22D1, 0x120E, 0x00E9, 0x0109, 0x01CD, 0x0271, 0x0A10, 0x01AD, 0x12B2, 0x014A,
  0x0043, 0x0063, 0x0041, 0x0063, 0x08A6, 0x0064, 0x0044, 0x0064, 0x0084, 0x0021, 0x08C6, 0x0043,
  0x0084, 0x0084, 0x0084, 0x0064, 0x0022, 0x0021, 0x0021, 0x0021, 0x0021, 0x0000, 0x0001, 0x0021,
  0x0000, 0x0000, 0x0000, 0x0000, 0x0000, 0x0000, 0x0000, 0x0000, 0x0000, 0x0000, 0x0000, 0x0000,
  0x0000, 0x0000, 0x0000, 0x0000, 0x0000, 0x0000, 0x0000, 0x0000, 0x0000, 0x0000, 0x0000, 0x0000,
  0x0000, 0x0000, 0x0000, 0x0000, 0x00A4, 0x0021, 0x0001, 0x0022, 0x0022, 0x0042, 0x0063, 0x0084,
  0x0084, 0x00A5, 0x00A5, 0x00A6, 0x1127, 0xE79F, 0xE79F, 0xE79F, 0xE77F, 0xCEFD, 0x8CD5, 0x1127,
  0x00A6, 0x08C6, 0x9537, 0xD73E, 0xC6BC, 0x7C74, 0xE79F, 0x8CF5, 0x21A9, 0xE79F, 0x9516, 0x00A6,
  0x00A6, 0x00A6, 0x42AD, 0xBE5B, 0xDF5F, 0xC6BC, 0x63B1, 0x00A6, 0x1128, 0xE79F, 0xA598, 0x00A6,
  0x00A6, 0xA598, 0xE79F, 0x1127, 0x00A6, 0x0021, 0x0020, 0x00A6, 0x00A6, 0xE79F, 0xE79F, 0xE79F,
  0xE79F, 0xE79F, 0xE79F, 0x7C74, 0x00A6, 0x2189, 0x9D57, 0xD73E, 0xCEFD, 0x9516, 0x1128, 0x00A6,
  0x84B5, 0xE79F, 0x7412, 0x00A6, 0x5B70, 0xE79F, 0xADF9, 0x1127, 0xE79F, 0xA598, 0x00A6, 0x00A6,
  0x42AD, 0xBE5B, 0xDF5F, 0xC6BC, 0x63B1, 0x00A6, 0x00A5, 0x00A6, 0x7C53, 0xE79F, 0xADD9, 0x00A6,
  0x00A5, 0x0084, 0x0907, 0x00C5, 0x0000, 0x0000, 0x0000, 0x0000, 0x0000, 0x0001, 0x0001, 0x0023,
  0x0001, 0x0042, 0x0000, 0x0041, 0x08E5, 0x0022, 0x1948, 0x0063, 0x0000, 0x0000, 0x0000, 0x0001,
  0x0021, 0x0021, 0x0021, 0x0022, 0x0001, 0x0042, 0x00E6, 0x0927, 0x0042, 0x0001, 0x0001, 0x0000,
  0xACD1, 0x5207, 0x3986, 0x10C3, 0x0041, 0x18E4, 0x1083, 0x1905, 0x0883, 0x18E3, 0x0062, 0x0062,
  0x0062, 0x0042, 0x0043, 0x0883, 0x18E5, 0x1106, 0x18E4, 0x18C2, 0x31A6, 0x2965, 0x0841, 0x0000,
  0x0000, 0x39E7, 0x8C71, 0x6B6D, 0x3185, 0x0000, 0x0000, 0x0000, 0x0000, 0x0000, 0x0000, 0x0020,
  0x2945, 0x4A49, 0x6B4D, 0x5AEB, 0x4228, 0xB5B6, 0x840F, 0x0000, 0x0000, 0x18E4, 0x2124, 0x18E3,
  0x2945, 0x7BCE, 0xCE58, 0xCE79, 0x7BEF, 0x18C3, 0x0000, 0x0000, 0x0000, 0x0000, 0x0841, 0x39E7,
  0x6B6D, 0x9CD3, 0xD6BA, 0x738E, 0x0000, 0x0000, 0x0000, 0x0000, 0x0000, 0x52AA, 0x9492, 0x39E7,
  0xC638, 0xB5B6, 0x9471, 0x31A6, 0x0000, 0x18A2, 0x2965, 0x0000, 0x18C2, 0xAD75, 0xBDF7, 0x0000,
  0x39C7, 0xFFFF, 0xBDD7, 0xBDD7, 0x6B6D, 0x4A69, 0x0861, 0x0000, 0x0000, 0x4A69, 0xF79E, 0xAD55,
  0x1061, 0x0000, 0x0000, 0x1A0C, 0x1A0C, 0x1168, 0x122E, 0x1378, 0x4CFC, 0xFFFF, 0xFFFF, 0xB7FF,
  0x87BF, 0x6F5F, 0x4EDF, 0x3E1E, 0x251E, 0x2CDE, 0x2CBE, 0x0BBB, 0x0BDB, 0x361E, 0xA7FF, 0x87FF,
  0x1D1E, 0x0AB3, 0x0109, 0x00C6, 0x00A6, 0x00C7, 0x0109, 0x0108, 0x00A6, 0x00A6, 0x00A6, 0x00A6,
  0x00A6, 0x00A6, 0x018B, 0x1B98, 0x0A72, 0x020E, 0x00E9, 0x0084, 0x0063, 0x0043, 0x0021, 0x0084,
  0x0043, 0x0042, 0x0022, 0x00C7, 0x00A6, 0x00A5, 0x00A5, 0x0042, 0x08A4, 0x0085, 0x0085, 0x0042,
  0x0021, 0x0021, 0x0021, 0x0001, 0x0022, 0x0084, 0x00A5, 0x00A5, 0x0084, 0x0022, 0x0000, 0x0000,
  0x0000, 0x0000, 0x0021, 0x0084, 0x00A6, 0x00A5, 0x0063, 0x10C5, 0x0001, 0x0000, 0x0000, 0x0041,
  0x0085, 0x00A6, 0x00A5, 0x0063, 0x0000, 0x0000, 0x0000, 0x0000, 0x0000, 0x0000, 0x0000, 0x0000,
  0x08E6, 0x1127, 0x0064, 0x0002, 0x0002, 0x0043, 0x0063, 0x0084, 0x0064, 0x0107, 0x00C6, 0x00A5,
  0x00A6, 0x00A6, 0x00A6, 0x00A6, 0x00A6, 0x00A6, 0x00A6, 0x00A6, 0x00C6, 0x00A6, 0x00A6, 0x00A6,
  0x00A6, 0x00A6, 0x00A6, 0x00A6, 0x00A6, 0x00A6, 0x00A6, 0x00A6, 0x00A5, 0x00A6, 0x00A6, 0x00A6,
  0x00A6, 0x00A6, 0x00A6, 0x00A6, 0x00A6, 0x00A6, 0x00A6, 0x00A6, 0x00A6, 0x00A6, 0x00A6, 0x00A6,
  0x00A5, 0x0001, 0x0000, 0x00A5, 0x00A6, 0x00A6, 0x00A6, 0x00A6, 0x00A6, 0x00A6, 0x00A6, 0x00A6,
  0x00A6, 0x00A6, 0x00A6, 0x00A6, 0x00A6, 0x00A6, 0x00A6, 0x00A6, 0x00A6, 0x00A6, 0x00A6, 0x00A6,
  0x00A6, 0x00A6, 0x00A6, 0x00A6, 0x00A6, 0x00A6, 0x00A6, 0x00A5, 0x00A6, 0x00A6, 0x00A6, 0x00A6,
  0x00A6, 0x00A6, 0x00A6, 0x00A6, 0x6BF2, 0xE79F, 0x6BD1, 0x00A6, 0x0063, 0x0000, 0x0022, 0x0043,
  0x08C6, 0x08C5, 0x0000, 0x0000, 0x0000, 0x0021, 0x0022, 0x00C6, 0x0001, 0x0064, 0x08C6, 0x0906,
  0x0042, 0x10C6, 0x0043, 0x0001, 0x0000, 0x0000, 0x0022, 0x0001, 0x0001, 0x0000, 0x0000, 0x0000,
  0x0022, 0x00C6, 0x0084, 0x0041, 0x0021, 0x0022, 0x0002, 0x0000, 0x39A7, 0x83CF, 0x3184, 0x3185,
  0x0842, 0x18C4, 0x1084, 0x0883, 0x0001, 0x0862, 0x0062, 0x0001, 0x0021, 0x0062, 0x0062, 0x10C4,
  0x0063, 0x0043, 0x2187, 0x18C4, 0x1061, 0x3185, 0x2965, 0x31A6, 0x0000, 0x0000, 0x0000, 0x2124,
  0x632C, 0x7BAE, 0x52AA, 0x18E3, 0x0000, 0x0000, 0x0000, 0x0000, 0x0000, 0x0000, 0x10C2, 0x4208,
  0x7BCF, 0xBDD7, 0xEF7D, 0x4208, 0x0000, 0x0000, 0x0000, 0x0020, 0x10A2, 0x0000, 0x0000, 0x3186,
  0xA4F4, 0xD679, 0x9CF4, 0x39E8, 0xB5B6, 0x2144, 0x0841, 0x10A2, 0x0861, 0x18E2, 0x4A48, 0x9492,
  0x7BEF, 0x39C7, 0x0000, 0x0000, 0x0000, 0x9CD3, 0x528A, 0x3186, 0x4A49, 0x738E, 0x9CD3, 0x0000,
  0x0000, 0x632C, 0x18C3, 0x0000, 0x18E3, 0xD69A, 0x9D13, 0x0000, 0x31A6, 0xC638, 0x0862, 0x0000,
  0x2124, 0x6B6D, 0xB595, 0x8C50, 0x5ACB, 0xAD55, 0xEF5D, 0x4207, 0x0841, 0x0000, 0x1126, 0x2A8E,
  0x1188, 0x00C6, 0x22F2, 0x0338, 0xDF9F, 0xFFFF, 0xCFFF, 0x7F7F, 0x4EFF, 0x365F, 0x2DBF, 0x2D5E,
  0x351E, 0x34BD, 0x13DB, 0x2D1E, 0x5FBF, 0x5FBF, 0x365E, 0x143C, 0x098D, 0x00A6, 0x00A6, 0x00A6,
  0x00A6, 0x00A6, 0x00A6, 0x00A6, 0x00A6, 0x00A6, 0x00A6, 0x00A6, 0x00A6, 0x00A6, 0x00A6, 0x44FB,
  0x00C9, 0x0065, 0x00A6, 0x00A6, 0x0085, 0x0084, 0x00A5, 0x00A5, 0x0001, 0x0021, 0x0063, 0x00A6,
  0x00A6, 0x00A6, 0x00A6, 0x00C6, 0x08C6, 0x00A6, 0x0085, 0x0021, 0x0000, 0x0021, 0x0001, 0x0022,
  0x00A5, 0x00A6, 0x00A6, 0x00A6, 0x00A6, 0x00A5, 0x0022, 0x0000, 0x0000, 0x0000, 0x0085, 0x00A6,
  0x00A6, 0x00A6, 0x00A6, 0x0021, 0x0000, 0x0000, 0x0000, 0x0085, 0x00A6, 0x00A6, 0x00A6, 0x00A6,
  0x0021, 0x0062, 0x08A3, 0x0000, 0x0000, 0x0000, 0x0000, 0x0000, 0x0000, 0x0001, 0x0884, 0x08A5,
  0x0064, 0x0022, 0x0001, 0x0063, 0x0084, 0x00E7, 0x00E7, 0x0063, 0x00A5, 0x00A6, 0x00A6, 0x00A6,
  0x00A6, 0x00E7, 0x1149, 0x21AA, 0x0108, 0x00C7, 0x00A6, 0x00A6, 0x00A6, 0x00A6, 0x00A6, 0x00A6,
  0x08C6, 0x00A6, 0x00A6, 0x08E6, 0x1907, 0x0084, 0x08E6, 0x0085, 0x00A6, 0x00A5, 0x52CC, 0x08C5,
  0x00A5, 0x00A6, 0x00A6, 0x00A5, 0x00A5, 0x00A6, 0x00A6, 0x00A5, 0x0043, 0x0022, 0x0021, 0x0021,
  0x00A5, 0x00A6, 0x00A6, 0x00A6, 0x00A6, 0x00A6, 0x00A6, 0x00A5, 0x0084, 0x0043, 0x0084, 0x00A5,
  0x00A5, 0x0084, 0x0063, 0x0085, 0x00A6, 0x00A6, 0x00A5, 0x0084, 0x00A5, 0x00A6, 0x00A6, 0x00A6,
  0x00A6, 0x00A6, 0x00A5, 0x0042, 0x0064, 0x00A5, 0x00A5, 0x00A5, 0x0085, 0x00A6, 0x08E7, 0x1148,
  0xC69C, 0xDF7F, 0x21A9, 0x00A6, 0x0022, 0x0000, 0x0000, 0x0000, 0x0084, 0x0907, 0x0084, 0x0000,
  0x0000, 0x0020, 0x0000, 0x00C6, 0x116A, 0x1129, 0x0064, 0x0000, 0x0001, 0x0042, 0x0021, 0x0021,
  0x0022, 0x0884, 0x0064, 0x0884, 0x0043, 0x0022, 0x0001, 0x0084, 0x08A5, 0x0022, 0x0000, 0x0021,
  0x0022, 0x0022, 0x0022, 0x0001, 0x08A4, 0x08C4, 0x0021, 0x0042, 0x0023, 0x0022, 0x0042, 0x0022,
  0x0021, 0x0021, 0x10A3, 0x0862, 0x0042, 0x0062, 0x0042, 0x0042, 0x0062, 0x08A4, 0x0084, 0x52ED,
  0x2104, 0x0820, 0x18E2, 0x2945, 0x2104, 0x0000, 0x0000, 0x0000, 0x0000, 0x0000, 0x31A6, 0x7BCF,
  0x8410, 0x4A49, 0x0000, 0x0000, 0x0000, 0x0000, 0x0000, 0x0000, 0x0000, 0x2104, 0x6B2D, 0xAD55,
  0xA555, 0x632C, 0x0020, 0x0000, 0x0000, 0x0020, 0x10A2, 0x0841, 0x0000, 0x1082, 0x4A49, 0xAD55,
  0xBDF7, 0x0840, 0x2103, 0x2104, 0x2944, 0x2104, 0x0841, 0x0000, 0xAD55, 0x9CF3, 0x7BCE, 0x632C,
  0x8C72, 0xDEFB, 0x0000, 0x0000, 0x0000, 0x2945, 0x31A7, 0x0000, 0x4228, 0x5AEC, 0x0841, 0x0020,
  0x630B, 0x2944, 0x18E3, 0x0000, 0x7BCF, 0x5ACB, 0x1082, 0x0841, 0x10A2, 0x2965, 0x18E3, 0xA513,
  0xE71C, 0xE71C, 0xAD54, 0x0861, 0x0000, 0x0000, 0x3A6C, 0x2A6D, 0x0043, 0x016B, 0x12B3, 0x23B7,
  0xFFFF, 0xE7FF, 0x7F9F, 0x3EDE, 0x25FE, 0x1D5F, 0x1C7E, 0x1C1B, 0x249C, 0x3DBE, 0x4E7F, 0x56BF,
  0x2DDE, 0x143D, 0x0379, 0x01EE, 0x00A6, 0x08E7, 0x5BB2, 0x8D58, 0x8D79, 0x7495, 0x29EB, 0x00A6,
  0x21AA, 0x95BA, 0x322C, 0x21AA, 0x95BA, 0x322C, 0x00A6, 0x0108, 0x00A6, 0x00A6, 0x00A6, 0x00A6,
  0x00A6, 0x00A6, 0x00A6, 0x00A6, 0x00A5, 0x0085, 0x00A6, 0x00A6, 0x42CE, 0x324C, 0x00A6, 0x00A6,
  0x0109, 0x00C6, 0x00A6, 0x00A5, 0x0084, 0x0084, 0x00A5, 0x00A6, 0x00A6, 0x3AAE, 0x8538, 0x8D38,
  0x42CE, 0x00A6, 0x00A5, 0x0000, 0x0022, 0x00A5, 0x00A6, 0x21AA, 0x959A, 0x324C, 0x00A6, 0x0022,
  0x0000, 0x0022, 0x00A5, 0x00A6, 0x21AA, 0x959A, 0x324C, 0x00A6, 0x0042, 0x0862, 0x0042, 0x0000,
  0x0000, 0x0000, 0x0000, 0x0000, 0x0021, 0x0000, 0x0000, 0x0021, 0x08A4, 0x1107, 0x0063, 0x0001,
  0x0002, 0x0108, 0x0149, 0x0022, 0x0063, 0x0109, 0x0045, 0x00C6, 0x0025, 0x0A0F, 0x3B75, 0x5B91,
  0x00C6, 0x0108, 0x00C7, 0x0906, 0x4A6B, 0x3A2A, 0x4229, 0x4209, 0x2967, 0x1947, 0x0043, 0x1106,
  0x1106, 0x08E5, 0x1926, 0x0062, 0x0063, 0x08A3, 0x1904, 0x0000, 0x0043, 0x18E5, 0x0863, 0x0042,
  0x0022, 0x0022, 0x0001, 0x0001, 0x0023, 0x0864, 0x0042, 0x0000, 0x0000, 0x08C7, 0x08A6, 0x0065,
  0x0000, 0x0000, 0x0001, 0x0001, 0x0000, 0x0000, 0x0000, 0x0000, 0x0000, 0x0000, 0x0000, 0x0000,
  0x0000, 0x0000, 0x0000, 0x0000, 0x0000, 0x0000, 0x0001, 0x0001, 0x0001, 0x0907, 0x08A5, 0x0021,
  0x0022, 0x0022, 0x0001, 0x0001, 0x0042, 0x00A6, 0x532F, 0xDF7F, 0xCEDD, 0x5B70, 0x00A6, 0x00A5,
  0x0002, 0x0000, 0x0000, 0x0000, 0x0001, 0x0043, 0x1969, 0x0084, 0x0001, 0x0000, 0x0000, 0x10E5,
  0x00A5, 0x0001, 0x0042, 0x0042, 0x0000, 0x0001, 0x0022, 0x0022, 0x0021, 0x0002, 0x0022, 0x0042,
  0x0043, 0x0044, 0x08E7, 0x0884, 0x0000, 0x0000, 0x0021, 0x0021, 0x0022, 0x0022, 0x0002, 0x0021,
  0x0002, 0x0883, 0x0000, 0x0001, 0x0001, 0x0042, 0x0862, 0x0883, 0x0021, 0x0001, 0x0042, 0x0862,
  0x0862, 0x0062, 0x0062, 0x0062, 0x0042, 0x0084, 0x08A4, 0x08E5, 0x94F5, 0x0000, 0x0000, 0x0000,
  0x18E3, 0x2104, 0x1082, 0x0000, 0x0000, 0x0000, 0x0000, 0x0000, 0x18C3, 0x630C, 0x8C51, 0x6B8D,
  0x2124, 0x0000, 0x0000, 0x0000, 0x0000, 0x0000, 0x0000, 0x10A2, 0x5ACA, 0x9491, 0xAD54, 0x840F,
  0x31A6, 0x0000, 0x0000, 0x0000, 0x0841, 0x18E3, 0x0861, 0x0020, 0x0000, 0x18E3, 0x2124, 0x2124,
  0x2124, 0x2124, 0x0841, 0x0000, 0x9492, 0xA514, 0x18E4, 0x2125, 0x8430, 0xE71C, 0xA514, 0x0862,
  0x0000, 0x0000, 0x0000, 0x0000, 0x7BCF, 0x31A6, 0x0020, 0x5ACB, 0xFFFF, 0x18E3, 0x0000, 0x0861,
  0x8410, 0x18C3, 0x1082, 0x18C3, 0x2945, 0x5ACB, 0x0820, 0x31A6, 0xFFDF, 0xF7BE, 0x4A69, 0x0000,
  0x0000, 0x0061, 0x3B10, 0x1169, 0x0066, 0x22B0, 0x01D0, 0x8E1B, 0xFFFF, 0x77BF, 0x4EFF, 0x365F,
  0x253E, 0x0BFD, 0x039B, 0x24DD, 0x3E3F, 0x3E7F, 0x361F, 0x1C9E, 0x0B7A, 0x0AB5, 0x0211, 0x00C6,
  0x00A6, 0x7475, 0x84F7, 0x1989, 0x08E7, 0x5BB2, 0x9599, 0x1968, 0x21AA, 0x95BA, 0x322C, 0x00A6,
  0x00A6, 0x00A6, 0x00A6, 0x00A6, 0x00A6, 0x00A6, 0x00A6, 0x00A6, 0x00A6, 0x00A6, 0x00A6, 0x00A6,
  0x00A6, 0x00A6, 0x00A6, 0x1968, 0x95BA, 0x3A8D, 0x00A6, 0x00A6, 0x0108, 0x00A6, 0x00A6, 0x00A6,
  0x00A6, 0x00A6, 0x00A6, 0x00A6, 0x1968, 0x959A, 0x3AAE, 0x3A8D, 0x959A, 0x1989, 0x00A6, 0x0022,
  0x00A5, 0x00A6, 0x322C, 0x8D38, 0x95BA, 0x324C, 0x00A6, 0x0022, 0x0000, 0x00A5, 0x00A6, 0x322C,
  0x8D38, 0x95BA, 0x324C, 0x00A6, 0x0022, 0x0041, 0x0000, 0x0000, 0x0000, 0x0000, 0x0000, 0x0000,
  0x0021, 0x0021, 0x0021, 0x0020, 0x0000, 0x0022, 0x00E5, 0x00C5, 0x0002, 0x010B, 0x0231, 0x00A7,
  0x00C6, 0x43B3, 0x0108, 0x1189, 0x0085, 0x00A6, 0x1AD2, 0x11CC, 0x1169, 0x00E8, 0x00E7, 0x0065,
  0x1928, 0x08C7, 0x00A6, 0x0908, 0x1169, 0x0927, 0x0905, 0x1906, 0x1106, 0x1106, 0x1926, 0x08E5,
  0x0063, 0x0063, 0x10C3, 0x0000, 0x0022, 0x0863, 0x08A4, 0x0021, 0x0022, 0x0022, 0x0001, 0x0862,
  0x08C5, 0x0002, 0x0021, 0x0000, 0x0000, 0x08C7, 0x0002, 0x00A5, 0x0021, 0x0000, 0x0021, 0x0001,
  0x0000, 0x0000, 0x0000, 0x0000, 0x0000, 0x0000, 0x0000, 0x0000, 0x0000, 0x0000, 0x0000, 0x0000,
  0x0000, 0x0000, 0x0000, 0x0000, 0x0021, 0x0043, 0x0022, 0x0021, 0x0001, 0x0042, 0x0001, 0x0001,
  0x0021, 0x00A6, 0x00A6, 0x00A6, 0x00A6, 0x00A6, 0x00A5, 0x0042, 0x0885, 0x08A5, 0x0063, 0x0021,
  0x0000, 0x0000, 0x0042, 0x0084, 0x08C6, 0x0002, 0x0000, 0x0083, 0x0084, 0x0022, 0x0063, 0x0043,
  0x0000, 0x0021, 0x0042, 0x0001, 0x0001, 0x0001, 0x0000, 0x0000, 0x0044, 0x1107, 0x0042, 0x0000,
  0x0021, 0x0001, 0x0022, 0x0021, 0x0021, 0x0021, 0x0022, 0x0041, 0x0002, 0x18E4, 0x0000, 0x0000,
  0x2145, 0x1904, 0x0000, 0x0862, 0x0862, 0x0001, 0x0001, 0x0021, 0x0041, 0x0062, 0x0062, 0x0062,
  0x0043, 0x0063, 0x08C4, 0x0043, 0x322A, 0xB5F9, 0x0821, 0x0000, 0x0000, 0x0000, 0x18E3, 0x2965,
  0x10A2, 0x0000, 0x0000, 0x0020, 0x0000, 0x0000, 0x0000, 0x2944, 0x6B8D, 0x8C71, 0x5AEB, 0x18E3,
  0x0000, 0x10A2, 0x0000, 0x0000, 0x0000, 0x0000, 0x2124, 0x632C, 0xA534, 0xAD55, 0x6B4D, 0x10A2,
  0x0000, 0x0000, 0x0000, 0x10A2, 0x2945, 0x2124, 0x2124, 0x2124, 0x2124, 0x2104, 0x0000, 0x0000,
  0x8C50, 0x634C, 0x0000, 0x0000, 0x0000, 0x0020, 0x52AA, 0x94B3, 0x8C50, 0x2124, 0x0841, 0x630B,
  0x7BCF, 0x0000, 0x0000, 0xFFFF, 0xB596, 0x0841, 0x0000, 0x4A69, 0x5AEA, 0x0861, 0x10A2, 0x2124,
  0x6B6D, 0x6B6D, 0x0000, 0x4228, 0xF7DE, 0xCE59, 0x1082, 0x0820, 0x0000, 0x1967, 0x2ACE, 0x0106,
  0x1A0D, 0x2292, 0x0A31, 0xAFFF, 0x7FFF, 0x46DF, 0x3E3F, 0x24FF, 0x039D, 0x1C7D, 0x4EDF, 0x3E7F,
  0x257E, 0x1CFE, 0x145C, 0x0B58, 0x0A74, 0x0A11, 0x016C, 0x00A6, 0x29EB, 0x95BA, 0x3A8D, 0x00A6,
  0x00A6, 0x00A6, 0x00A6, 0x00A6, 0x21AA, 0x95BA, 0x322C, 0x21AA, 0x95BA, 0x322C, 0x00A6, 0x4B0F,
  0x8D38, 0x8D38, 0x5371, 0x00C6, 0x21CA, 0x95BA, 0x5371, 0x8518, 0x8D38, 0x3A6D, 0x00A6, 0x7CD6,
  0x95BA, 0x95BA, 0x42AE, 0x00A6, 0x1968, 0x00A6, 0x7475, 0x7CB6, 0x00A6, 0x00A6, 0x7475, 0x7CB6,
  0x42AE, 0x95BA, 0x1148, 0x0907, 0x95BA, 0x42EF, 0x00A6, 0x0063, 0x00A6, 0x1148, 0x95BA, 0x7C96,
  0x95BA, 0x324C, 0x00A6, 0x0022, 0x0001, 0x00A6, 0x1148, 0x95BA, 0x7C96, 0x95BA, 0x324C, 0x00A6,
  0x0022, 0x0000, 0x0000, 0x0000, 0x0000, 0x0000, 0x0000, 0x0000, 0x0021, 0x0021, 0x0021, 0x0001,
  0x0001, 0x0000, 0x0000, 0x0043, 0x0066, 0x54B8, 0xFFFF, 0x0273, 0x00A8, 0x220C, 0x0108, 0x00E7,
  0x00E6, 0x0002, 0x09EE, 0x1290, 0x3AAE, 0x00C7, 0x0107, 0x00E7, 0x0065, 0x0065, 0x0948, 0x0129,
  0x21AA, 0x630C, 0x5AAB, 0x0002, 0x0001, 0x1106, 0x426B, 0x1127, 0x08A5, 0x10C5, 0x10A2, 0x0000,
  0x0043, 0x0043, 0x0063, 0x0042, 0x0022, 0x0001, 0x0022, 0x10C3, 0x0042, 0x0022, 0x0021, 0x0001,
  0x0021, 0x08C6, 0x0001, 0x0000, 0x08A5, 0x0000, 0x0021, 0x0022, 0x0000, 0x0000, 0x0000, 0x0000,
  0x0000, 0x0000, 0x0000, 0x0000, 0x0000, 0x0000, 0x0000, 0x0000, 0x0000, 0x0001, 0x0001, 0x0022,
  0x0063, 0x0000, 0x0000, 0x0000, 0x0000, 0x0022, 0x0883, 0x0000, 0x0021, 0x0043, 0x0085, 0x00A5,
  0x00A5, 0x0064, 0x0021, 0x0000, 0x0000, 0x0001, 0x0022, 0x0064, 0x0084, 0x0062, 0x0001, 0x0000,
  0x0022, 0x0065, 0x0085, 0x0908, 0x1106, 0x0043, 0x0001, 0x0042, 0x0022, 0x0000, 0x0020, 0x0023,
  0x0063, 0x0063, 0x0001, 0x08A3, 0x10C5, 0x0000, 0x0000, 0x0001, 0x0001, 0x0063, 0x0042, 0x0000,
  0x0021, 0x0021, 0x0021, 0x0022, 0x0001, 0x2126, 0x39E7, 0x0000, 0x0883, 0x0883, 0x1904, 0x0021,
  0x10A3, 0x10A3, 0x0000, 0x0042, 0x0042, 0x0042, 0x0062, 0x0062, 0x0062, 0x0883, 0x08A4, 0x08C5,
  0x0000, 0x8493, 0x9D35, 0x08A2, 0x0000, 0x0000, 0x0000, 0x0861, 0x2945, 0x2945, 0x1082, 0x0000,
  0x0000, 0x0020, 0x0000, 0x0000, 0x0000, 0x0020, 0x52AA, 0x7BCF, 0x0000, 0xAD75, 0xEF5C, 0x2944,
  0x0000, 0x0000, 0x0000, 0x0000, 0x0861, 0x4208, 0x7BEF, 0x9CD3, 0x8410, 0x39C7, 0x0000, 0x0000,
  0x0000, 0x0861, 0x2124, 0x2965, 0x2945, 0x10A2, 0x0000, 0x31C6, 0x8C71, 0x6B6D, 0x528A, 0x18E3,
  0x2124, 0x18A2, 0x0020, 0x0000, 0x9CD2, 0xBDF7, 0x8C71, 0xB5B6, 0xC618, 0x0000, 0x0000, 0x0000,
  0x39C7, 0x0000, 0x0000, 0x8410, 0x18C3, 0x4208, 0xA513, 0x632C, 0x7BCE, 0x4208, 0x0000, 0x8C71,
  0xFFFF, 0x738E, 0x0840, 0x0000, 0x0000, 0x322C, 0x2A4C, 0x1988, 0x226F, 0x09CF, 0x4C97, 0x8FFF,
  0x367F, 0x255E, 0x0C7D, 0x1CBE, 0x4E5F, 0x573F, 0x3EBF, 0x2DDF, 0x24FD, 0x0AF6, 0x01F2, 0x0A74,
  0x0A73, 0x09EF, 0x11CC, 0x00A6, 0x42EF, 0x95BA, 0x21AA, 0x00A6, 0x0928, 0x00C6, 0x00A6, 0x00A6,
  0x21AA, 0x95BA, 0x322C, 0x21AA, 0x95BA, 0x322C, 0x322C, 0x9599, 0x19AA, 0x1948, 0x8D59, 0x3A8D,
  0x21CA, 0x95BA, 0x63F3, 0x1107, 0x7475, 0x8D38, 0x00A6, 0x1968, 0x95BA, 0x3A8D, 0x00A6, 0x00A6,
  0x19EC, 0x00A6, 0x3A8D, 0x95BA, 0x1989, 0x1128, 0x959A, 0x42CE, 0x4B30, 0x95BA, 0x08E7, 0x00C6,
  0x95BA, 0x5371, 0x00A6, 0x0063, 0x00A6, 0x1148, 0x5B91, 0x21AA, 0x95BA, 0x324C, 0x00A6, 0x0042,
  0x0021, 0x00A6, 0x1148, 0x5B91, 0x21AA, 0x95BA, 0x324C, 0x00A6, 0x0022, 0x0000, 0x0000, 0x0000,
  0x0000, 0x0000, 0x0000, 0x0000, 0x0000, 0x0000, 0x0001, 0x0043, 0x0085, 0x00E6, 0x0927, 0x08C6,
  0x0086, 0x1AB0, 0x975F, 0x12F5, 0x0086, 0x0002, 0x0024, 0x0044, 0x0928, 0x0043, 0x0109, 0x12D4,
  0x5BB3, 0x1989, 0x0086, 0x0928, 0x00C6, 0x00E7, 0x21CA, 0x0949, 0x2A0B, 0xEE98, 0x5A6A, 0x0001,
  0x0043, 0x0063, 0x1106, 0x0906, 0x1127, 0x08C4, 0x39C7, 0x0041, 0x0002, 0x0043, 0x0043, 0x0043,
  0x0022, 0x0001, 0x0042, 0x0021, 0x0021, 0x0023, 0x0021, 0x0001, 0x0044, 0x1108, 0x0022, 0x0000,
  0x0022, 0x0862, 0x0001, 0x0044, 0x0001, 0x0000, 0x0000, 0x0000, 0x0000, 0x0000, 0x0000, 0x0000,
  0x0000, 0x0000, 0x0000, 0x0000, 0x0000, 0x0000, 0x0001, 0x0043, 0x0001, 0x0000, 0x0001, 0x0001,
  0x0000, 0x0001, 0x0001, 0x0001, 0x0862, 0x0021, 0x0001, 0x0001, 0x0000, 0x0000, 0x0000, 0x0000,
  0x0000, 0x0000, 0x0000, 0x0000, 0x0020, 0x0021, 0x0884, 0x08C6, 0x0063, 0x0084, 0x118A, 0x0928,
  0x0864, 0x0022, 0x0927, 0x08E7, 0x00A6, 0x0002, 0x0082, 0x0085, 0x0044, 0x08A6, 0x1149, 0x0063,
  0x0041, 0x0042, 0x0001, 0x0000, 0x0000, 0x0906, 0x08E6, 0x0000, 0x0000, 0x0021, 0x0022, 0x0021,
  0x0001, 0x18E4, 0x6B0B, 0x0000, 0x0843, 0x18C5, 0x2146, 0x0021, 0x0001, 0x2125, 0x18A3, 0x0001,
  0x0042, 0x0042, 0x0062, 0x0062, 0x0062, 0x0883, 0x08A4, 0x0063, 0x0063, 0x10C5, 0x9D56, 0x4A8B,
  0x2124, 0x0882, 0x0000, 0x0000, 0x0000, 0x0882, 0x2965, 0x2945, 0x0861, 0x0000, 0x0020, 0x0020,
  0x0020, 0x0000, 0x0000, 0x0000, 0x0000, 0xAD75, 0x738D, 0x1903, 0x0841, 0x0000, 0x7BEF, 0x0862,
  0x0000, 0x0000, 0x0000, 0x2104, 0x52AA, 0x8C51, 0x8C51, 0x630C, 0x2945, 0x0000, 0x0000, 0x0000,
  0x18C3, 0x0000, 0x0000, 0x840F, 0x738E, 0x5ACB, 0x73AE, 0x39C7, 0x2945, 0x39C7, 0x5ACA, 0x0000,
  0x528A, 0xD69A, 0x3165, 0x20E3, 0x8C51, 0xAD55, 0x630C, 0x18E3, 0x0000, 0x0000, 0x4228, 0x5AEB,
  0x0000, 0x8C50, 0xEF5D, 0xF7BD, 0x4207, 0x0000, 0x0841, 0xDEFB, 0xD6BA, 0x2964, 0x10A1, 0x0000,
  0x1127, 0x2A6D, 0x21CA, 0x1108, 0x220E, 0x11EF, 0x771F, 0x4F3F, 0x151F, 0x1D1E, 0x56BF, 0x6FFF,
  0x575F, 0x25FF, 0x1CBD, 0x0B78, 0x0212, 0x12D6, 0x0A93, 0x0A31, 0x09EF, 0x01AE, 0x098B, 0x00A6,
  0x42CE, 0x95BA, 0x21AA, 0x00A6, 0x0908, 0x00A6, 0x00A6, 0x00A6, 0x21AA, 0x95BA, 0x322C, 0x21AA,
  0x95BA, 0x322C, 0x5B91, 0x95BA, 0x95BA, 0x95BA, 0x95BA, 0x5BB2, 0x21CA, 0x95BA, 0x322C, 0x00A6,
  0x5371, 0x9599, 0x00A6, 0x1968, 0x95BA, 0x3A8D, 0x00A6, 0x00A6, 0x0066, 0x00A6, 0x08E6, 0x8D59,
  0x5350, 0x42EF, 0x9599, 0x0907, 0x4B30, 0x95BA, 0x08E7, 0x00C6, 0x95BA, 0x5371, 0x00A6, 0x00A6,
  0x00A6, 0x00A6, 0x00A6, 0x19A9, 0x95BA, 0x324C, 0x00A6, 0x00A5, 0x00A6, 0x00A6, 0x00A6, 0x00A6,
  0x19A9, 0x95BA, 0x324C, 0x00A6, 0x0022, 0x0000, 0x0000, 0x0000, 0x0000, 0x0000, 0x0000, 0x0000,
  0x08C6, 0x08E6, 0x08C6, 0x10C5, 0x08A5, 0x0064, 0x0043, 0x0001, 0x0000, 0x0003, 0x00AA, 0x00EA,
  0x00A6, 0x1149, 0x11CA, 0x00C6, 0x0085, 0x00C6, 0x0045, 0x1252, 0x3B13, 0x29CA, 0x0928, 0x0928,
  0x0928, 0x0928, 0x1148, 0x0108, 0x11CA, 0x4AAA, 0x31C7, 0x08E5, 0x0001, 0x2147, 0x29A7, 0x0003,
  0x2168, 0x0000, 0x4229, 0x1904, 0x0001, 0x0043, 0x0042, 0x0042, 0x0001, 0x0022, 0x0883, 0x0001,
  0x0022, 0x0023, 0x0021, 0x0042, 0x0042, 0x0022, 0x0864, 0x0001, 0x0000, 0x0022, 0x0064, 0x0085,
  0x0022, 0x0000, 0x0000, 0x0000, 0x0000, 0x0000, 0x0000, 0x0000, 0x0000, 0x0000, 0x0000, 0x0000,
  0x0001, 0x0001, 0x0042, 0x0000, 0x0000, 0x0000, 0x0001, 0x0001, 0x0000, 0x0001, 0x0843, 0x0001,
  0x0001, 0x0001, 0x0001, 0x0000, 0x0000, 0x0000, 0x0000, 0x0000, 0x0000, 0x0001, 0x0001, 0x0001,
  0x0000, 0x0000, 0x0023, 0x0001, 0x0042, 0x19AA, 0x3B31, 0x0043, 0x0063, 0x0000, 0x0907, 0x2270,
  0x09AB, 0x0065, 0x0002, 0x0024, 0x00E8, 0x08E7, 0x0063, 0x0022, 0x0001, 0x0084, 0x0949, 0x0928,
  0x0063, 0x0002, 0x1107, 0x0064, 0x0000, 0x0000, 0x0000, 0x0000, 0x0002, 0x0000, 0x39A6, 0x1904,
  0x0043, 0x0043, 0x0001, 0x0021, 0x0062, 0x0862, 0x2905, 0x18A4, 0x0021, 0x0062, 0x0042, 0x0062,
  0x0062, 0x0863, 0x0062, 0x0063, 0x2167, 0x0062, 0x2146, 0x7C51, 0x2966, 0x2966, 0x2125, 0x0882,
  0x0000, 0x0000, 0x0000, 0x1082, 0x2945, 0x2104, 0x1082, 0x0020, 0x0000, 0x0000, 0x0020, 0x0000,
  0x0000, 0x3186, 0x0000, 0x2124, 0x8C51, 0x8430, 0x9CB3, 0x9CF3, 0x630C, 0x0020, 0x0841, 0x0000,
  0x0000, 0x0000, 0x2124, 0x5ACA, 0x8C51, 0x9492, 0x5AEB, 0x0861, 0x0000, 0x0000, 0x31A6, 0x94B2,
  0x4A69, 0x31A6, 0x31A6, 0x52AA, 0x31A6, 0x31A6, 0x2965, 0x0000, 0x630C, 0x630C, 0x0000, 0x0000,
  0x0000, 0x18E3, 0x73AE, 0xB595, 0x9CD2, 0x52CA, 0xB5B6, 0x5ACB, 0x0000, 0x0000, 0x528A, 0x9491,
  0x39E7, 0x0000, 0x73AE, 0xFFDF, 0x8430, 0x10A2, 0x0840, 0x0000, 0x222C, 0x21EC, 0x1948, 0x1948,
  0x194B, 0x3355, 0x57DF, 0x1E5F, 0x56FF, 0x6FDF, 0x4EBF, 0x2D9E, 0x24FE, 0x13DA, 0x0233, 0x01D2,
  0x0A52, 0x1AD3, 0x09CF, 0x01AD, 0x018C, 0x016C, 0x0109, 0x00A6, 0x21EA, 0x95BA, 0x3A8D, 0x00A6,
  0x00A6, 0x00A6, 0x00A6, 0x00A6, 0x21AA, 0x95BA, 0x322C, 0x21AA, 0x95BA, 0x322C, 0x5BB2, 0x8D79,
  0x00A6, 0x00A6, 0x00A6, 0x00A6, 0x21CA, 0x95BA, 0x2A0B, 0x00A6, 0x5350, 0x959A, 0x00A6, 0x1968,
  0x95BA, 0x3A8D, 0x00A6, 0x00A6, 0x0064, 0x0084, 0x00A6, 0x5BB2, 0x84F7, 0x7C96, 0x63F3, 0x00A6,
  0x42CE, 0x95BA, 0x1148, 0x0907, 0x95BA, 0x42EF, 0x00A6, 0x00A6, 0x00A6, 0x00A6, 0x00A6, 0x19A9,
  0x95BA, 0x324C, 0x00A6, 0x00A6, 0x00A6, 0x00A6, 0x00A6, 0x00A6, 0x19A9, 0x95BA, 0x324C, 0x00A6,
  0x0042, 0x0000, 0x0000, 0x0000, 0x0000, 0x0000, 0x0000, 0x0000, 0x0022, 0x0022, 0x0001, 0x0000,
  0x0000, 0x0000, 0x0001, 0x0022, 0x0002, 0x0022, 0x08E7, 0x0023, 0x08C6, 0x0002, 0x00A5, 0x19A9,
  0x19EB, 0x11CD, 0x0006, 0x010B, 0x1B13, 0x2A4D, 0x094A, 0x0109, 0x00E8, 0x00A5, 0x0907, 0x0107,
  0x0168, 0x0044, 0x2987, 0x1147, 0x0003, 0x9BAE, 0xA42F, 0x08A4, 0x0083, 0x08E4, 0x0864, 0x0023,
  0x0022, 0x0023, 0x0021, 0x0043, 0x2128, 0x0063, 0x0042, 0x0001, 0x0021, 0x0022, 0x0022, 0x0042,
  0x0021, 0x0000, 0x0023, 0x0023, 0x0001, 0x0001, 0x0043, 0x0022, 0x0000, 0x0000, 0x0001, 0x0000,
  0x0000, 0x0000, 0x0000, 0x0000, 0x0000, 0x0000, 0x0000, 0x0000, 0x0042, 0x1107, 0x0000, 0x0000,
  0x0000, 0x0000, 0x0000, 0x0000, 0x0000, 0x0000, 0x0001, 0x0021, 0x0001, 0x0000, 0x0001, 0x0000,
  0x0000, 0x0000, 0x0000, 0x0000, 0x0000, 0x0000, 0x0001, 0x0001, 0x0001, 0x0022, 0x08A5, 0x0000,
  0x0043, 0x0001, 0x0000, 0x0023, 0x0064, 0x1148, 0x114A, 0x00E9, 0x016B, 0x018D, 0x0089, 0x092A,
  0x00C6, 0x0023, 0x0001, 0x0001, 0x0000, 0x0000, 0x0000, 0x0927, 0x08C5, 0x0022, 0x0001, 0x1148,
  0x0064, 0x0022, 0x10E5, 0x0063, 0x0863, 0x0000, 0x0862, 0x39C8, 0x0003, 0x0043, 0x0861, 0x0021,
  0x0021, 0x0021, 0x0042, 0x2966, 0x0862, 0x0862, 0x0021, 0x0062, 0x10A4, 0x0001, 0x2125, 0x41C9,
  0x0084, 0x0021, 0x0000, 0x4A8B, 0x6B6E, 0x2186, 0x1924, 0x1904, 0x2104, 0x1082, 0x0000, 0x0000,
  0x0000, 0x0861, 0x2944, 0x2945, 0x10A2, 0x0020, 0x0000, 0x0020, 0x0020, 0x0000, 0x0000, 0x0000,
  0x0000, 0xFFFF, 0x2104, 0x39E7, 0xA514, 0xCE59, 0xAD75, 0x632C, 0x0000, 0x0000, 0x0000, 0x0000,
  0x0840, 0x4A49, 0x8410, 0xA534, 0x7BCF, 0x5ACB, 0x8C72, 0x73AE, 0x0000, 0x0000, 0x10A2, 0x4208,
  0x73AE, 0x52AA, 0x0000, 0x0020, 0x8C30, 0x2905, 0x0841, 0x0000, 0x0000, 0x0020, 0x0000, 0x0020,
  0x52AA, 0xDEDA, 0xB5B6, 0xA534, 0x2124, 0x0000, 0x0000, 0x0000, 0x0000, 0x10C2, 0xD6BA, 0xE71C,
  0x39A6, 0x1061, 0x0000, 0x0905, 0x2AAE, 0x19CA, 0x1126, 0x2189, 0x08A9, 0x45DD, 0x87FF, 0x7FFF,
  0x5F5F, 0x259F, 0x0C7D, 0x1BDB, 0x0275, 0x0213, 0x12F6, 0x0AB4, 0x01AE, 0x014A, 0x016B, 0x018C,
  0x016D, 0x018C, 0x016B, 0x00A6, 0x00A6, 0x7475, 0x84F7, 0x1969, 0x1127, 0x5371, 0x9599, 0x1148,
  0x21AA, 0x95BA, 0x322C, 0x21AA, 0x95BA, 0x322C, 0x324C, 0x95BA, 0x3A6D, 0x21AA, 0x959A, 0x3A8D,
  0x21CA, 0x95BA, 0x2A0B, 0x00A6, 0x5350, 0x959A, 0x00A6, 0x1128, 0x95BA, 0x42CE, 0x08E6, 0x00A6,
  0x0063, 0x0042, 0x00A6, 0x21CA, 0x95BA, 0x95BA, 0x2A0B, 0x00A6, 0x1969, 0x959A, 0x3AAE, 0x3A6D,
  0x959A, 0x1989, 0x21AA, 0x95BA, 0x322C, 0x00A6, 0x00A6, 0x19A9, 0x95BA, 0x324C, 0x00A6, 0x21AA,
  0x95BA, 0x322C, 0x00A6, 0x00A6, 0x19A9, 0x95BA, 0x324C, 0x00A6, 0x0042, 0x0000, 0x0000, 0x0000,
  0x0000, 0x0000, 0x0000, 0x0000, 0x0020, 0x0020, 0x0021, 0x0021, 0x0021, 0x0022, 0x0021, 0x0042,
  0x0062, 0x0001, 0x00A6, 0x0022, 0x00A5, 0x00E7, 0x0002, 0x0000, 0x0063, 0x22D0, 0x11EF, 0x016D,
  0x0A91, 0x1A2E, 0x096B, 0x00E9, 0x196A, 0x1127, 0x08E6, 0x29CA, 0x0948, 0x1148, 0x2167, 0x426A,
  0x1148, 0x72AB, 0x6ACA, 0x4249, 0x0084, 0x0044, 0x1906, 0x10A4, 0x0002, 0x0023, 0x0021, 0x0023,
  0x10A5, 0x31C8, 0x0042, 0x0001, 0x0001, 0x0042, 0x0022, 0x0021, 0x0000, 0x0000, 0x0022, 0x0023,
  0x0023, 0x0001, 0x0000, 0x0022, 0x0000, 0x0000, 0x0001, 0x0000, 0x0001, 0x0001, 0x0000, 0x0000,
  0x0000, 0x0000, 0x0000, 0x0000, 0x0883, 0x0021, 0x0000, 0x0000, 0x0000, 0x0000, 0x0000, 0x0000,
  0x0000, 0x0000, 0x0000, 0x0022, 0x0022, 0x0000, 0x0000, 0x0000, 0x0000, 0x0000, 0x0000, 0x0000,
  0x0000, 0x0000, 0x0000, 0x0001, 0x0042, 0x0022, 0x0022, 0x0000, 0x0000, 0x0000, 0x0001, 0x0023,
  0x0001, 0x0001, 0x0042, 0x0109, 0x018E, 0xE7FF, 0x7F5F, 0x00AB, 0x0022, 0x0062, 0x0063, 0x0064,
  0x0085, 0x0063, 0x0064, 0x0907, 0x00A6, 0x08A5, 0x10A3, 0x1107, 0x0907, 0x0064, 0x1147, 0x08C5,
  0x0000, 0x18C3, 0x4A6A, 0x0001, 0x2146, 0x0042, 0x0021, 0x0021, 0x0863, 0x0022, 0x0021, 0x0882,
  0x10A3, 0x0001, 0x08A3, 0x0862, 0x0863, 0x0001, 0x0041, 0x0842, 0x0883, 0x0062, 0x0000, 0x0000,
  0x6B6F, 0x4A8B, 0x2125, 0x10E3, 0x18E4, 0x2945, 0x2124, 0x1082, 0x0000, 0x0000, 0x0000, 0x0861,
  0x2104, 0x2124, 0x0861, 0x0020, 0x0000, 0x0020, 0x0000, 0x0020, 0x0000, 0x1082, 0x94B2, 0x8C51,
  0x8C71, 0xBDD7, 0x632C, 0x52AA, 0xB596, 0xC617, 0x39E7, 0x0000, 0x0000, 0x0000, 0x0000, 0x18C3,
  0x5ACB, 0x5AEB, 0x6B4D, 0xA534, 0x2124, 0x0000, 0x0000, 0x0000, 0x2124, 0x2103, 0x0000, 0x5AEB,
  0x62EB, 0x0821, 0x0000, 0x94D2, 0x4A8A, 0x0840, 0x18E3, 0x0861, 0x0000, 0xB595, 0x39C7, 0x2965,
  0x5289, 0x5AEB, 0x5289, 0x1903, 0x18C3, 0xAD95, 0xFFFF, 0x9CD3, 0x0841, 0x0820, 0x0000, 0x2A6C,
  0x2A6D, 0x1968, 0x1967, 0x0906, 0x1A4E, 0xAFFF, 0x77FF, 0x2DDF, 0x04BE, 0x145C, 0x0338, 0x0296,
  0x12F6, 0x33F9, 0x0231, 0x01AE, 0x018C, 0x016B, 0x016A, 0x098C, 0x098C, 0x016B, 0x0129, 0x00E7,
  0x00A6, 0x0907, 0x63D2, 0x8D59, 0x9579, 0x7495, 0x29EB, 0x00A6, 0x21AA, 0x95BA, 0x322C, 0x21AA,
  0x95BA, 0x322C, 0x00A6, 0x4B0F, 0x8518, 0x8D59, 0x5371, 0x00A6, 0x21CA, 0x95BA, 0x2A0B, 0x00A6,
  0x5350, 0x959A, 0x00A6, 0x00A6, 0x6C54, 0x9579, 0x42AE, 0x00A6, 0x0063, 0x0000, 0x00A5, 0x00A6,
  0x7CD6, 0x8538, 0x00C6, 0x00A6, 0x00A6, 0x3A8D, 0x8518, 0x8D38, 0x42CE, 0x00A6, 0x21AA, 0x95BA,
  0x322C, 0x00A6, 0x00A6, 0x19A9, 0x95BA, 0x324C, 0x00A6, 0x21AA, 0x95BA, 0x322C, 0x00A6, 0x00A6,
  0x19A9, 0x95BA, 0x324C, 0x00A6, 0x0042, 0x0000, 0x0000, 0x0000, 0x0000, 0x0000, 0x0000, 0x0000,
  0x0001, 0x0000, 0x0021, 0x0021, 0x0021, 0x0021, 0x0022, 0x0042, 0x0042, 0x0001, 0x00A5, 0x0064,
  0x0022, 0x00A5, 0x0084, 0x0022, 0x0000, 0x0927, 0x018C, 0x0211, 0x657E, 0x4BF6, 0x014B, 0x00C8,
  0x0908, 0x1128, 0x1988, 0x1147, 0x1128, 0x0065, 0x10E6, 0x6B6F, 0x00E7, 0x1106, 0x0906, 0x0083,
  0x18E5, 0x29C9, 0x39C8, 0x5AEB, 0x0001, 0x0042, 0x0022, 0x0001, 0x0002, 0x1906, 0x0042, 0x0001,
  0x0022, 0x0062, 0x0043, 0x0000, 0x0000, 0x0001, 0x0001, 0x0001, 0x0863, 0x0022, 0x0000, 0x0021,
  0x0063, 0x0000, 0x0063, 0x0022, 0x0001, 0x0001, 0x0001, 0x0001, 0x0001, 0x0001, 0x0000, 0x0864,
  0x0022, 0x0000, 0x0000, 0x0000, 0x0000, 0x0000, 0x0000, 0x0000, 0x0000, 0x0000, 0x0000, 0x0022,
  0x0001, 0x0000, 0x0000, 0x0000, 0x0000, 0x0000, 0x0000, 0x0000, 0x0000, 0x0000, 0x0001, 0x0063,
  0x0021, 0x0001, 0x0000, 0x0000, 0x0000, 0x0000, 0x0000, 0x0044, 0x0022, 0x0001, 0x0000, 0x0064,
  0x00E9, 0x6DFD, 0x44DC, 0x014D, 0x00E8, 0x0908, 0x08A6, 0x00A5, 0x0064, 0x0043, 0x0064, 0x0022,
  0x0022, 0x0002, 0x0001, 0x0000, 0x2188, 0x19AA, 0x0001, 0x0023, 0x0001, 0x10C3, 0x39C7, 0x0000,
  0x0001, 0x0000, 0x0000, 0x0883, 0x0062, 0x0001, 0x0862, 0x0042, 0x3166, 0x4229, 0x0883, 0x0001,
  0x0021, 0x0041, 0x0021, 0x0001, 0x0042, 0x0063, 0x0063, 0x0883, 0x0883, 0x5AED, 0x31E8, 0x1924,
  0x10C3, 0x18E4, 0x1904, 0x2125, 0x2124, 0x1082, 0x0000, 0x0000, 0x0000, 0x0840, 0x18E3, 0x18E3,
  0x1082, 0x0020, 0x0000, 0x0020, 0x0020, 0x0000, 0x0000, 0x0000, 0x2124, 0x9CF3, 0x52AA, 0x94B2,
  0x4A69, 0x0000, 0x4A49, 0x9CD3, 0x18E3, 0x4A49, 0x0000, 0x0000, 0x0000, 0x0000, 0x18C2, 0x3186,
  0x4A49, 0x4208, 0x31A6, 0x10A3, 0x0000, 0x0000, 0x0000, 0x73CF, 0x2945, 0x0000, 0x5AEB, 0xFFFF,
  0xDEDB, 0x0840, 0x2944, 0x0000, 0x0000, 0x632C, 0x10A2, 0x3165, 0x31A6, 0x39C7, 0x4A49, 0x52AA,
  0x736D, 0xB575, 0xFFDF, 0x5269, 0x1061, 0x0000, 0x0041, 0x2A8E, 0x21EB, 0x1127, 0x21E9, 0x0866,
  0x3D59, 0x3FFF, 0x0D9F, 0x1CBE, 0x0B38, 0x0275, 0x0AD6, 0x0AD5, 0x0A71, 0x020F, 0x018D, 0x098D,
  0x016C, 0x014B, 0x014A, 0x096B, 0x012A, 0x0129, 0x00E8, 0x0109, 0x0108, 0x00A6, 0x00A6, 0x00A6,
  0x00A6, 0x00A6, 0x00A6, 0x00A6, 0x00A6, 0x00A6, 0x00A6, 0x00A6, 0x00A6, 0x00A6, 0x00A6, 0x00A6,
  0x00A6, 0x00A6, 0x00A6, 0x00A6, 0x00A6, 0x00A6, 0x00A6, 0x00A6, 0x00A6, 0x00A6, 0x00A6, 0x00A6,
  0x00A6, 0x00A6, 0x00A6, 0x00A6, 0x0042, 0x0001, 0x0063, 0x00A6, 0x00A6, 0x00A6, 0x00A6, 0x0084,
  0x00A5, 0x00A6, 0x00A6, 0x00A6, 0x00A6, 0x00A6, 0x00A6, 0x00A6, 0x00A6, 0x00A6, 0x00A6, 0x00A6,
  0x00A6, 0x00A6, 0x00A6, 0x00A6, 0x00A6, 0x00A6, 0x00A6, 0x00A6, 0x00A6, 0x00A6, 0x00A6, 0x00A6,
  0x0021, 0x0000, 0x0000, 0x0000, 0x0000, 0x0000, 0x0000, 0x0000, 0x08E6, 0x0042, 0x0000, 0x0021,
  0x0021, 0x0021, 0x0021, 0x0022, 0x0042, 0x0001, 0x08A6, 0x0064, 0x0022, 0x0022, 0x08C4, 0x0084,
  0x0002, 0x0907, 0x018B, 0x22F3, 0x3C38, 0x5437, 0x4BB5, 0x11CC, 0x00A7, 0x1149, 0x21A9, 0x08E6,
  0x0085, 0x08E7, 0x0908, 0x1149, 0x1148, 0x29C8, 0x0083, 0x0043, 0x0043, 0x3A0A, 0x1907, 0x08C4,
  0x0001, 0x0002, 0x0002, 0x10E6, 0x2147, 0x0002, 0x0041, 0x0002, 0x0022, 0x0001, 0x0064, 0x0001,
  0x0000, 0x0001, 0x0001, 0x0001, 0x0022, 0x0023, 0x0801, 0x0000, 0x0063, 0x0022, 0x0022, 0x0885,
  0x0022, 0x0001, 0x0001, 0x0001, 0x0001, 0x0000, 0x0064, 0x0022, 0x0000, 0x0001, 0x0000, 0x0000,
  0x0000, 0x0000, 0x0000, 0x0000, 0x0000, 0x0000, 0x0000, 0x0022, 0x0001, 0x0000, 0x0000, 0x0000,
  0x0000, 0x0000, 0x0000, 0x0000, 0x0000, 0x0000, 0x0001, 0x0063, 0x0001, 0x0000, 0x0001, 0x0001,
  0x0001, 0x0001, 0x0000, 0x0022, 0x0042, 0x0001, 0x0000, 0x0000, 0x00C7, 0x0068, 0x0048, 0x08E9,
  0x0022, 0x0000, 0x0063, 0x0063, 0x0863, 0x0043, 0x0021, 0x0000, 0x0000, 0x0000, 0x0001, 0x0000,
  0x0022, 0x19CA, 0x19ED, 0x10E6, 0x0001, 0x0000, 0xA4F3, 0x738E, 0x3187, 0x2945, 0x18E4, 0x0000,
  0x10A3, 0x4A28, 0x0862, 0x41C7, 0x1083, 0x1084, 0x0022, 0x0021, 0x0021, 0x0021, 0x0042, 0x0021,
  0x0862, 0x0042, 0x08C4, 0x10A4, 0x0001, 0x0063, 0x3A09, 0x31C7, 0x1904, 0x0862, 0x10C3, 0x18C4,
  0x18E4, 0x2124, 0x2104, 0x1083, 0x0000, 0x0000, 0x0000, 0x0861, 0x10A2, 0x10A2, 0x18C3, 0x1082,
  0x0020, 0x0000, 0x0000, 0x0000, 0x0000, 0x0000, 0x0000, 0x18C3, 0xAD55, 0x9CD3, 0x4A49, 0xFFFF,
  0xB596, 0x4A49, 0x0000, 0x0841, 0x0000, 0x0000, 0x0020, 0x0840, 0x0000, 0x18E3, 0x39C7, 0x52AA,
  0x528A, 0x39E8, 0x632C, 0x736E, 0x0000, 0x0000, 0xAD75, 0xFFFF, 0x73AD, 0x0861, 0x2945, 0x0000,
  0x4207, 0x31A5, 0x0861, 0x2924, 0x2944, 0x3186, 0x41E7, 0x0020, 0x528A, 0x8C30, 0xCE38, 0x2123,
  0x18A1, 0x0000, 0x19A9, 0x222C, 0x1147, 0x218A, 0x21CA, 0x222E, 0x5FFF, 0x267F, 0x1C3D, 0x0B39,
  0x0275, 0x0212, 0x0231, 0x01EF, 0x01CD, 0x018C, 0x018C, 0x096C, 0x014B, 0x012A, 0x0108, 0x0128,
  0x0128, 0x00C7, 0x014B, 0x0A92, 0x0A31, 0x00E8, 0x00A6, 0x00A6, 0x00A6, 0x00A6, 0x0085, 0x00C7,
  0x00A6, 0x00A6, 0x00A6, 0x00A5, 0x00A6, 0x00A5, 0x0085, 0x0085, 0x00A5, 0x00A6, 0x00A6, 0x0908,
  0x00A6, 0x00A6, 0x00A6, 0x00A6, 0x00A5, 0x00A6, 0x00A5, 0x0064, 0x00A5, 0x00A5, 0x00A5, 0x0063,
  0x0001, 0x0000, 0x0001, 0x0084, 0x00A5, 0x00A6, 0x0084, 0x0001, 0x0021, 0x0084, 0x00A5, 0x00A5,
  0x0084, 0x0063, 0x00A5, 0x00A6, 0x00A5, 0x0043, 0x0042, 0x00A5, 0x00A6, 0x00A5, 0x0084, 0x00A5,
  0x00A6, 0x00A5, 0x0063, 0x0042, 0x00A5, 0x00A6, 0x00A5, 0x0063, 0x0000, 0x0000, 0x0000, 0x0842,
  0x0000, 0x0000, 0x0000, 0x0000, 0x0022, 0x08C5, 0x0084, 0x0002, 0x0022, 0x0021, 0x0021, 0x0022,
  0x0042, 0x0001, 0x0085, 0x0064, 0x0001, 0x0022, 0x0022, 0x08E6, 0x0064, 0x0064, 0x0004, 0x9EFF,
  0x5CD9, 0x00A8, 0x3B53, 0x2290, 0x122E, 0x0A0E, 0x1148, 0x00C5, 0x0085, 0x0907, 0x1129, 0x21AA,
  0x00E6, 0x7BAE, 0x39A7, 0x3167, 0x31A7, 0x0085, 0x1127, 0x0063, 0x0001, 0x0022, 0x0001, 0x2188,
  0x29A9, 0x0000, 0x0042, 0x0063, 0x0022, 0x0000, 0x0863, 0x0042, 0x0000, 0x0001, 0x0001, 0x0001,
  0x0001, 0x0000, 0x0001, 0x0000, 0x0000, 0x0063, 0x0001, 0x0001, 0x0021, 0x0001, 0x0000, 0x0000,
  0x0000, 0x0022, 0x0063, 0x0000, 0x0000, 0x0000, 0x0000, 0x0000, 0x0000, 0x0000, 0x0000, 0x0000,
  0x0000, 0x0000, 0x0000, 0x0001, 0x0842, 0x0001, 0x0000, 0x0000, 0x0000, 0x0000, 0x0000, 0x0000,
  0x0000, 0x0000, 0x0000, 0x0000, 0x0000, 0x0001, 0x0001, 0x0001, 0x0041, 0x0021, 0x0000, 0x0020,
  0x0883, 0x0021, 0x0001, 0x0021, 0x0085, 0x0045, 0x0064, 0x0024, 0x00A6, 0x08A4, 0x0000, 0x0001,
  0x0002, 0x0042, 0x0084, 0x08C5, 0x08A5, 0x0022, 0x0000, 0x0000, 0x0000, 0x0063, 0x0908, 0x08E7,
  0x0001, 0x0000, 0x4A6A, 0x7BD0, 0x0043, 0xC638, 0xA4D3, 0x0000, 0x2145, 0x8C50, 0x0001, 0x0862,
  0x0000, 0x0001, 0x0864, 0x0022, 0x0001, 0x0042, 0x0042, 0x0042, 0x0062, 0x0042, 0x0063, 0x10A4,
  0x0001, 0x0002, 0x0001, 0x1905, 0x29A7, 0x1904, 0x0881, 0x10C2, 0x10C3, 0x10C3, 0x10C3, 0x18E3,
  0x1904, 0x18E3, 0x0882, 0x0000, 0x0000, 0x0000, 0x1082, 0x2124, 0x2945, 0x1082, 0x0000, 0x0000,
  0x0020, 0x0000, 0x0000, 0x0000, 0x0000, 0x10A2, 0x4208, 0x4228, 0x8C92, 0x0000, 0xAD96, 0xFFFF,
  0x0000, 0x0000, 0x0000, 0x0000, 0x0000, 0x0000, 0x0841, 0x18E3, 0x2965, 0x52AA, 0x6B4C, 0xA513,
  0x2124, 0x0000, 0x0000, 0x10A2, 0x10A2, 0x31A6, 0x0841, 0x0000, 0x630C, 0x0840, 0x18C2, 0x6B4D,
  0x9CF3, 0x4228, 0x4208, 0x0000, 0x2944, 0x94B2, 0x738D, 0x18E3, 0x0800, 0x0000, 0x2A4C, 0x19CA,
  0x1107, 0x29EB, 0x2148, 0x44D9, 0x36DF, 0x03DB, 0x02F7, 0x0276, 0x12F5, 0x1A92, 0x016C, 0x018C,
  0x09AD, 0x09AE, 0x016C, 0x094B, 0x014A, 0x018B, 0x0129, 0x0108, 0x012A, 0x1B55, 0x3439, 0x016D,
  0x010A, 0x00C7, 0x0108, 0x0108, 0x00A7, 0x0064, 0x0085, 0x00E9, 0x0108, 0x0085, 0x0884, 0x0884,
  0x0021, 0x0002, 0x00C7, 0x00C7, 0x0928, 0x0065, 0x0129, 0x09AB, 0x0024, 0x0001, 0x0043, 0x0064,
  0x0084, 0x0064, 0x0000, 0x0020, 0x0001, 0x0001, 0x0001, 0x0021, 0x0001, 0x0000, 0x0000, 0x0000,
  0x0000, 0x0000, 0x0000, 0x0000, 0x0000, 0x0000, 0x0000, 0x0000, 0x0021, 0x0062, 0x0883, 0x0000,
  0x0000, 0x0000, 0x0000, 0x0000, 0x0000, 0x0000, 0x0000, 0x0000, 0x0000, 0x0000, 0x0000, 0x0000,
  0x0000, 0x0000, 0x0000, 0x0000, 0x0000, 0x0000, 0x0000, 0x0022, 0x0000, 0x0000, 0x0000, 0x0000,
  0x0000, 0x0000, 0x0884, 0x08A5, 0x0001, 0x0001, 0x0022, 0x0022, 0x0042, 0x0001, 0x00A5, 0x08C5,
  0x0000, 0x0041, 0x0022, 0x0084, 0x0907, 0x0064, 0x0065, 0x016B, 0x012A, 0x0085, 0x32AF, 0x32B0,
  0x19EC, 0x09ED, 0x2B33, 0x11AB, 0x0023, 0x0064, 0x1927, 0x39CA, 0x00E5, 0x528A, 0x6B2D, 0x0002,
  0x31E9, 0x31C8, 0x528A, 0x62EC, 0x0000, 0x0042, 0x0022, 0x29A8, 0x10C4, 0x0001, 0x0063, 0x08A4,
  0x0002, 0x0000, 0x0041, 0x0042, 0x0000, 0x0001, 0x0001, 0x0001, 0x0001, 0x0001, 0x0001, 0x0001,
  0x0000, 0x0021, 0x0063, 0x0000, 0x0000, 0x0000, 0x0021, 0x0000, 0x0001, 0x0863, 0x0000, 0x0001,
  0x0000, 0x0000, 0x0000, 0x0000, 0x0000, 0x0000, 0x0000, 0x0000, 0x0000, 0x0000, 0x0000, 0x0000,
  0x0001, 0x0001, 0x0000, 0x0000, 0x0001, 0x0882, 0x0000, 0x0000, 0x0000, 0x0000, 0x0000, 0x0001,
  0x0001, 0x0001, 0x0001, 0x0021, 0x0042, 0x0862, 0x0021, 0x0000, 0x0062, 0x0022, 0x0000, 0x0864,
  0x0023, 0x0022, 0x0042, 0x0002, 0x0003, 0x00C6, 0x0043, 0x0001, 0x0001, 0x0000, 0x0000, 0x0021,
  0x0063, 0x00A5, 0x08A6, 0x08A5, 0x0043, 0x0001, 0x0000, 0x0906, 0x0085, 0x0000, 0x0000, 0x0001,
  0x0000, 0x0000, 0x18E4, 0x0022, 0x0022, 0x0000, 0x0862, 0x0021, 0x0021, 0x0001, 0x0042, 0x2126,
  0x0021, 0x0062, 0x0062, 0x0042, 0x0042, 0x0041, 0x0041, 0x1906, 0x0023, 0x0021, 0x0021, 0x0001,
  0x0042, 0x1924, 0x2124, 0x10C3, 0x10C3, 0x10C3, 0x0882, 0x0861, 0x18C3, 0x18E3, 0x2125, 0x1904,
  0x0882, 0x0020, 0x0000, 0x0000, 0x0862, 0x20E4, 0x2924, 0x18E2, 0x0840, 0x0000, 0x0000, 0x0000,
  0x0861, 0x0020, 0x0000, 0x0000, 0x31C6, 0x0000, 0x10A2, 0x2965, 0x18C3, 0x9CD3, 0x39E8, 0x0000,
  0x0000, 0x0000, 0x0020, 0x0000, 0x0000, 0x0000, 0x0020, 0x2965, 0x632C, 0x73AE, 0x4229, 0x0000,
  0x0000, 0x0000, 0x0000, 0x4A49, 0x4228, 0x0000, 0x5ACB, 0xFFFF, 0xFFDF, 0x8C51, 0x3186, 0x0840,
  0x31C6, 0xBDF7, 0x1081, 0x0040, 0x0000, 0x1989, 0x222B, 0x21C9, 0x21EA, 0x21A9, 0x2A4C, 0x3D9F,
  0x041C, 0x02D6, 0x0254, 0x0A53, 0x0211, 0x09EE, 0x018C, 0x016C, 0x096C, 0x014B, 0x00E9, 0x014A,
  0x0A0F, 0x0A50, 0x012B, 0x01EE, 0x12F4, 0x0A92, 0x120E, 0x0066, 0x00C7, 0x00E8, 0x00E7, 0x00A6,
  0x00A6, 0x0085, 0x00C7, 0x00E8, 0x00A7, 0x0022, 0x0022, 0x0022, 0x0000, 0x19AA, 0x96FF, 0x0129,
  0x0086, 0x00C7, 0x0084, 0x0043, 0x00C6, 0x0044, 0x00C7, 0x0086, 0x0084, 0x0000, 0x0021, 0x0001,
  0x0001, 0x0001, 0x0001, 0x0001, 0x0000, 0x0000, 0x0000, 0x0000, 0x0000, 0x0000, 0x0000, 0x0000,
  0x0000, 0x0000, 0x0021, 0x0000, 0x0000, 0x0021, 0x08A3, 0x0000, 0x0000, 0x0000, 0x0000, 0x0000,
  0x0000, 0x0000, 0x0000, 0x0000, 0x0000, 0x0000, 0x0000, 0x0000, 0x0000, 0x0000, 0x0000, 0x0000,
  0x0000, 0x0000, 0x0000, 0x0000, 0x0000, 0x0000, 0x0000, 0x0000, 0x0000, 0x0000, 0x0000, 0x0043,
  0x08C5, 0x0002, 0x0000, 0x0021, 0x0022, 0x0001, 0x0083, 0x08A5, 0x0001, 0x0041, 0x0042, 0x0062,
  0x00C6, 0x0085, 0x0043, 0x00C7, 0x0065, 0x0044, 0x11AA, 0x4B53, 0x19CC, 0x0086, 0x1A2D, 0x222E,
  0x19AB, 0x21AB, 0x6B70, 0x3A4C, 0x00E6, 0x0085, 0x4229, 0x1967, 0x08A7, 0x29C9, 0x20E4, 0x0023,
  0x0002, 0x0042, 0x08A5, 0x1906, 0x0001, 0x0021, 0x0043, 0x08A5, 0x0022, 0x0001, 0x0000, 0x0042,
  0x0000, 0x0000, 0x0001, 0x0001, 0x0001, 0x0021, 0x0001, 0x0000, 0x0001, 0x0000, 0x0022, 0x0022,
  0x08A5, 0x0063, 0x0000, 0x0022, 0x0064, 0x0001, 0x0000, 0x0000, 0x0000, 0x0000, 0x0000, 0x0000,
  0x0000, 0x0000, 0x0000, 0x0000, 0x0000, 0x0000, 0x0000, 0x0000, 0x0001, 0x0001, 0x0000, 0x0000,
  0x0001, 0x0062, 0x0000, 0x0000, 0x0000, 0x0000, 0x0000, 0x0000, 0x0001, 0x0001, 0x0022, 0x0042,
  0x0022, 0x0001, 0x0001, 0x0000, 0x0021, 0x0022, 0x0023, 0x0063, 0x0000, 0x0000, 0x0000, 0x0042,
  0x00C5, 0x00A6, 0x11AA, 0x0065, 0x0001, 0x0000, 0x0000, 0x0000, 0x0000, 0x0001, 0x0022, 0x0043,
  0x0064, 0x0084, 0x0063, 0x0085, 0x00A5, 0x0000, 0x1062, 0x10A3, 0x0000, 0x08C4, 0x0063, 0x10A3,
  0x1083, 0x0001, 0x0022, 0x0041, 0x0041, 0x0042, 0x0021, 0x0041, 0x2126, 0x0062, 0x0062, 0x0883,
  0x0021, 0x0042, 0x0021, 0x0063, 0x08A4, 0x0021, 0x0022, 0x0042, 0x0001, 0x0041, 0x1905, 0x10C4,
  0x10C4, 0x10E3, 0x10A3, 0x1062, 0x10A2, 0x10C3, 0x10C4, 0x18E5, 0x18E4, 0x18C3, 0x1083, 0x0821,
  0x0000, 0x0841, 0x1082, 0x18E2, 0x2144, 0x2124, 0x18C3, 0x0841, 0x0000, 0x0841, 0x1082, 0x0000,
  0x0000, 0x0000, 0x0000, 0x0000, 0x0020, 0x39E7, 0x7BCF, 0x8430, 0x5AEB, 0x18E3, 0x0000, 0x0000,
  0x0000, 0x0000, 0x0000, 0x0000, 0x0840, 0x2945, 0x5ACB, 0x632C, 0x528A, 0x39C7, 0x5ACB, 0x73AE,
  0x18C2, 0x0020, 0x4228, 0xD6BA, 0xE73C, 0x8C51, 0x0882, 0x10A2, 0xB595, 0x738D, 0x0000, 0x0000,
  0x0001, 0x2A4D, 0x21EA, 0x1988, 0x21EA, 0x21C9, 0x33D6, 0x145E, 0x0337, 0x1B57, 0x0A32, 0x016E,
  0x012B, 0x016B, 0x018B, 0x012A, 0x00E8, 0x00E8, 0x018C, 0x0231, 0x0251, 0x01CE, 0x1270, 0x0A70,
  0x0109, 0x0045, 0x0065, 0x0084, 0x00A5, 0x00C7, 0x00A6, 0x00A6, 0x00A5, 0x0085, 0x00A8, 0x00C7,
  0x0063, 0x0000, 0x0001, 0x0002, 0x0000, 0x0084, 0x09AB, 0x00C7, 0x1149, 0x00A5, 0x0021, 0x0043,
  0x0107, 0x0109, 0x014C, 0x00A5, 0x0001, 0x0020, 0x0001, 0x0001, 0x0001, 0x0001, 0x0001, 0x0000,
  0x0001, 0x0000, 0x0000, 0x0000, 0x0000, 0x0000, 0x0000, 0x0000, 0x0000, 0x0000, 0x0000, 0x0000,
  0x0000, 0x0000, 0x0000, 0x0042, 0x0000, 0x0000, 0x0000, 0x0000, 0x0000, 0x0000, 0x0000, 0x0000,
  0x0000, 0x0000, 0x0000, 0x0000, 0x0000, 0x0000, 0x0000, 0x0000, 0x0000, 0x0000, 0x0000, 0x0000,
  0x0000, 0x0000, 0x0000, 0x0000, 0x0001, 0x0001, 0x0000, 0x0000, 0x0002, 0x1148, 0x0884, 0x0000,
  0x0022, 0x0001, 0x0063, 0x1106, 0x0001, 0x0041, 0x0042, 0x0063, 0x0023, 0x08A5, 0x00A6, 0x0064,
  0x0044, 0x0023, 0x0086, 0x2AB0, 0x2A6E, 0x3A4D, 0x1148, 0x00C6, 0x198B, 0x8CB4, 0x94B3, 0x3A4B,
  0x424A, 0x39C9, 0x83D0, 0x736F, 0x2148, 0x2967, 0x5A8A, 0x31A8, 0x0002, 0x0084, 0x0064, 0x0864,
  0x0001, 0x0001, 0x0084, 0x0085, 0x0064, 0x0002, 0x0043, 0x08C5, 0x0022, 0x0000, 0x0001, 0x0001,
  0x0000, 0x0001, 0x0883, 0x0022, 0x0001, 0x0000, 0x0000, 0x0022, 0x08E7, 0x0085, 0x0022, 0x0085,
  0x0023, 0x0001, 0x0001, 0x0000, 0x0000, 0x0000, 0x0000, 0x0000, 0x0000, 0x0000, 0x0000, 0x0000,
  0x0000, 0x0000, 0x0000, 0x0000, 0x0000, 0x0000, 0x0000, 0x0000, 0x0000, 0x0000, 0x0000, 0x0021,
  0x0000, 0x0000, 0x0000, 0x0001, 0x0002, 0x0821, 0x0021, 0x0000, 0x0001, 0x0001, 0x0000, 0x0000,
  0x0000, 0x0063, 0x0085, 0x0022, 0x0021, 0x0020, 0x0021, 0x0001, 0x0022, 0x0001, 0x0041, 0x0063,
  0x1128, 0x0002, 0x0000, 0x0000, 0x0021, 0x0022, 0x0021, 0x0001, 0x0001, 0x0000, 0x0042, 0x0066,
  0x00A6, 0x10E5, 0x9C92, 0x10E6, 0x0001, 0x1926, 0x0063, 0x1903, 0x0882, 0x0021, 0x0062, 0x0042,
  0x0042, 0x0041, 0x0041, 0x0021, 0x10C4, 0x10A3, 0x0001, 0x0042, 0x0042, 0x0021, 0x0042, 0x0041,
  0x0883, 0x0042, 0x0042, 0x0042, 0x0042, 0x0041, 0x18C3, 0x10A4, 0x0883, 0x08A3, 0x10C4, 0x10C4,
  0x10A2, 0x1082, 0x10C3, 0x10E4, 0x10E3, 0x0020, 0x0841, 0x10C3, 0x18C3, 0x10A2, 0x1082, 0x1041,
  0x0841, 0x1082, 0x2945, 0x39E7, 0x39C7, 0x0861, 0x0841, 0x0841, 0x0841, 0x0820, 0x0841, 0x0861,
  0x0861, 0x0000, 0x0000, 0x0000, 0x4208, 0x8C51, 0x8C51, 0x2945, 0x0000, 0x0841, 0x0861, 0x0841,
  0x0861, 0x0840, 0x0020, 0x0861, 0x31A6, 0x5ACB, 0x4A49, 0x18E3, 0x18E3, 0x18C2, 0x0000, 0x0861,
  0x4A48, 0x2124, 0x0041, 0x7BCF, 0xC618, 0x0861, 0x0000, 0x0000, 0x1947, 0x222B, 0x19AA, 0x1967,
  0x2A09, 0x228E, 0x1C5C, 0x139B, 0x1317, 0x0A71, 0x016C, 0x092B, 0x014B, 0x014B, 0x014B, 0x014A,
  0x00C8, 0x12B1, 0x2C59, 0x018F, 0x012B, 0x016D, 0x09EE, 0x00A7, 0x0086, 0x00A5, 0x0064, 0x0064,
  0x0084, 0x0085, 0x00A6, 0x00A5, 0x00A5, 0x00A6, 0x00A7, 0x0085, 0x0000, 0x0020, 0x0022, 0x0023,
  0x0022, 0x00E6, 0x0044, 0x0043, 0x0021, 0x0001, 0x0043, 0x0064, 0x012B, 0x557F, 0x12B2, 0x0001,
  0x0000, 0x0020, 0x0021, 0x0021, 0x0021, 0x0001, 0x0000, 0x0000, 0x0862, 0x0001, 0x0001, 0x0001,
  0x0000, 0x0000, 0x0000, 0x0000, 0x0000, 0x0000, 0x0000, 0x0000, 0x0000, 0x0000, 0x0821, 0x08A3,
  0x0000, 0x0000, 0x0000, 0x0000, 0x0000, 0x0000, 0x0000, 0x0000, 0x0000, 0x0000, 0x0000, 0x0000,
  0x0000, 0x0000, 0x0000, 0x0000, 0x0000, 0x0000, 0x0000, 0x0000, 0x0000, 0x0000, 0x0000, 0x0000,
};
